date,promoter,strain,media,condition,mutregion,bincount,position,WT_bp,MI,mutation_rate,expshift,expshift_3bpavg,seq_files,expshift_yerr_lower,expshift_yerr_upper
20150513,marR,MG1655deltamarR,LB,na,mut2,4,-117,T,4.70553821755e-05,0.156519775617,0.0063709598818,-0.00191884378229,"['../../../data/sortseq_raw/20150513_marR/seq/20150513_mar_MG1655deltaR_mut2.qcfilt.bin3.fastq', '../../../data/sortseq_raw/20150513_marR/seq/20150513_mar_MG1655deltaR_mut2.qcfilt.bin1.fastq', '../../../data/sortseq_raw/20150513_marR/seq/20150513_mar_MG1655deltaR_mut2.qcfilt.bin2.fastq', '../../../data/sortseq_raw/20150513_marR/seq/20150513_mar_MG1655deltaR_mut2.qcfilt.bin4.fastq']",0.00301876386869,0.00282327712767
20150513,marR,MG1655deltamarR,LB,na,mut2,4,-116,T,7.20445053299e-05,0.111742937304,-0.0151872284103,-0.0427332803203,"['../../../data/sortseq_raw/20150513_marR/seq/20150513_mar_MG1655deltaR_mut2.qcfilt.bin3.fastq', '../../../data/sortseq_raw/20150513_marR/seq/20150513_mar_MG1655deltaR_mut2.qcfilt.bin1.fastq', '../../../data/sortseq_raw/20150513_marR/seq/20150513_mar_MG1655deltaR_mut2.qcfilt.bin2.fastq', '../../../data/sortseq_raw/20150513_marR/seq/20150513_mar_MG1655deltaR_mut2.qcfilt.bin4.fastq']",0.00355692830494,0.00400094966166
20150513,marR,MG1655deltamarR,LB,na,mut2,4,-115,G,0.000372158278298,0.10085856776,-0.0764449313703,-0.0227776931049,"['../../../data/sortseq_raw/20150513_marR/seq/20150513_mar_MG1655deltaR_mut2.qcfilt.bin3.fastq', '../../../data/sortseq_raw/20150513_marR/seq/20150513_mar_MG1655deltaR_mut2.qcfilt.bin1.fastq', '../../../data/sortseq_raw/20150513_marR/seq/20150513_mar_MG1655deltaR_mut2.qcfilt.bin2.fastq', '../../../data/sortseq_raw/20150513_marR/seq/20150513_mar_MG1655deltaR_mut2.qcfilt.bin4.fastq']",0.00399684517948,0.00381607480943
20150513,marR,MG1655deltamarR,LB,na,mut2,4,-114,A,4.9812398704e-05,0.130379798293,0.0141802221571,0.00371180793093,"['../../../data/sortseq_raw/20150513_marR/seq/20150513_mar_MG1655deltaR_mut2.qcfilt.bin3.fastq', '../../../data/sortseq_raw/20150513_marR/seq/20150513_mar_MG1655deltaR_mut2.qcfilt.bin1.fastq', '../../../data/sortseq_raw/20150513_marR/seq/20150513_mar_MG1655deltaR_mut2.qcfilt.bin2.fastq', '../../../data/sortseq_raw/20150513_marR/seq/20150513_mar_MG1655deltaR_mut2.qcfilt.bin4.fastq']",0.00354965195503,0.00366524113865
20150513,marR,MG1655deltamarR,LB,na,mut2,4,-113,A,4.01237645781e-05,0.126332064481,-0.00769944860814,-0.0205827783435,"['../../../data/sortseq_raw/20150513_marR/seq/20150513_mar_MG1655deltaR_mut2.qcfilt.bin3.fastq', '../../../data/sortseq_raw/20150513_marR/seq/20150513_mar_MG1655deltaR_mut2.qcfilt.bin1.fastq', '../../../data/sortseq_raw/20150513_marR/seq/20150513_mar_MG1655deltaR_mut2.qcfilt.bin2.fastq', '../../../data/sortseq_raw/20150513_marR/seq/20150513_mar_MG1655deltaR_mut2.qcfilt.bin4.fastq']",0.00338290812158,0.0034267370816
20150513,marR,MG1655deltamarR,LB,na,mut2,4,-112,C,0.00010187275808,0.0787574423952,-0.0454636726294,-0.0462878085759,"['../../../data/sortseq_raw/20150513_marR/seq/20150513_mar_MG1655deltaR_mut2.qcfilt.bin3.fastq', '../../../data/sortseq_raw/20150513_marR/seq/20150513_mar_MG1655deltaR_mut2.qcfilt.bin1.fastq', '../../../data/sortseq_raw/20150513_marR/seq/20150513_mar_MG1655deltaR_mut2.qcfilt.bin2.fastq', '../../../data/sortseq_raw/20150513_marR/seq/20150513_mar_MG1655deltaR_mut2.qcfilt.bin4.fastq']",0.0045255190155,0.00445803941204
20150513,marR,MG1655deltamarR,LB,na,mut2,4,-111,A,0.000374161004288,0.127640088176,-0.0486735902912,-0.0416513461421,"['../../../data/sortseq_raw/20150513_marR/seq/20150513_mar_MG1655deltaR_mut2.qcfilt.bin3.fastq', '../../../data/sortseq_raw/20150513_marR/seq/20150513_mar_MG1655deltaR_mut2.qcfilt.bin1.fastq', '../../../data/sortseq_raw/20150513_marR/seq/20150513_mar_MG1655deltaR_mut2.qcfilt.bin2.fastq', '../../../data/sortseq_raw/20150513_marR/seq/20150513_mar_MG1655deltaR_mut2.qcfilt.bin4.fastq']",0.0033932315869,0.00334774432763
20150513,marR,MG1655deltamarR,LB,na,mut2,4,-110,A,0.000282737919865,0.131898253589,-0.0366499998634,-0.039403595643,"['../../../data/sortseq_raw/20150513_marR/seq/20150513_mar_MG1655deltaR_mut2.qcfilt.bin3.fastq', '../../../data/sortseq_raw/20150513_marR/seq/20150513_mar_MG1655deltaR_mut2.qcfilt.bin1.fastq', '../../../data/sortseq_raw/20150513_marR/seq/20150513_mar_MG1655deltaR_mut2.qcfilt.bin2.fastq', '../../../data/sortseq_raw/20150513_marR/seq/20150513_mar_MG1655deltaR_mut2.qcfilt.bin4.fastq']",0.00348707333585,0.00315399596797
20150513,marR,MG1655deltamarR,LB,na,mut2,4,-109,A,0.000339178317266,0.120549978017,-0.0454444845072,-0.033053503709,"['../../../data/sortseq_raw/20150513_marR/seq/20150513_mar_MG1655deltaR_mut2.qcfilt.bin3.fastq', '../../../data/sortseq_raw/20150513_marR/seq/20150513_mar_MG1655deltaR_mut2.qcfilt.bin1.fastq', '../../../data/sortseq_raw/20150513_marR/seq/20150513_mar_MG1655deltaR_mut2.qcfilt.bin2.fastq', '../../../data/sortseq_raw/20150513_marR/seq/20150513_mar_MG1655deltaR_mut2.qcfilt.bin4.fastq']",0.00350995677307,0.00417908006148
20150513,marR,MG1655deltamarR,LB,na,mut2,4,-108,A,0.000105548352647,0.12086186771,-0.0236353445834,-0.00791670538175,"['../../../data/sortseq_raw/20150513_marR/seq/20150513_mar_MG1655deltaR_mut2.qcfilt.bin3.fastq', '../../../data/sortseq_raw/20150513_marR/seq/20150513_mar_MG1655deltaR_mut2.qcfilt.bin1.fastq', '../../../data/sortseq_raw/20150513_marR/seq/20150513_mar_MG1655deltaR_mut2.qcfilt.bin2.fastq', '../../../data/sortseq_raw/20150513_marR/seq/20150513_mar_MG1655deltaR_mut2.qcfilt.bin4.fastq']",0.00328304231758,0.00354972036404
20150513,marR,MG1655deltamarR,LB,na,mut2,4,-107,C,7.04736779531e-05,0.0858834215768,0.011403749674,-0.000653204950604,"['../../../data/sortseq_raw/20150513_marR/seq/20150513_mar_MG1655deltaR_mut2.qcfilt.bin3.fastq', '../../../data/sortseq_raw/20150513_marR/seq/20150513_mar_MG1655deltaR_mut2.qcfilt.bin1.fastq', '../../../data/sortseq_raw/20150513_marR/seq/20150513_mar_MG1655deltaR_mut2.qcfilt.bin2.fastq', '../../../data/sortseq_raw/20150513_marR/seq/20150513_mar_MG1655deltaR_mut2.qcfilt.bin4.fastq']",0.0046409056227,0.00456383483942
20150513,marR,MG1655deltamarR,LB,na,mut2,4,-106,T,6.26319326701e-05,0.10151684973,-0.0124877834502,-0.0199011115063,"['../../../data/sortseq_raw/20150513_marR/seq/20150513_mar_MG1655deltaR_mut2.qcfilt.bin3.fastq', '../../../data/sortseq_raw/20150513_marR/seq/20150513_mar_MG1655deltaR_mut2.qcfilt.bin1.fastq', '../../../data/sortseq_raw/20150513_marR/seq/20150513_mar_MG1655deltaR_mut2.qcfilt.bin2.fastq', '../../../data/sortseq_raw/20150513_marR/seq/20150513_mar_MG1655deltaR_mut2.qcfilt.bin4.fastq']",0.00392985500344,0.00367768184423
20150513,marR,MG1655deltamarR,LB,na,mut2,4,-105,T,7.47078775559e-05,0.101236388133,-0.0291237715108,-0.0159692636699,"['../../../data/sortseq_raw/20150513_marR/seq/20150513_mar_MG1655deltaR_mut2.qcfilt.bin3.fastq', '../../../data/sortseq_raw/20150513_marR/seq/20150513_mar_MG1655deltaR_mut2.qcfilt.bin1.fastq', '../../../data/sortseq_raw/20150513_marR/seq/20150513_mar_MG1655deltaR_mut2.qcfilt.bin2.fastq', '../../../data/sortseq_raw/20150513_marR/seq/20150513_mar_MG1655deltaR_mut2.qcfilt.bin4.fastq']",0.00383599036135,0.0038820631734
20150513,marR,MG1655deltamarR,LB,na,mut2,4,-104,G,8.20626138893e-05,0.0968596841408,-0.005381379702,0.0100230131034,"['../../../data/sortseq_raw/20150513_marR/seq/20150513_mar_MG1655deltaR_mut2.qcfilt.bin3.fastq', '../../../data/sortseq_raw/20150513_marR/seq/20150513_mar_MG1655deltaR_mut2.qcfilt.bin1.fastq', '../../../data/sortseq_raw/20150513_marR/seq/20150513_mar_MG1655deltaR_mut2.qcfilt.bin2.fastq', '../../../data/sortseq_raw/20150513_marR/seq/20150513_mar_MG1655deltaR_mut2.qcfilt.bin4.fastq']",0.0038762442738,0.00355887821854
20150513,marR,MG1655deltamarR,LB,na,mut2,4,-103,A,3.16433458604e-05,0.126328306774,0.0186718579723,0.0185042746206,"['../../../data/sortseq_raw/20150513_marR/seq/20150513_mar_MG1655deltaR_mut2.qcfilt.bin3.fastq', '../../../data/sortseq_raw/20150513_marR/seq/20150513_mar_MG1655deltaR_mut2.qcfilt.bin1.fastq', '../../../data/sortseq_raw/20150513_marR/seq/20150513_mar_MG1655deltaR_mut2.qcfilt.bin2.fastq', '../../../data/sortseq_raw/20150513_marR/seq/20150513_mar_MG1655deltaR_mut2.qcfilt.bin4.fastq']",0.00372419499165,0.00342071429478
20150513,marR,MG1655deltamarR,LB,na,mut2,4,-102,A,5.15702813454e-05,0.111211392548,0.0189347393719,-0.0290875394136,"['../../../data/sortseq_raw/20150513_marR/seq/20150513_mar_MG1655deltaR_mut2.qcfilt.bin3.fastq', '../../../data/sortseq_raw/20150513_marR/seq/20150513_mar_MG1655deltaR_mut2.qcfilt.bin1.fastq', '../../../data/sortseq_raw/20150513_marR/seq/20150513_mar_MG1655deltaR_mut2.qcfilt.bin2.fastq', '../../../data/sortseq_raw/20150513_marR/seq/20150513_mar_MG1655deltaR_mut2.qcfilt.bin4.fastq']",0.00364185955971,0.00357022726412
20150513,marR,MG1655deltamarR,LB,na,mut2,4,-101,C,0.000582665055861,0.0826647746042,-0.0954796565938,-0.0141119948465,"['../../../data/sortseq_raw/20150513_marR/seq/20150513_mar_MG1655deltaR_mut2.qcfilt.bin3.fastq', '../../../data/sortseq_raw/20150513_marR/seq/20150513_mar_MG1655deltaR_mut2.qcfilt.bin1.fastq', '../../../data/sortseq_raw/20150513_marR/seq/20150513_mar_MG1655deltaR_mut2.qcfilt.bin2.fastq', '../../../data/sortseq_raw/20150513_marR/seq/20150513_mar_MG1655deltaR_mut2.qcfilt.bin4.fastq']",0.00483663312342,0.00455029678745
20150513,marR,MG1655deltamarR,LB,na,mut2,4,-100,C,0.000283206757371,0.0841111502444,0.0636852478718,0.0317113878942,"['../../../data/sortseq_raw/20150513_marR/seq/20150513_mar_MG1655deltaR_mut2.qcfilt.bin3.fastq', '../../../data/sortseq_raw/20150513_marR/seq/20150513_mar_MG1655deltaR_mut2.qcfilt.bin1.fastq', '../../../data/sortseq_raw/20150513_marR/seq/20150513_mar_MG1655deltaR_mut2.qcfilt.bin2.fastq', '../../../data/sortseq_raw/20150513_marR/seq/20150513_mar_MG1655deltaR_mut2.qcfilt.bin4.fastq']",0.00422820977206,0.00459401497386
20150513,marR,MG1655deltamarR,LB,na,mut2,4,-99,G,7.14476506322e-05,0.106325690043,0.00790212040556,-0.00352455385072,"['../../../data/sortseq_raw/20150513_marR/seq/20150513_mar_MG1655deltaR_mut2.qcfilt.bin3.fastq', '../../../data/sortseq_raw/20150513_marR/seq/20150513_mar_MG1655deltaR_mut2.qcfilt.bin1.fastq', '../../../data/sortseq_raw/20150513_marR/seq/20150513_mar_MG1655deltaR_mut2.qcfilt.bin2.fastq', '../../../data/sortseq_raw/20150513_marR/seq/20150513_mar_MG1655deltaR_mut2.qcfilt.bin4.fastq']",0.00367946774381,0.00398908697582
20150513,marR,MG1655deltamarR,LB,na,mut2,4,-98,A,0.000111387211436,0.118058618182,-0.0135647262503,-0.0188754824593,"['../../../data/sortseq_raw/20150513_marR/seq/20150513_mar_MG1655deltaR_mut2.qcfilt.bin3.fastq', '../../../data/sortseq_raw/20150513_marR/seq/20150513_mar_MG1655deltaR_mut2.qcfilt.bin1.fastq', '../../../data/sortseq_raw/20150513_marR/seq/20150513_mar_MG1655deltaR_mut2.qcfilt.bin2.fastq', '../../../data/sortseq_raw/20150513_marR/seq/20150513_mar_MG1655deltaR_mut2.qcfilt.bin4.fastq']",0.00386505376401,0.00332824513536
20150513,marR,MG1655deltamarR,LB,na,mut2,4,-97,T,0.000162989532964,0.0964289142583,-0.0373009285517,-0.101285005428,"['../../../data/sortseq_raw/20150513_marR/seq/20150513_mar_MG1655deltaR_mut2.qcfilt.bin3.fastq', '../../../data/sortseq_raw/20150513_marR/seq/20150513_mar_MG1655deltaR_mut2.qcfilt.bin1.fastq', '../../../data/sortseq_raw/20150513_marR/seq/20150513_mar_MG1655deltaR_mut2.qcfilt.bin2.fastq', '../../../data/sortseq_raw/20150513_marR/seq/20150513_mar_MG1655deltaR_mut2.qcfilt.bin4.fastq']",0.00388279036712,0.0039073217193
20150513,marR,MG1655deltamarR,LB,na,mut2,4,-96,T,0.00294720050338,0.0952322553383,-0.174117616962,-0.190946275096,"['../../../data/sortseq_raw/20150513_marR/seq/20150513_mar_MG1655deltaR_mut2.qcfilt.bin3.fastq', '../../../data/sortseq_raw/20150513_marR/seq/20150513_mar_MG1655deltaR_mut2.qcfilt.bin1.fastq', '../../../data/sortseq_raw/20150513_marR/seq/20150513_mar_MG1655deltaR_mut2.qcfilt.bin2.fastq', '../../../data/sortseq_raw/20150513_marR/seq/20150513_mar_MG1655deltaR_mut2.qcfilt.bin4.fastq']",0.00395728635485,0.00399055618301
20150513,marR,MG1655deltamarR,LB,na,mut2,4,-95,T,0.00383569341707,0.0959513438415,-0.210524443505,-0.112661388842,"['../../../data/sortseq_raw/20150513_marR/seq/20150513_mar_MG1655deltaR_mut2.qcfilt.bin3.fastq', '../../../data/sortseq_raw/20150513_marR/seq/20150513_mar_MG1655deltaR_mut2.qcfilt.bin1.fastq', '../../../data/sortseq_raw/20150513_marR/seq/20150513_mar_MG1655deltaR_mut2.qcfilt.bin2.fastq', '../../../data/sortseq_raw/20150513_marR/seq/20150513_mar_MG1655deltaR_mut2.qcfilt.bin4.fastq']",0.00410561722808,0.00393555925354
20150513,marR,MG1655deltamarR,LB,na,mut2,4,-94,A,0.000407995842183,0.128822399487,-0.0463149467981,-0.0290223039128,"['../../../data/sortseq_raw/20150513_marR/seq/20150513_mar_MG1655deltaR_mut2.qcfilt.bin3.fastq', '../../../data/sortseq_raw/20150513_marR/seq/20150513_mar_MG1655deltaR_mut2.qcfilt.bin1.fastq', '../../../data/sortseq_raw/20150513_marR/seq/20150513_mar_MG1655deltaR_mut2.qcfilt.bin2.fastq', '../../../data/sortseq_raw/20150513_marR/seq/20150513_mar_MG1655deltaR_mut2.qcfilt.bin4.fastq']",0.0034929823417,0.0030006464967
20150513,marR,MG1655deltamarR,LB,na,mut2,4,-93,G,0.000152599686221,0.0984970196258,-0.0181394548067,-0.105428011814,"['../../../data/sortseq_raw/20150513_marR/seq/20150513_mar_MG1655deltaR_mut2.qcfilt.bin3.fastq', '../../../data/sortseq_raw/20150513_marR/seq/20150513_mar_MG1655deltaR_mut2.qcfilt.bin1.fastq', '../../../data/sortseq_raw/20150513_marR/seq/20150513_mar_MG1655deltaR_mut2.qcfilt.bin2.fastq', '../../../data/sortseq_raw/20150513_marR/seq/20150513_mar_MG1655deltaR_mut2.qcfilt.bin4.fastq']",0.00408278027045,0.004032419617
20150513,marR,MG1655deltamarR,LB,na,mut2,4,-92,C,0.00301894543804,0.0762127914401,-0.234344797886,-0.156188829873,"['../../../data/sortseq_raw/20150513_marR/seq/20150513_mar_MG1655deltaR_mut2.qcfilt.bin3.fastq', '../../../data/sortseq_raw/20150513_marR/seq/20150513_mar_MG1655deltaR_mut2.qcfilt.bin1.fastq', '../../../data/sortseq_raw/20150513_marR/seq/20150513_mar_MG1655deltaR_mut2.qcfilt.bin2.fastq', '../../../data/sortseq_raw/20150513_marR/seq/20150513_mar_MG1655deltaR_mut2.qcfilt.bin4.fastq']",0.00443148459827,0.0044522246113
20150513,marR,MG1655deltamarR,LB,na,mut2,4,-91,A,0.00166402453522,0.122564109046,-0.118698900315,-0.133008269686,"['../../../data/sortseq_raw/20150513_marR/seq/20150513_mar_MG1655deltaR_mut2.qcfilt.bin3.fastq', '../../../data/sortseq_raw/20150513_marR/seq/20150513_mar_MG1655deltaR_mut2.qcfilt.bin1.fastq', '../../../data/sortseq_raw/20150513_marR/seq/20150513_mar_MG1655deltaR_mut2.qcfilt.bin2.fastq', '../../../data/sortseq_raw/20150513_marR/seq/20150513_mar_MG1655deltaR_mut2.qcfilt.bin4.fastq']",0.00353903881181,0.00333759069069
20150513,marR,MG1655deltamarR,LB,na,mut2,4,-90,A,0.00341013239094,0.133335405766,-0.158042834157,-0.174448665184,"['../../../data/sortseq_raw/20150513_marR/seq/20150513_mar_MG1655deltaR_mut2.qcfilt.bin3.fastq', '../../../data/sortseq_raw/20150513_marR/seq/20150513_mar_MG1655deltaR_mut2.qcfilt.bin1.fastq', '../../../data/sortseq_raw/20150513_marR/seq/20150513_mar_MG1655deltaR_mut2.qcfilt.bin2.fastq', '../../../data/sortseq_raw/20150513_marR/seq/20150513_mar_MG1655deltaR_mut2.qcfilt.bin4.fastq']",0.00313748579681,0.00321261193796
20150513,marR,MG1655deltamarR,LB,na,mut2,4,-89,A,0.00511046829161,0.11871894981,-0.204868897814,-0.171709817077,"['../../../data/sortseq_raw/20150513_marR/seq/20150513_mar_MG1655deltaR_mut2.qcfilt.bin3.fastq', '../../../data/sortseq_raw/20150513_marR/seq/20150513_mar_MG1655deltaR_mut2.qcfilt.bin1.fastq', '../../../data/sortseq_raw/20150513_marR/seq/20150513_mar_MG1655deltaR_mut2.qcfilt.bin2.fastq', '../../../data/sortseq_raw/20150513_marR/seq/20150513_mar_MG1655deltaR_mut2.qcfilt.bin4.fastq']",0.00358223075766,0.00344020393702
20150513,marR,MG1655deltamarR,LB,na,mut2,4,-88,A,0.00297351642357,0.11002498192,-0.138413363351,-0.0826976591139,"['../../../data/sortseq_raw/20150513_marR/seq/20150513_mar_MG1655deltaR_mut2.qcfilt.bin3.fastq', '../../../data/sortseq_raw/20150513_marR/seq/20150513_mar_MG1655deltaR_mut2.qcfilt.bin1.fastq', '../../../data/sortseq_raw/20150513_marR/seq/20150513_mar_MG1655deltaR_mut2.qcfilt.bin2.fastq', '../../../data/sortseq_raw/20150513_marR/seq/20150513_mar_MG1655deltaR_mut2.qcfilt.bin4.fastq']",0.00378262094526,0.00381013822803
20150513,marR,MG1655deltamarR,LB,na,mut2,4,-87,C,0.00019710433153,0.0706267889675,-0.00540779311698,-0.0846873383504,"['../../../data/sortseq_raw/20150513_marR/seq/20150513_mar_MG1655deltaR_mut2.qcfilt.bin3.fastq', '../../../data/sortseq_raw/20150513_marR/seq/20150513_mar_MG1655deltaR_mut2.qcfilt.bin1.fastq', '../../../data/sortseq_raw/20150513_marR/seq/20150513_mar_MG1655deltaR_mut2.qcfilt.bin2.fastq', '../../../data/sortseq_raw/20150513_marR/seq/20150513_mar_MG1655deltaR_mut2.qcfilt.bin4.fastq']",0.00492637485465,0.00537208750199
20150513,marR,MG1655deltamarR,LB,na,mut2,4,-86,G,0.00179683703228,0.0917717486695,-0.150901484655,-0.137370882257,"['../../../data/sortseq_raw/20150513_marR/seq/20150513_mar_MG1655deltaR_mut2.qcfilt.bin3.fastq', '../../../data/sortseq_raw/20150513_marR/seq/20150513_mar_MG1655deltaR_mut2.qcfilt.bin1.fastq', '../../../data/sortseq_raw/20150513_marR/seq/20150513_mar_MG1655deltaR_mut2.qcfilt.bin2.fastq', '../../../data/sortseq_raw/20150513_marR/seq/20150513_mar_MG1655deltaR_mut2.qcfilt.bin4.fastq']",0.00383402529095,0.00392690582568
20150513,marR,MG1655deltamarR,LB,na,mut2,4,-85,T,0.00122301139851,0.0828769142529,-0.132589939392,-0.172843914727,"['../../../data/sortseq_raw/20150513_marR/seq/20150513_mar_MG1655deltaR_mut2.qcfilt.bin3.fastq', '../../../data/sortseq_raw/20150513_marR/seq/20150513_mar_MG1655deltaR_mut2.qcfilt.bin1.fastq', '../../../data/sortseq_raw/20150513_marR/seq/20150513_mar_MG1655deltaR_mut2.qcfilt.bin2.fastq', '../../../data/sortseq_raw/20150513_marR/seq/20150513_mar_MG1655deltaR_mut2.qcfilt.bin4.fastq']",0.00431779354001,0.00387325736866
20150513,marR,MG1655deltamarR,LB,na,mut2,4,-84,G,0.00372853245089,0.0968115171674,-0.214152687344,-0.0691320047579,"['../../../data/sortseq_raw/20150513_marR/seq/20150513_mar_MG1655deltaR_mut2.qcfilt.bin3.fastq', '../../../data/sortseq_raw/20150513_marR/seq/20150513_mar_MG1655deltaR_mut2.qcfilt.bin1.fastq', '../../../data/sortseq_raw/20150513_marR/seq/20150513_mar_MG1655deltaR_mut2.qcfilt.bin2.fastq', '../../../data/sortseq_raw/20150513_marR/seq/20150513_mar_MG1655deltaR_mut2.qcfilt.bin4.fastq']",0.00401803496883,0.00385247828971
20150513,marR,MG1655deltamarR,LB,na,mut2,4,-83,G,0.00113952992864,0.099471290605,0.0542101177022,-0.0474937715186,"['../../../data/sortseq_raw/20150513_marR/seq/20150513_mar_MG1655deltaR_mut2.qcfilt.bin3.fastq', '../../../data/sortseq_raw/20150513_marR/seq/20150513_mar_MG1655deltaR_mut2.qcfilt.bin1.fastq', '../../../data/sortseq_raw/20150513_marR/seq/20150513_mar_MG1655deltaR_mut2.qcfilt.bin2.fastq', '../../../data/sortseq_raw/20150513_marR/seq/20150513_mar_MG1655deltaR_mut2.qcfilt.bin4.fastq']",0.00397703335219,0.00399375247058
20150513,marR,MG1655deltamarR,LB,na,mut2,4,-82,C,0.0021974119117,0.0799219899997,-0.17636055104,-0.128161503361,"['../../../data/sortseq_raw/20150513_marR/seq/20150513_mar_MG1655deltaR_mut2.qcfilt.bin3.fastq', '../../../data/sortseq_raw/20150513_marR/seq/20150513_mar_MG1655deltaR_mut2.qcfilt.bin1.fastq', '../../../data/sortseq_raw/20150513_marR/seq/20150513_mar_MG1655deltaR_mut2.qcfilt.bin2.fastq', '../../../data/sortseq_raw/20150513_marR/seq/20150513_mar_MG1655deltaR_mut2.qcfilt.bin4.fastq']",0.00443528523979,0.00453438680718
20150513,marR,MG1655deltamarR,LB,na,mut2,4,-81,A,0.000822054223014,0.10235857613,-0.0974985468011,-0.094320768256,"['../../../data/sortseq_raw/20150513_marR/seq/20150513_mar_MG1655deltaR_mut2.qcfilt.bin3.fastq', '../../../data/sortseq_raw/20150513_marR/seq/20150513_mar_MG1655deltaR_mut2.qcfilt.bin1.fastq', '../../../data/sortseq_raw/20150513_marR/seq/20150513_mar_MG1655deltaR_mut2.qcfilt.bin2.fastq', '../../../data/sortseq_raw/20150513_marR/seq/20150513_mar_MG1655deltaR_mut2.qcfilt.bin4.fastq']",0.00391420313525,0.00378188343148
20150513,marR,MG1655deltamarR,LB,na,mut2,4,-80,T,0.000892593011131,0.0803223566153,-0.104261715175,-0.0457410612945,"['../../../data/sortseq_raw/20150513_marR/seq/20150513_mar_MG1655deltaR_mut2.qcfilt.bin3.fastq', '../../../data/sortseq_raw/20150513_marR/seq/20150513_mar_MG1655deltaR_mut2.qcfilt.bin1.fastq', '../../../data/sortseq_raw/20150513_marR/seq/20150513_mar_MG1655deltaR_mut2.qcfilt.bin2.fastq', '../../../data/sortseq_raw/20150513_marR/seq/20150513_mar_MG1655deltaR_mut2.qcfilt.bin4.fastq']",0.00487811790038,0.00425102250068
20150513,marR,MG1655deltamarR,LB,na,mut2,4,-79,C,1.68490555225e-05,0.0798113084439,0.00834111246373,0.0107620078056,"['../../../data/sortseq_raw/20150513_marR/seq/20150513_mar_MG1655deltaR_mut2.qcfilt.bin3.fastq', '../../../data/sortseq_raw/20150513_marR/seq/20150513_mar_MG1655deltaR_mut2.qcfilt.bin1.fastq', '../../../data/sortseq_raw/20150513_marR/seq/20150513_mar_MG1655deltaR_mut2.qcfilt.bin2.fastq', '../../../data/sortseq_raw/20150513_marR/seq/20150513_mar_MG1655deltaR_mut2.qcfilt.bin4.fastq']",0.00506354206787,0.00526616482969
20150513,marR,MG1655deltamarR,LB,na,mut2,4,-78,G,6.03055688402e-05,0.0940540433441,0.0145481890947,0.00813559100294,"['../../../data/sortseq_raw/20150513_marR/seq/20150513_mar_MG1655deltaR_mut2.qcfilt.bin3.fastq', '../../../data/sortseq_raw/20150513_marR/seq/20150513_mar_MG1655deltaR_mut2.qcfilt.bin1.fastq', '../../../data/sortseq_raw/20150513_marR/seq/20150513_mar_MG1655deltaR_mut2.qcfilt.bin2.fastq', '../../../data/sortseq_raw/20150513_marR/seq/20150513_mar_MG1655deltaR_mut2.qcfilt.bin4.fastq']",0.00419574263698,0.00426567235652
20150513,marR,MG1655deltamarR,LB,na,mut2,4,-77,G,2.08816958047e-05,0.0910475360202,0.00442190965729,0.00699732293839,"['../../../data/sortseq_raw/20150513_marR/seq/20150513_mar_MG1655deltaR_mut2.qcfilt.bin3.fastq', '../../../data/sortseq_raw/20150513_marR/seq/20150513_mar_MG1655deltaR_mut2.qcfilt.bin1.fastq', '../../../data/sortseq_raw/20150513_marR/seq/20150513_mar_MG1655deltaR_mut2.qcfilt.bin2.fastq', '../../../data/sortseq_raw/20150513_marR/seq/20150513_mar_MG1655deltaR_mut2.qcfilt.bin4.fastq']",0.00402593768147,0.00437333672277
20150513,marR,MG1655deltamarR,LB,na,mut2,4,-76,T,1.14182119065e-05,0.093762308626,0.00650176900014,0.00367378798334,"['../../../data/sortseq_raw/20150513_marR/seq/20150513_mar_MG1655deltaR_mut2.qcfilt.bin3.fastq', '../../../data/sortseq_raw/20150513_marR/seq/20150513_mar_MG1655deltaR_mut2.qcfilt.bin1.fastq', '../../../data/sortseq_raw/20150513_marR/seq/20150513_mar_MG1655deltaR_mut2.qcfilt.bin2.fastq', '../../../data/sortseq_raw/20150513_marR/seq/20150513_mar_MG1655deltaR_mut2.qcfilt.bin4.fastq']",0.00422539234406,0.003955011182
20150513,marR,MG1655deltamarR,LB,na,mut2,4,-75,C,6.71620405515e-05,0.0797450361543,-0.00333338987214,0.0133595760656,"['../../../data/sortseq_raw/20150513_marR/seq/20150513_mar_MG1655deltaR_mut2.qcfilt.bin3.fastq', '../../../data/sortseq_raw/20150513_marR/seq/20150513_mar_MG1655deltaR_mut2.qcfilt.bin1.fastq', '../../../data/sortseq_raw/20150513_marR/seq/20150513_mar_MG1655deltaR_mut2.qcfilt.bin2.fastq', '../../../data/sortseq_raw/20150513_marR/seq/20150513_mar_MG1655deltaR_mut2.qcfilt.bin4.fastq']",0.00439075902216,0.00436485239599
20150513,marR,MG1655deltamarR,LB,na,mut2,4,-74,A,6.16734566339e-05,0.128470199845,0.0263801693906,0.0225146944113,"['../../../data/sortseq_raw/20150513_marR/seq/20150513_mar_MG1655deltaR_mut2.qcfilt.bin3.fastq', '../../../data/sortseq_raw/20150513_marR/seq/20150513_mar_MG1655deltaR_mut2.qcfilt.bin1.fastq', '../../../data/sortseq_raw/20150513_marR/seq/20150513_mar_MG1655deltaR_mut2.qcfilt.bin2.fastq', '../../../data/sortseq_raw/20150513_marR/seq/20150513_mar_MG1655deltaR_mut2.qcfilt.bin4.fastq']",0.00344942000677,0.00336692266088
20150513,marR,MG1655deltamarR,LB,na,mut2,4,-73,A,0.000156813050129,0.126658643393,0.0186388598654,0.0190841543906,"['../../../data/sortseq_raw/20150513_marR/seq/20150513_mar_MG1655deltaR_mut2.qcfilt.bin3.fastq', '../../../data/sortseq_raw/20150513_marR/seq/20150513_mar_MG1655deltaR_mut2.qcfilt.bin1.fastq', '../../../data/sortseq_raw/20150513_marR/seq/20150513_mar_MG1655deltaR_mut2.qcfilt.bin2.fastq', '../../../data/sortseq_raw/20150513_marR/seq/20150513_mar_MG1655deltaR_mut2.qcfilt.bin4.fastq']",0.00357318288705,0.00364324149981
20150513,marR,MG1655deltamarR,LB,na,mut2,4,-72,T,0.000329631986701,0.097351260557,0.0228196531834,0.0218002576515,"['../../../data/sortseq_raw/20150513_marR/seq/20150513_mar_MG1655deltaR_mut2.qcfilt.bin3.fastq', '../../../data/sortseq_raw/20150513_marR/seq/20150513_mar_MG1655deltaR_mut2.qcfilt.bin1.fastq', '../../../data/sortseq_raw/20150513_marR/seq/20150513_mar_MG1655deltaR_mut2.qcfilt.bin2.fastq', '../../../data/sortseq_raw/20150513_marR/seq/20150513_mar_MG1655deltaR_mut2.qcfilt.bin4.fastq']",0.00415579718106,0.00402961829511
20150513,marR,MG1655deltamarR,LB,na,mut2,4,-71,T,0.000305500326233,0.105805418409,0.0215451943444,0.0838850142373,"['../../../data/sortseq_raw/20150513_marR/seq/20150513_mar_MG1655deltaR_mut2.qcfilt.bin3.fastq', '../../../data/sortseq_raw/20150513_marR/seq/20150513_mar_MG1655deltaR_mut2.qcfilt.bin1.fastq', '../../../data/sortseq_raw/20150513_marR/seq/20150513_mar_MG1655deltaR_mut2.qcfilt.bin2.fastq', '../../../data/sortseq_raw/20150513_marR/seq/20150513_mar_MG1655deltaR_mut2.qcfilt.bin4.fastq']",0.00399245049238,0.00381758231537
20150513,marR,MG1655deltamarR,LB,na,mut2,4,-70,C,0.00204688314856,0.0761321715414,0.180641910084,0.0635223274144,"['../../../data/sortseq_raw/20150513_marR/seq/20150513_mar_MG1655deltaR_mut2.qcfilt.bin3.fastq', '../../../data/sortseq_raw/20150513_marR/seq/20150513_mar_MG1655deltaR_mut2.qcfilt.bin1.fastq', '../../../data/sortseq_raw/20150513_marR/seq/20150513_mar_MG1655deltaR_mut2.qcfilt.bin2.fastq', '../../../data/sortseq_raw/20150513_marR/seq/20150513_mar_MG1655deltaR_mut2.qcfilt.bin4.fastq']",0.0046452684825,0.00500595317119
20150513,marR,MG1655deltamarR,LB,na,mut2,4,-69,A,0.00164942361984,0.119912192632,-0.0115326503121,-0.048186828707,"['../../../data/sortseq_raw/20150513_marR/seq/20150513_mar_MG1655deltaR_mut2.qcfilt.bin3.fastq', '../../../data/sortseq_raw/20150513_marR/seq/20150513_mar_MG1655deltaR_mut2.qcfilt.bin1.fastq', '../../../data/sortseq_raw/20150513_marR/seq/20150513_mar_MG1655deltaR_mut2.qcfilt.bin2.fastq', '../../../data/sortseq_raw/20150513_marR/seq/20150513_mar_MG1655deltaR_mut2.qcfilt.bin4.fastq']",0.00365497651353,0.00361099959346
20150513,marR,MG1655deltamarR,LB,na,mut2,4,-68,T,0.00131499917276,0.0924440366383,-0.104276287643,-0.0916586572441,"['../../../data/sortseq_raw/20150513_marR/seq/20150513_mar_MG1655deltaR_mut2.qcfilt.bin3.fastq', '../../../data/sortseq_raw/20150513_marR/seq/20150513_mar_MG1655deltaR_mut2.qcfilt.bin1.fastq', '../../../data/sortseq_raw/20150513_marR/seq/20150513_mar_MG1655deltaR_mut2.qcfilt.bin2.fastq', '../../../data/sortseq_raw/20150513_marR/seq/20150513_mar_MG1655deltaR_mut2.qcfilt.bin4.fastq']",0.00394077552769,0.00397803886146
20150513,marR,MG1655deltamarR,LB,na,mut2,4,-67,T,0.00049403833803,0.0989725403842,-0.074697937328,-0.0652812906993,"['../../../data/sortseq_raw/20150513_marR/seq/20150513_mar_MG1655deltaR_mut2.qcfilt.bin3.fastq', '../../../data/sortseq_raw/20150513_marR/seq/20150513_mar_MG1655deltaR_mut2.qcfilt.bin1.fastq', '../../../data/sortseq_raw/20150513_marR/seq/20150513_mar_MG1655deltaR_mut2.qcfilt.bin2.fastq', '../../../data/sortseq_raw/20150513_marR/seq/20150513_mar_MG1655deltaR_mut2.qcfilt.bin4.fastq']",0.00393978278711,0.00409096931348
20150513,marR,MG1655deltamarR,LB,na,mut2,4,-66,C,0.000371659394547,0.0759108084297,-0.0598677535585,-0.12014597915,"['../../../data/sortseq_raw/20150513_marR/seq/20150513_mar_MG1655deltaR_mut2.qcfilt.bin3.fastq', '../../../data/sortseq_raw/20150513_marR/seq/20150513_mar_MG1655deltaR_mut2.qcfilt.bin1.fastq', '../../../data/sortseq_raw/20150513_marR/seq/20150513_mar_MG1655deltaR_mut2.qcfilt.bin2.fastq', '../../../data/sortseq_raw/20150513_marR/seq/20150513_mar_MG1655deltaR_mut2.qcfilt.bin4.fastq']",0.00447370790786,0.00486258097351
20150513,marR,MG1655deltamarR,LB,na,mut2,4,-65,A,0.00336352198614,0.118050761158,-0.169912988006,-0.0166381371244,"['../../../data/sortseq_raw/20150513_marR/seq/20150513_mar_MG1655deltaR_mut2.qcfilt.bin3.fastq', '../../../data/sortseq_raw/20150513_marR/seq/20150513_mar_MG1655deltaR_mut2.qcfilt.bin1.fastq', '../../../data/sortseq_raw/20150513_marR/seq/20150513_mar_MG1655deltaR_mut2.qcfilt.bin2.fastq', '../../../data/sortseq_raw/20150513_marR/seq/20150513_mar_MG1655deltaR_mut2.qcfilt.bin4.fastq']",0.00371195149419,0.00344623158833
20150513,marR,MG1655deltamarR,LB,na,mut2,4,-64,T,0.00427577191116,0.0870240564995,0.222814942344,-0.190714153109,"['../../../data/sortseq_raw/20150513_marR/seq/20150513_mar_MG1655deltaR_mut2.qcfilt.bin3.fastq', '../../../data/sortseq_raw/20150513_marR/seq/20150513_mar_MG1655deltaR_mut2.qcfilt.bin1.fastq', '../../../data/sortseq_raw/20150513_marR/seq/20150513_mar_MG1655deltaR_mut2.qcfilt.bin2.fastq', '../../../data/sortseq_raw/20150513_marR/seq/20150513_mar_MG1655deltaR_mut2.qcfilt.bin4.fastq']",0.0042197388273,0.0042686839997
20150513,marR,MG1655deltamarR,LB,na,mut2,4,-63,T,0.0246007792056,0.0773349794368,-0.700693686272,-0.651096584428,"['../../../data/sortseq_raw/20150513_marR/seq/20150513_mar_MG1655deltaR_mut2.qcfilt.bin3.fastq', '../../../data/sortseq_raw/20150513_marR/seq/20150513_mar_MG1655deltaR_mut2.qcfilt.bin1.fastq', '../../../data/sortseq_raw/20150513_marR/seq/20150513_mar_MG1655deltaR_mut2.qcfilt.bin2.fastq', '../../../data/sortseq_raw/20150513_marR/seq/20150513_mar_MG1655deltaR_mut2.qcfilt.bin4.fastq']",0.00415841178855,0.00389562780475
20150513,marR,MG1655deltamarR,LB,na,mut2,4,-62,T,0.0203191101793,0.0821984773087,-0.608829020691,-0.637989098353,"['../../../data/sortseq_raw/20150513_marR/seq/20150513_mar_MG1655deltaR_mut2.qcfilt.bin3.fastq', '../../../data/sortseq_raw/20150513_marR/seq/20150513_mar_MG1655deltaR_mut2.qcfilt.bin1.fastq', '../../../data/sortseq_raw/20150513_marR/seq/20150513_mar_MG1655deltaR_mut2.qcfilt.bin2.fastq', '../../../data/sortseq_raw/20150513_marR/seq/20150513_mar_MG1655deltaR_mut2.qcfilt.bin4.fastq']",0.00371950683608,0.00385679881109
20150513,marR,MG1655deltamarR,LB,na,mut2,4,-61,G,0.021317955534,0.073289295283,-0.67615912765,-0.641708916231,"['../../../data/sortseq_raw/20150513_marR/seq/20150513_mar_MG1655deltaR_mut2.qcfilt.bin3.fastq', '../../../data/sortseq_raw/20150513_marR/seq/20150513_mar_MG1655deltaR_mut2.qcfilt.bin1.fastq', '../../../data/sortseq_raw/20150513_marR/seq/20150513_mar_MG1655deltaR_mut2.qcfilt.bin2.fastq', '../../../data/sortseq_raw/20150513_marR/seq/20150513_mar_MG1655deltaR_mut2.qcfilt.bin4.fastq']",0.00418310556842,0.00424376521522
20150513,marR,MG1655deltamarR,LB,na,mut2,4,-60,A,0.0333583945427,0.12204588707,-0.625071804164,-0.618365280339,"['../../../data/sortseq_raw/20150513_marR/seq/20150513_mar_MG1655deltaR_mut2.qcfilt.bin3.fastq', '../../../data/sortseq_raw/20150513_marR/seq/20150513_mar_MG1655deltaR_mut2.qcfilt.bin1.fastq', '../../../data/sortseq_raw/20150513_marR/seq/20150513_mar_MG1655deltaR_mut2.qcfilt.bin2.fastq', '../../../data/sortseq_raw/20150513_marR/seq/20150513_mar_MG1655deltaR_mut2.qcfilt.bin4.fastq']",0.00307007897775,0.00311726928405
20150513,marR,MG1655deltamarR,LB,na,mut2,4,-59,C,0.0139920765519,0.0599750556568,-0.599877560302,-0.404592457873,"['../../../data/sortseq_raw/20150513_marR/seq/20150513_mar_MG1655deltaR_mut2.qcfilt.bin3.fastq', '../../../data/sortseq_raw/20150513_marR/seq/20150513_mar_MG1655deltaR_mut2.qcfilt.bin1.fastq', '../../../data/sortseq_raw/20150513_marR/seq/20150513_mar_MG1655deltaR_mut2.qcfilt.bin2.fastq', '../../../data/sortseq_raw/20150513_marR/seq/20150513_mar_MG1655deltaR_mut2.qcfilt.bin4.fastq']",0.00456773534602,0.00497799573057
20150513,marR,MG1655deltamarR,LB,na,mut2,4,-58,T,0.0094963714931,0.0994552349472,-0.30005793036,-0.30536822743,"['../../../data/sortseq_raw/20150513_marR/seq/20150513_mar_MG1655deltaR_mut2.qcfilt.bin3.fastq', '../../../data/sortseq_raw/20150513_marR/seq/20150513_mar_MG1655deltaR_mut2.qcfilt.bin1.fastq', '../../../data/sortseq_raw/20150513_marR/seq/20150513_mar_MG1655deltaR_mut2.qcfilt.bin2.fastq', '../../../data/sortseq_raw/20150513_marR/seq/20150513_mar_MG1655deltaR_mut2.qcfilt.bin4.fastq']",0.00337209348674,0.00361149784478
20150513,marR,MG1655deltamarR,LB,na,mut2,4,-57,T,0.00667233454924,0.0886815469592,-0.323087334907,-0.0506664996711,"['../../../data/sortseq_raw/20150513_marR/seq/20150513_mar_MG1655deltaR_mut2.qcfilt.bin3.fastq', '../../../data/sortseq_raw/20150513_marR/seq/20150513_mar_MG1655deltaR_mut2.qcfilt.bin1.fastq', '../../../data/sortseq_raw/20150513_marR/seq/20150513_mar_MG1655deltaR_mut2.qcfilt.bin2.fastq', '../../../data/sortseq_raw/20150513_marR/seq/20150513_mar_MG1655deltaR_mut2.qcfilt.bin4.fastq']",0.00436801601043,0.00383356241874
20150513,marR,MG1655deltamarR,LB,na,mut2,4,-56,A,0.00220198039223,0.156895204722,0.0802906492293,0.0379787143788,"['../../../data/sortseq_raw/20150513_marR/seq/20150513_mar_MG1655deltaR_mut2.qcfilt.bin3.fastq', '../../../data/sortseq_raw/20150513_marR/seq/20150513_mar_MG1655deltaR_mut2.qcfilt.bin1.fastq', '../../../data/sortseq_raw/20150513_marR/seq/20150513_mar_MG1655deltaR_mut2.qcfilt.bin2.fastq', '../../../data/sortseq_raw/20150513_marR/seq/20150513_mar_MG1655deltaR_mut2.qcfilt.bin4.fastq']",0.00306932584931,0.00330022356865
20150513,marR,MG1655deltamarR,LB,na,mut2,4,-55,T,0.000109813018524,0.106567891349,-0.0266558153193,0.0593015168509,"['../../../data/sortseq_raw/20150513_marR/seq/20150513_mar_MG1655deltaR_mut2.qcfilt.bin3.fastq', '../../../data/sortseq_raw/20150513_marR/seq/20150513_mar_MG1655deltaR_mut2.qcfilt.bin1.fastq', '../../../data/sortseq_raw/20150513_marR/seq/20150513_mar_MG1655deltaR_mut2.qcfilt.bin2.fastq', '../../../data/sortseq_raw/20150513_marR/seq/20150513_mar_MG1655deltaR_mut2.qcfilt.bin4.fastq']",0.00375821468784,0.00386263693523
20150513,marR,MG1655deltamarR,LB,na,mut2,4,-54,A,0.00125986148037,0.151516559361,0.111394727208,0.0478510756983,"['../../../data/sortseq_raw/20150513_marR/seq/20150513_mar_MG1655deltaR_mut2.qcfilt.bin3.fastq', '../../../data/sortseq_raw/20150513_marR/seq/20150513_mar_MG1655deltaR_mut2.qcfilt.bin1.fastq', '../../../data/sortseq_raw/20150513_marR/seq/20150513_mar_MG1655deltaR_mut2.qcfilt.bin2.fastq', '../../../data/sortseq_raw/20150513_marR/seq/20150513_mar_MG1655deltaR_mut2.qcfilt.bin4.fastq']",0.00328931803374,0.00329399284371
20150513,marR,MG1655deltamarR,LB,na,mut2,4,-53,C,0.000806293588022,0.0513743472265,-0.14699898897,0.0188825873197,"['../../../data/sortseq_raw/20150513_marR/seq/20150513_mar_MG1655deltaR_mut2.qcfilt.bin3.fastq', '../../../data/sortseq_raw/20150513_marR/seq/20150513_mar_MG1655deltaR_mut2.qcfilt.bin1.fastq', '../../../data/sortseq_raw/20150513_marR/seq/20150513_mar_MG1655deltaR_mut2.qcfilt.bin2.fastq', '../../../data/sortseq_raw/20150513_marR/seq/20150513_mar_MG1655deltaR_mut2.qcfilt.bin4.fastq']",0.0057040366163,0.00583215439349
20150513,marR,MG1655deltamarR,LB,na,mut2,4,-52,T,0.000931848305394,0.11860075284,0.0925571242973,0.10176037299,"['../../../data/sortseq_raw/20150513_marR/seq/20150513_mar_MG1655deltaR_mut2.qcfilt.bin3.fastq', '../../../data/sortseq_raw/20150513_marR/seq/20150513_mar_MG1655deltaR_mut2.qcfilt.bin1.fastq', '../../../data/sortseq_raw/20150513_marR/seq/20150513_mar_MG1655deltaR_mut2.qcfilt.bin2.fastq', '../../../data/sortseq_raw/20150513_marR/seq/20150513_mar_MG1655deltaR_mut2.qcfilt.bin4.fastq']",0.00353528596776,0.00386515400217
20150513,marR,MG1655deltamarR,LB,na,mut2,4,-51,T,0.00125159776073,0.111863867152,0.112918566351,0.0496660270767,"['../../../data/sortseq_raw/20150513_marR/seq/20150513_mar_MG1655deltaR_mut2.qcfilt.bin3.fastq', '../../../data/sortseq_raw/20150513_marR/seq/20150513_mar_MG1655deltaR_mut2.qcfilt.bin1.fastq', '../../../data/sortseq_raw/20150513_marR/seq/20150513_mar_MG1655deltaR_mut2.qcfilt.bin2.fastq', '../../../data/sortseq_raw/20150513_marR/seq/20150513_mar_MG1655deltaR_mut2.qcfilt.bin4.fastq']",0.00388120830042,0.00354929127284
20150513,marR,MG1655deltamarR,LB,na,mut2,4,-50,G,0.000398840055454,0.0653427695053,-0.0616818502233,-0.0146661065157,"['../../../data/sortseq_raw/20150513_marR/seq/20150513_mar_MG1655deltaR_mut2.qcfilt.bin3.fastq', '../../../data/sortseq_raw/20150513_marR/seq/20150513_mar_MG1655deltaR_mut2.qcfilt.bin1.fastq', '../../../data/sortseq_raw/20150513_marR/seq/20150513_mar_MG1655deltaR_mut2.qcfilt.bin2.fastq', '../../../data/sortseq_raw/20150513_marR/seq/20150513_mar_MG1655deltaR_mut2.qcfilt.bin4.fastq']",0.00473489687474,0.00556116325385
20150513,marR,MG1655deltamarR,LB,na,mut2,4,-49,C,6.89571989447e-05,0.0933448615234,0.0162794303741,-2.57266841958,"['../../../data/sortseq_raw/20150513_marR/seq/20150513_mar_MG1655deltaR_mut2.qcfilt.bin3.fastq', '../../../data/sortseq_raw/20150513_marR/seq/20150513_mar_MG1655deltaR_mut2.qcfilt.bin1.fastq', '../../../data/sortseq_raw/20150513_marR/seq/20150513_mar_MG1655deltaR_mut2.qcfilt.bin2.fastq', '../../../data/sortseq_raw/20150513_marR/seq/20150513_mar_MG1655deltaR_mut2.qcfilt.bin4.fastq']",0.00386304832785,0.00394506155466
20150513,marR,MG1655deltamarR,LB,na,mut2,4,-48,C,0.000495724057153,0.241786933222,-0.00954278997686,-2.57266841958,"['../../../data/sortseq_raw/20150513_marR/seq/20150513_mar_MG1655deltaR_mut2.qcfilt.bin3.fastq', '../../../data/sortseq_raw/20150513_marR/seq/20150513_mar_MG1655deltaR_mut2.qcfilt.bin1.fastq', '../../../data/sortseq_raw/20150513_marR/seq/20150513_mar_MG1655deltaR_mut2.qcfilt.bin2.fastq', '../../../data/sortseq_raw/20150513_marR/seq/20150513_mar_MG1655deltaR_mut2.qcfilt.bin4.fastq']",0.00235665614475,0.00255300924203
