date,promoter,strain,media,condition,mutregion,bincount,position,WT_bp,MI,mutation_rate,delta_bin,delta_bin_3bpavg,seq_files
20160920,dgoR,JK10,M9galactonate,na,mut3,4,0,T,5.05442329107e-06,0.000522678344066,-0.0527283795957,0.126699862004,"['../../data/sortseq_raw/20160920_NB_005_JK10strain/seq/20160921_JK10_pdgoR_500cAMP_EZrich_galactonate.mut3.bin4.unqual.fastq', '../../data/sortseq_raw/20160920_NB_005_JK10strain/seq/20160921_JK10_pdgoR_500cAMP_EZrich_galactonate.mut3.bin1.unqual.fastq', '../../data/sortseq_raw/20160920_NB_005_JK10strain/seq/20160921_JK10_pdgoR_500cAMP_EZrich_galactonate.mut3.bin2.unqual.fastq', '../../data/sortseq_raw/20160920_NB_005_JK10strain/seq/20160921_JK10_pdgoR_500cAMP_EZrich_galactonate.mut3.bin3.unqual.fastq']"
20160920,dgoR,JK10,M9galactonate,na,mut3,4,1,T,1.43807144596e-05,0.000507274205877,-0.0693641860061,0.130097599427,"['../../data/sortseq_raw/20160920_NB_005_JK10strain/seq/20160921_JK10_pdgoR_500cAMP_EZrich_galactonate.mut3.bin4.unqual.fastq', '../../data/sortseq_raw/20160920_NB_005_JK10strain/seq/20160921_JK10_pdgoR_500cAMP_EZrich_galactonate.mut3.bin1.unqual.fastq', '../../data/sortseq_raw/20160920_NB_005_JK10strain/seq/20160921_JK10_pdgoR_500cAMP_EZrich_galactonate.mut3.bin2.unqual.fastq', '../../data/sortseq_raw/20160920_NB_005_JK10strain/seq/20160921_JK10_pdgoR_500cAMP_EZrich_galactonate.mut3.bin3.unqual.fastq']"
20160920,dgoR,JK10,M9galactonate,na,mut3,4,2,T,2.50927308361e-05,0.000641396443556,0.123377513451,0.0702324469848,"['../../data/sortseq_raw/20160920_NB_005_JK10strain/seq/20160921_JK10_pdgoR_500cAMP_EZrich_galactonate.mut3.bin4.unqual.fastq', '../../data/sortseq_raw/20160920_NB_005_JK10strain/seq/20160921_JK10_pdgoR_500cAMP_EZrich_galactonate.mut3.bin1.unqual.fastq', '../../data/sortseq_raw/20160920_NB_005_JK10strain/seq/20160921_JK10_pdgoR_500cAMP_EZrich_galactonate.mut3.bin2.unqual.fastq', '../../data/sortseq_raw/20160920_NB_005_JK10strain/seq/20160921_JK10_pdgoR_500cAMP_EZrich_galactonate.mut3.bin3.unqual.fastq']"
20160920,dgoR,JK10,M9galactonate,na,mut3,4,3,T,1.77213228093e-05,0.000820403152855,-0.0719004614913,0.111282727066,"['../../data/sortseq_raw/20160920_NB_005_JK10strain/seq/20160921_JK10_pdgoR_500cAMP_EZrich_galactonate.mut3.bin4.unqual.fastq', '../../data/sortseq_raw/20160920_NB_005_JK10strain/seq/20160921_JK10_pdgoR_500cAMP_EZrich_galactonate.mut3.bin1.unqual.fastq', '../../data/sortseq_raw/20160920_NB_005_JK10strain/seq/20160921_JK10_pdgoR_500cAMP_EZrich_galactonate.mut3.bin2.unqual.fastq', '../../data/sortseq_raw/20160920_NB_005_JK10strain/seq/20160921_JK10_pdgoR_500cAMP_EZrich_galactonate.mut3.bin3.unqual.fastq']"
20160920,dgoR,JK10,M9galactonate,na,mut3,4,4,A,2.05552113966e-05,0.000936199777862,-0.031546058198,0.182353760904,"['../../data/sortseq_raw/20160920_NB_005_JK10strain/seq/20160921_JK10_pdgoR_500cAMP_EZrich_galactonate.mut3.bin4.unqual.fastq', '../../data/sortseq_raw/20160920_NB_005_JK10strain/seq/20160921_JK10_pdgoR_500cAMP_EZrich_galactonate.mut3.bin1.unqual.fastq', '../../data/sortseq_raw/20160920_NB_005_JK10strain/seq/20160921_JK10_pdgoR_500cAMP_EZrich_galactonate.mut3.bin2.unqual.fastq', '../../data/sortseq_raw/20160920_NB_005_JK10strain/seq/20160921_JK10_pdgoR_500cAMP_EZrich_galactonate.mut3.bin3.unqual.fastq']"
20160920,dgoR,JK10,M9galactonate,na,mut3,4,5,T,1.79603874086e-05,0.00126128021137,-0.0901207189329,0.133165571012,"['../../data/sortseq_raw/20160920_NB_005_JK10strain/seq/20160921_JK10_pdgoR_500cAMP_EZrich_galactonate.mut3.bin4.unqual.fastq', '../../data/sortseq_raw/20160920_NB_005_JK10strain/seq/20160921_JK10_pdgoR_500cAMP_EZrich_galactonate.mut3.bin1.unqual.fastq', '../../data/sortseq_raw/20160920_NB_005_JK10strain/seq/20160921_JK10_pdgoR_500cAMP_EZrich_galactonate.mut3.bin2.unqual.fastq', '../../data/sortseq_raw/20160920_NB_005_JK10strain/seq/20160921_JK10_pdgoR_500cAMP_EZrich_galactonate.mut3.bin3.unqual.fastq']"
20160920,dgoR,JK10,M9galactonate,na,mut3,4,6,G,5.34435695184e-06,0.00204104831003,-0.00287714897538,0.0849249057897,"['../../data/sortseq_raw/20160920_NB_005_JK10strain/seq/20160921_JK10_pdgoR_500cAMP_EZrich_galactonate.mut3.bin4.unqual.fastq', '../../data/sortseq_raw/20160920_NB_005_JK10strain/seq/20160921_JK10_pdgoR_500cAMP_EZrich_galactonate.mut3.bin1.unqual.fastq', '../../data/sortseq_raw/20160920_NB_005_JK10strain/seq/20160921_JK10_pdgoR_500cAMP_EZrich_galactonate.mut3.bin2.unqual.fastq', '../../data/sortseq_raw/20160920_NB_005_JK10strain/seq/20160921_JK10_pdgoR_500cAMP_EZrich_galactonate.mut3.bin3.unqual.fastq']"
20160920,dgoR,JK10,M9galactonate,na,mut3,4,7,C,2.2985595655e-05,0.00244819561768,0.0415218677994,0.10206249227,"['../../data/sortseq_raw/20160920_NB_005_JK10strain/seq/20160921_JK10_pdgoR_500cAMP_EZrich_galactonate.mut3.bin4.unqual.fastq', '../../data/sortseq_raw/20160920_NB_005_JK10strain/seq/20160921_JK10_pdgoR_500cAMP_EZrich_galactonate.mut3.bin1.unqual.fastq', '../../data/sortseq_raw/20160920_NB_005_JK10strain/seq/20160921_JK10_pdgoR_500cAMP_EZrich_galactonate.mut3.bin2.unqual.fastq', '../../data/sortseq_raw/20160920_NB_005_JK10strain/seq/20160921_JK10_pdgoR_500cAMP_EZrich_galactonate.mut3.bin3.unqual.fastq']"
20160920,dgoR,JK10,M9galactonate,na,mut3,4,8,A,1.56776634789e-05,0.00446401301172,-0.0178886981432,0.116365360086,"['../../data/sortseq_raw/20160920_NB_005_JK10strain/seq/20160921_JK10_pdgoR_500cAMP_EZrich_galactonate.mut3.bin4.unqual.fastq', '../../data/sortseq_raw/20160920_NB_005_JK10strain/seq/20160921_JK10_pdgoR_500cAMP_EZrich_galactonate.mut3.bin1.unqual.fastq', '../../data/sortseq_raw/20160920_NB_005_JK10strain/seq/20160921_JK10_pdgoR_500cAMP_EZrich_galactonate.mut3.bin2.unqual.fastq', '../../data/sortseq_raw/20160920_NB_005_JK10strain/seq/20160921_JK10_pdgoR_500cAMP_EZrich_galactonate.mut3.bin3.unqual.fastq']"
20160920,dgoR,JK10,M9galactonate,na,mut3,4,9,T,0.0010270396007,0.0755511892791,-0.0291931686445,0.114150579219,"['../../data/sortseq_raw/20160920_NB_005_JK10strain/seq/20160921_JK10_pdgoR_500cAMP_EZrich_galactonate.mut3.bin4.unqual.fastq', '../../data/sortseq_raw/20160920_NB_005_JK10strain/seq/20160921_JK10_pdgoR_500cAMP_EZrich_galactonate.mut3.bin1.unqual.fastq', '../../data/sortseq_raw/20160920_NB_005_JK10strain/seq/20160921_JK10_pdgoR_500cAMP_EZrich_galactonate.mut3.bin2.unqual.fastq', '../../data/sortseq_raw/20160920_NB_005_JK10strain/seq/20160921_JK10_pdgoR_500cAMP_EZrich_galactonate.mut3.bin3.unqual.fastq']"
20160920,dgoR,JK10,M9galactonate,na,mut3,4,10,T,0.00315722837573,0.068092133744,-0.19940164116,0.0592519741316,"['../../data/sortseq_raw/20160920_NB_005_JK10strain/seq/20160921_JK10_pdgoR_500cAMP_EZrich_galactonate.mut3.bin4.unqual.fastq', '../../data/sortseq_raw/20160920_NB_005_JK10strain/seq/20160921_JK10_pdgoR_500cAMP_EZrich_galactonate.mut3.bin1.unqual.fastq', '../../data/sortseq_raw/20160920_NB_005_JK10strain/seq/20160921_JK10_pdgoR_500cAMP_EZrich_galactonate.mut3.bin2.unqual.fastq', '../../data/sortseq_raw/20160920_NB_005_JK10strain/seq/20160921_JK10_pdgoR_500cAMP_EZrich_galactonate.mut3.bin3.unqual.fastq']"
20160920,dgoR,JK10,M9galactonate,na,mut3,4,11,G,0.00196796532536,0.0641287552235,0.185343914958,0.076654991633,"['../../data/sortseq_raw/20160920_NB_005_JK10strain/seq/20160921_JK10_pdgoR_500cAMP_EZrich_galactonate.mut3.bin4.unqual.fastq', '../../data/sortseq_raw/20160920_NB_005_JK10strain/seq/20160921_JK10_pdgoR_500cAMP_EZrich_galactonate.mut3.bin1.unqual.fastq', '../../data/sortseq_raw/20160920_NB_005_JK10strain/seq/20160921_JK10_pdgoR_500cAMP_EZrich_galactonate.mut3.bin2.unqual.fastq', '../../data/sortseq_raw/20160920_NB_005_JK10strain/seq/20160921_JK10_pdgoR_500cAMP_EZrich_galactonate.mut3.bin3.unqual.fastq']"
20160920,dgoR,JK10,M9galactonate,na,mut3,4,12,T,0.000871022040373,0.0648437197063,-0.0346581690351,0.105637500308,"['../../data/sortseq_raw/20160920_NB_005_JK10strain/seq/20160921_JK10_pdgoR_500cAMP_EZrich_galactonate.mut3.bin4.unqual.fastq', '../../data/sortseq_raw/20160920_NB_005_JK10strain/seq/20160921_JK10_pdgoR_500cAMP_EZrich_galactonate.mut3.bin1.unqual.fastq', '../../data/sortseq_raw/20160920_NB_005_JK10strain/seq/20160921_JK10_pdgoR_500cAMP_EZrich_galactonate.mut3.bin2.unqual.fastq', '../../data/sortseq_raw/20160920_NB_005_JK10strain/seq/20160921_JK10_pdgoR_500cAMP_EZrich_galactonate.mut3.bin3.unqual.fastq']"
20160920,dgoR,JK10,M9galactonate,na,mut3,4,13,T,0.000580123251828,0.0774716603696,-0.0200722571343,0.0146581172687,"['../../data/sortseq_raw/20160920_NB_005_JK10strain/seq/20160921_JK10_pdgoR_500cAMP_EZrich_galactonate.mut3.bin4.unqual.fastq', '../../data/sortseq_raw/20160920_NB_005_JK10strain/seq/20160921_JK10_pdgoR_500cAMP_EZrich_galactonate.mut3.bin1.unqual.fastq', '../../data/sortseq_raw/20160920_NB_005_JK10strain/seq/20160921_JK10_pdgoR_500cAMP_EZrich_galactonate.mut3.bin2.unqual.fastq', '../../data/sortseq_raw/20160920_NB_005_JK10strain/seq/20160921_JK10_pdgoR_500cAMP_EZrich_galactonate.mut3.bin3.unqual.fastq']"
20160920,dgoR,JK10,M9galactonate,na,mut3,4,14,C,0.00495440127584,0.0896595207401,0.245778250076,0.0590883947548,"['../../data/sortseq_raw/20160920_NB_005_JK10strain/seq/20160921_JK10_pdgoR_500cAMP_EZrich_galactonate.mut3.bin4.unqual.fastq', '../../data/sortseq_raw/20160920_NB_005_JK10strain/seq/20160921_JK10_pdgoR_500cAMP_EZrich_galactonate.mut3.bin1.unqual.fastq', '../../data/sortseq_raw/20160920_NB_005_JK10strain/seq/20160921_JK10_pdgoR_500cAMP_EZrich_galactonate.mut3.bin2.unqual.fastq', '../../data/sortseq_raw/20160920_NB_005_JK10strain/seq/20160921_JK10_pdgoR_500cAMP_EZrich_galactonate.mut3.bin3.unqual.fastq']"
20160920,dgoR,JK10,M9galactonate,na,mut3,4,15,T,0.00161409974452,0.0805304441544,-0.0409715670972,0.250190552076,"['../../data/sortseq_raw/20160920_NB_005_JK10strain/seq/20160921_JK10_pdgoR_500cAMP_EZrich_galactonate.mut3.bin4.unqual.fastq', '../../data/sortseq_raw/20160920_NB_005_JK10strain/seq/20160921_JK10_pdgoR_500cAMP_EZrich_galactonate.mut3.bin1.unqual.fastq', '../../data/sortseq_raw/20160920_NB_005_JK10strain/seq/20160921_JK10_pdgoR_500cAMP_EZrich_galactonate.mut3.bin2.unqual.fastq', '../../data/sortseq_raw/20160920_NB_005_JK10strain/seq/20160921_JK10_pdgoR_500cAMP_EZrich_galactonate.mut3.bin3.unqual.fastq']"
20160920,dgoR,JK10,M9galactonate,na,mut3,4,16,T,0.00544439261083,0.0739226000485,-0.198257247467,0.372233336536,"['../../data/sortseq_raw/20160920_NB_005_JK10strain/seq/20160921_JK10_pdgoR_500cAMP_EZrich_galactonate.mut3.bin4.unqual.fastq', '../../data/sortseq_raw/20160920_NB_005_JK10strain/seq/20160921_JK10_pdgoR_500cAMP_EZrich_galactonate.mut3.bin1.unqual.fastq', '../../data/sortseq_raw/20160920_NB_005_JK10strain/seq/20160921_JK10_pdgoR_500cAMP_EZrich_galactonate.mut3.bin2.unqual.fastq', '../../data/sortseq_raw/20160920_NB_005_JK10strain/seq/20160921_JK10_pdgoR_500cAMP_EZrich_galactonate.mut3.bin3.unqual.fastq']"
20160920,dgoR,JK10,M9galactonate,na,mut3,4,17,T,0.0108390066806,0.073679055312,-0.29528207905,0.352375946032,"['../../data/sortseq_raw/20160920_NB_005_JK10strain/seq/20160921_JK10_pdgoR_500cAMP_EZrich_galactonate.mut3.bin4.unqual.fastq', '../../data/sortseq_raw/20160920_NB_005_JK10strain/seq/20160921_JK10_pdgoR_500cAMP_EZrich_galactonate.mut3.bin1.unqual.fastq', '../../data/sortseq_raw/20160920_NB_005_JK10strain/seq/20160921_JK10_pdgoR_500cAMP_EZrich_galactonate.mut3.bin2.unqual.fastq', '../../data/sortseq_raw/20160920_NB_005_JK10strain/seq/20160921_JK10_pdgoR_500cAMP_EZrich_galactonate.mut3.bin3.unqual.fastq']"
20160920,dgoR,JK10,M9galactonate,na,mut3,4,18,T,0.00663797327137,0.0767078275863,-0.259291654875,0.2715871901,"['../../data/sortseq_raw/20160920_NB_005_JK10strain/seq/20160921_JK10_pdgoR_500cAMP_EZrich_galactonate.mut3.bin4.unqual.fastq', '../../data/sortseq_raw/20160920_NB_005_JK10strain/seq/20160921_JK10_pdgoR_500cAMP_EZrich_galactonate.mut3.bin1.unqual.fastq', '../../data/sortseq_raw/20160920_NB_005_JK10strain/seq/20160921_JK10_pdgoR_500cAMP_EZrich_galactonate.mut3.bin2.unqual.fastq', '../../data/sortseq_raw/20160920_NB_005_JK10strain/seq/20160921_JK10_pdgoR_500cAMP_EZrich_galactonate.mut3.bin3.unqual.fastq']"
20160920,dgoR,JK10,M9galactonate,na,mut3,4,19,T,0.0191335878801,0.0705833547132,-0.549403035867,0.233328315158,"['../../data/sortseq_raw/20160920_NB_005_JK10strain/seq/20160921_JK10_pdgoR_500cAMP_EZrich_galactonate.mut3.bin4.unqual.fastq', '../../data/sortseq_raw/20160920_NB_005_JK10strain/seq/20160921_JK10_pdgoR_500cAMP_EZrich_galactonate.mut3.bin1.unqual.fastq', '../../data/sortseq_raw/20160920_NB_005_JK10strain/seq/20160921_JK10_pdgoR_500cAMP_EZrich_galactonate.mut3.bin2.unqual.fastq', '../../data/sortseq_raw/20160920_NB_005_JK10strain/seq/20160921_JK10_pdgoR_500cAMP_EZrich_galactonate.mut3.bin3.unqual.fastq']"
20160920,dgoR,JK10,M9galactonate,na,mut3,4,20,G,0.024477121337,0.0800561029336,-0.584016832104,0.246172978193,"['../../data/sortseq_raw/20160920_NB_005_JK10strain/seq/20160921_JK10_pdgoR_500cAMP_EZrich_galactonate.mut3.bin4.unqual.fastq', '../../data/sortseq_raw/20160920_NB_005_JK10strain/seq/20160921_JK10_pdgoR_500cAMP_EZrich_galactonate.mut3.bin1.unqual.fastq', '../../data/sortseq_raw/20160920_NB_005_JK10strain/seq/20160921_JK10_pdgoR_500cAMP_EZrich_galactonate.mut3.bin2.unqual.fastq', '../../data/sortseq_raw/20160920_NB_005_JK10strain/seq/20160921_JK10_pdgoR_500cAMP_EZrich_galactonate.mut3.bin3.unqual.fastq']"
20160920,dgoR,JK10,M9galactonate,na,mut3,4,21,T,0.0183149656449,0.0751432452057,-0.534501137515,0.215524256923,"['../../data/sortseq_raw/20160920_NB_005_JK10strain/seq/20160921_JK10_pdgoR_500cAMP_EZrich_galactonate.mut3.bin4.unqual.fastq', '../../data/sortseq_raw/20160920_NB_005_JK10strain/seq/20160921_JK10_pdgoR_500cAMP_EZrich_galactonate.mut3.bin1.unqual.fastq', '../../data/sortseq_raw/20160920_NB_005_JK10strain/seq/20160921_JK10_pdgoR_500cAMP_EZrich_galactonate.mut3.bin2.unqual.fastq', '../../data/sortseq_raw/20160920_NB_005_JK10strain/seq/20160921_JK10_pdgoR_500cAMP_EZrich_galactonate.mut3.bin3.unqual.fastq']"
20160920,dgoR,JK10,M9galactonate,na,mut3,4,22,G,0.0252461674229,0.0715530186533,-0.664517774537,0.195671644172,"['../../data/sortseq_raw/20160920_NB_005_JK10strain/seq/20160921_JK10_pdgoR_500cAMP_EZrich_galactonate.mut3.bin4.unqual.fastq', '../../data/sortseq_raw/20160920_NB_005_JK10strain/seq/20160921_JK10_pdgoR_500cAMP_EZrich_galactonate.mut3.bin1.unqual.fastq', '../../data/sortseq_raw/20160920_NB_005_JK10strain/seq/20160921_JK10_pdgoR_500cAMP_EZrich_galactonate.mut3.bin2.unqual.fastq', '../../data/sortseq_raw/20160920_NB_005_JK10strain/seq/20160921_JK10_pdgoR_500cAMP_EZrich_galactonate.mut3.bin3.unqual.fastq']"
20160920,dgoR,JK10,M9galactonate,na,mut3,4,23,A,0.0275222698435,0.0869911521817,-0.60516002644,0.274852106136,"['../../data/sortseq_raw/20160920_NB_005_JK10strain/seq/20160921_JK10_pdgoR_500cAMP_EZrich_galactonate.mut3.bin4.unqual.fastq', '../../data/sortseq_raw/20160920_NB_005_JK10strain/seq/20160921_JK10_pdgoR_500cAMP_EZrich_galactonate.mut3.bin1.unqual.fastq', '../../data/sortseq_raw/20160920_NB_005_JK10strain/seq/20160921_JK10_pdgoR_500cAMP_EZrich_galactonate.mut3.bin2.unqual.fastq', '../../data/sortseq_raw/20160920_NB_005_JK10strain/seq/20160921_JK10_pdgoR_500cAMP_EZrich_galactonate.mut3.bin3.unqual.fastq']"
20160920,dgoR,JK10,M9galactonate,na,mut3,4,24,T,0.0143074433217,0.0786498113524,-0.423804184673,0.352891349493,"['../../data/sortseq_raw/20160920_NB_005_JK10strain/seq/20160921_JK10_pdgoR_500cAMP_EZrich_galactonate.mut3.bin4.unqual.fastq', '../../data/sortseq_raw/20160920_NB_005_JK10strain/seq/20160921_JK10_pdgoR_500cAMP_EZrich_galactonate.mut3.bin1.unqual.fastq', '../../data/sortseq_raw/20160920_NB_005_JK10strain/seq/20160921_JK10_pdgoR_500cAMP_EZrich_galactonate.mut3.bin2.unqual.fastq', '../../data/sortseq_raw/20160920_NB_005_JK10strain/seq/20160921_JK10_pdgoR_500cAMP_EZrich_galactonate.mut3.bin3.unqual.fastq']"
20160920,dgoR,JK10,M9galactonate,na,mut3,4,25,C,0.0125213797494,0.103877009111,-0.198104271006,0.277084970884,"['../../data/sortseq_raw/20160920_NB_005_JK10strain/seq/20160921_JK10_pdgoR_500cAMP_EZrich_galactonate.mut3.bin4.unqual.fastq', '../../data/sortseq_raw/20160920_NB_005_JK10strain/seq/20160921_JK10_pdgoR_500cAMP_EZrich_galactonate.mut3.bin1.unqual.fastq', '../../data/sortseq_raw/20160920_NB_005_JK10strain/seq/20160921_JK10_pdgoR_500cAMP_EZrich_galactonate.mut3.bin2.unqual.fastq', '../../data/sortseq_raw/20160920_NB_005_JK10strain/seq/20160921_JK10_pdgoR_500cAMP_EZrich_galactonate.mut3.bin3.unqual.fastq']"
20160920,dgoR,JK10,M9galactonate,na,mut3,4,26,T,0.00378283607816,0.0834875075095,-0.166033051683,0.100229001363,"['../../data/sortseq_raw/20160920_NB_005_JK10strain/seq/20160921_JK10_pdgoR_500cAMP_EZrich_galactonate.mut3.bin4.unqual.fastq', '../../data/sortseq_raw/20160920_NB_005_JK10strain/seq/20160921_JK10_pdgoR_500cAMP_EZrich_galactonate.mut3.bin1.unqual.fastq', '../../data/sortseq_raw/20160920_NB_005_JK10strain/seq/20160921_JK10_pdgoR_500cAMP_EZrich_galactonate.mut3.bin2.unqual.fastq', '../../data/sortseq_raw/20160920_NB_005_JK10strain/seq/20160921_JK10_pdgoR_500cAMP_EZrich_galactonate.mut3.bin3.unqual.fastq']"
20160920,dgoR,JK10,M9galactonate,na,mut3,4,27,A,0.000806515534261,0.0861736705034,-0.0850557662109,0.00711761698244,"['../../data/sortseq_raw/20160920_NB_005_JK10strain/seq/20160921_JK10_pdgoR_500cAMP_EZrich_galactonate.mut3.bin4.unqual.fastq', '../../data/sortseq_raw/20160920_NB_005_JK10strain/seq/20160921_JK10_pdgoR_500cAMP_EZrich_galactonate.mut3.bin1.unqual.fastq', '../../data/sortseq_raw/20160920_NB_005_JK10strain/seq/20160921_JK10_pdgoR_500cAMP_EZrich_galactonate.mut3.bin2.unqual.fastq', '../../data/sortseq_raw/20160920_NB_005_JK10strain/seq/20160921_JK10_pdgoR_500cAMP_EZrich_galactonate.mut3.bin3.unqual.fastq']"
20160920,dgoR,JK10,M9galactonate,na,mut3,4,28,A,0.00373862716528,0.086611891676,0.205602835912,0.0129004267234,"['../../data/sortseq_raw/20160920_NB_005_JK10strain/seq/20160921_JK10_pdgoR_500cAMP_EZrich_galactonate.mut3.bin4.unqual.fastq', '../../data/sortseq_raw/20160920_NB_005_JK10strain/seq/20160921_JK10_pdgoR_500cAMP_EZrich_galactonate.mut3.bin1.unqual.fastq', '../../data/sortseq_raw/20160920_NB_005_JK10strain/seq/20160921_JK10_pdgoR_500cAMP_EZrich_galactonate.mut3.bin2.unqual.fastq', '../../data/sortseq_raw/20160920_NB_005_JK10strain/seq/20160921_JK10_pdgoR_500cAMP_EZrich_galactonate.mut3.bin3.unqual.fastq']"
20160920,dgoR,JK10,M9galactonate,na,mut3,4,29,A,0.00396124584106,0.0935575644676,-0.0302540384591,0.170163969281,"['../../data/sortseq_raw/20160920_NB_005_JK10strain/seq/20160921_JK10_pdgoR_500cAMP_EZrich_galactonate.mut3.bin4.unqual.fastq', '../../data/sortseq_raw/20160920_NB_005_JK10strain/seq/20160921_JK10_pdgoR_500cAMP_EZrich_galactonate.mut3.bin1.unqual.fastq', '../../data/sortseq_raw/20160920_NB_005_JK10strain/seq/20160921_JK10_pdgoR_500cAMP_EZrich_galactonate.mut3.bin2.unqual.fastq', '../../data/sortseq_raw/20160920_NB_005_JK10strain/seq/20160921_JK10_pdgoR_500cAMP_EZrich_galactonate.mut3.bin3.unqual.fastq']"
20160920,dgoR,JK10,M9galactonate,na,mut3,4,30,T,0.00234476980534,0.0715652357285,-0.0268187747225,0.0690556021395,"['../../data/sortseq_raw/20160920_NB_005_JK10strain/seq/20160921_JK10_pdgoR_500cAMP_EZrich_galactonate.mut3.bin4.unqual.fastq', '../../data/sortseq_raw/20160920_NB_005_JK10strain/seq/20160921_JK10_pdgoR_500cAMP_EZrich_galactonate.mut3.bin1.unqual.fastq', '../../data/sortseq_raw/20160920_NB_005_JK10strain/seq/20160921_JK10_pdgoR_500cAMP_EZrich_galactonate.mut3.bin2.unqual.fastq', '../../data/sortseq_raw/20160920_NB_005_JK10strain/seq/20160921_JK10_pdgoR_500cAMP_EZrich_galactonate.mut3.bin3.unqual.fastq']"
20160920,dgoR,JK10,M9galactonate,na,mut3,4,31,T,0.00587439972853,0.0795174892742,0.110114476722,0.0381482790673,"['../../data/sortseq_raw/20160920_NB_005_JK10strain/seq/20160921_JK10_pdgoR_500cAMP_EZrich_galactonate.mut3.bin4.unqual.fastq', '../../data/sortseq_raw/20160920_NB_005_JK10strain/seq/20160921_JK10_pdgoR_500cAMP_EZrich_galactonate.mut3.bin1.unqual.fastq', '../../data/sortseq_raw/20160920_NB_005_JK10strain/seq/20160921_JK10_pdgoR_500cAMP_EZrich_galactonate.mut3.bin2.unqual.fastq', '../../data/sortseq_raw/20160920_NB_005_JK10strain/seq/20160921_JK10_pdgoR_500cAMP_EZrich_galactonate.mut3.bin3.unqual.fastq']"
20160920,dgoR,JK10,M9galactonate,na,mut3,4,32,G,0.00456399816064,0.0810525913213,-0.136009754559,0.100876999259,"['../../data/sortseq_raw/20160920_NB_005_JK10strain/seq/20160921_JK10_pdgoR_500cAMP_EZrich_galactonate.mut3.bin4.unqual.fastq', '../../data/sortseq_raw/20160920_NB_005_JK10strain/seq/20160921_JK10_pdgoR_500cAMP_EZrich_galactonate.mut3.bin1.unqual.fastq', '../../data/sortseq_raw/20160920_NB_005_JK10strain/seq/20160921_JK10_pdgoR_500cAMP_EZrich_galactonate.mut3.bin2.unqual.fastq', '../../data/sortseq_raw/20160920_NB_005_JK10strain/seq/20160921_JK10_pdgoR_500cAMP_EZrich_galactonate.mut3.bin3.unqual.fastq']"
20160920,dgoR,JK10,M9galactonate,na,mut3,4,33,T,0.00690525147658,0.0878389109593,-0.201581975301,0.0469767583717,"['../../data/sortseq_raw/20160920_NB_005_JK10strain/seq/20160921_JK10_pdgoR_500cAMP_EZrich_galactonate.mut3.bin4.unqual.fastq', '../../data/sortseq_raw/20160920_NB_005_JK10strain/seq/20160921_JK10_pdgoR_500cAMP_EZrich_galactonate.mut3.bin1.unqual.fastq', '../../data/sortseq_raw/20160920_NB_005_JK10strain/seq/20160921_JK10_pdgoR_500cAMP_EZrich_galactonate.mut3.bin2.unqual.fastq', '../../data/sortseq_raw/20160920_NB_005_JK10strain/seq/20160921_JK10_pdgoR_500cAMP_EZrich_galactonate.mut3.bin3.unqual.fastq']"
20160920,dgoR,JK10,M9galactonate,na,mut3,4,34,A,0.01203544343,0.0995274647816,0.0481067179277,0.129825451154,"['../../data/sortseq_raw/20160920_NB_005_JK10strain/seq/20160921_JK10_pdgoR_500cAMP_EZrich_galactonate.mut3.bin4.unqual.fastq', '../../data/sortseq_raw/20160920_NB_005_JK10strain/seq/20160921_JK10_pdgoR_500cAMP_EZrich_galactonate.mut3.bin1.unqual.fastq', '../../data/sortseq_raw/20160920_NB_005_JK10strain/seq/20160921_JK10_pdgoR_500cAMP_EZrich_galactonate.mut3.bin2.unqual.fastq', '../../data/sortseq_raw/20160920_NB_005_JK10strain/seq/20160921_JK10_pdgoR_500cAMP_EZrich_galactonate.mut3.bin3.unqual.fastq']"
20160920,dgoR,JK10,M9galactonate,na,mut3,4,35,G,0.00842068992522,0.073045095349,-0.365848928229,0.111861864067,"['../../data/sortseq_raw/20160920_NB_005_JK10strain/seq/20160921_JK10_pdgoR_500cAMP_EZrich_galactonate.mut3.bin4.unqual.fastq', '../../data/sortseq_raw/20160920_NB_005_JK10strain/seq/20160921_JK10_pdgoR_500cAMP_EZrich_galactonate.mut3.bin1.unqual.fastq', '../../data/sortseq_raw/20160920_NB_005_JK10strain/seq/20160921_JK10_pdgoR_500cAMP_EZrich_galactonate.mut3.bin2.unqual.fastq', '../../data/sortseq_raw/20160920_NB_005_JK10strain/seq/20160921_JK10_pdgoR_500cAMP_EZrich_galactonate.mut3.bin3.unqual.fastq']"
20160920,dgoR,JK10,M9galactonate,na,mut3,4,36,T,0.00606776324649,0.0965063945765,-0.190243542615,0.0539516752954,"['../../data/sortseq_raw/20160920_NB_005_JK10strain/seq/20160921_JK10_pdgoR_500cAMP_EZrich_galactonate.mut3.bin4.unqual.fastq', '../../data/sortseq_raw/20160920_NB_005_JK10strain/seq/20160921_JK10_pdgoR_500cAMP_EZrich_galactonate.mut3.bin1.unqual.fastq', '../../data/sortseq_raw/20160920_NB_005_JK10strain/seq/20160921_JK10_pdgoR_500cAMP_EZrich_galactonate.mut3.bin2.unqual.fastq', '../../data/sortseq_raw/20160920_NB_005_JK10strain/seq/20160921_JK10_pdgoR_500cAMP_EZrich_galactonate.mut3.bin3.unqual.fastq']"
20160920,dgoR,JK10,M9galactonate,na,mut3,4,37,A,0.00217073369356,0.0996390119892,-0.0722190539907,0.0945792448855,"['../../data/sortseq_raw/20160920_NB_005_JK10strain/seq/20160921_JK10_pdgoR_500cAMP_EZrich_galactonate.mut3.bin4.unqual.fastq', '../../data/sortseq_raw/20160920_NB_005_JK10strain/seq/20160921_JK10_pdgoR_500cAMP_EZrich_galactonate.mut3.bin1.unqual.fastq', '../../data/sortseq_raw/20160920_NB_005_JK10strain/seq/20160921_JK10_pdgoR_500cAMP_EZrich_galactonate.mut3.bin2.unqual.fastq', '../../data/sortseq_raw/20160920_NB_005_JK10strain/seq/20160921_JK10_pdgoR_500cAMP_EZrich_galactonate.mut3.bin3.unqual.fastq']"
20160920,dgoR,JK10,M9galactonate,na,mut3,4,38,C,0.00383098465852,0.0983044293271,0.128794935571,0.110212467753,"['../../data/sortseq_raw/20160920_NB_005_JK10strain/seq/20160921_JK10_pdgoR_500cAMP_EZrich_galactonate.mut3.bin4.unqual.fastq', '../../data/sortseq_raw/20160920_NB_005_JK10strain/seq/20160921_JK10_pdgoR_500cAMP_EZrich_galactonate.mut3.bin1.unqual.fastq', '../../data/sortseq_raw/20160920_NB_005_JK10strain/seq/20160921_JK10_pdgoR_500cAMP_EZrich_galactonate.mut3.bin2.unqual.fastq', '../../data/sortseq_raw/20160920_NB_005_JK10strain/seq/20160921_JK10_pdgoR_500cAMP_EZrich_galactonate.mut3.bin3.unqual.fastq']"
20160920,dgoR,JK10,M9galactonate,na,mut3,4,39,A,0.00106232585277,0.0942905889746,0.00426794151533,0.0843731152371,"['../../data/sortseq_raw/20160920_NB_005_JK10strain/seq/20160921_JK10_pdgoR_500cAMP_EZrich_galactonate.mut3.bin4.unqual.fastq', '../../data/sortseq_raw/20160920_NB_005_JK10strain/seq/20160921_JK10_pdgoR_500cAMP_EZrich_galactonate.mut3.bin1.unqual.fastq', '../../data/sortseq_raw/20160920_NB_005_JK10strain/seq/20160921_JK10_pdgoR_500cAMP_EZrich_galactonate.mut3.bin2.unqual.fastq', '../../data/sortseq_raw/20160920_NB_005_JK10strain/seq/20160921_JK10_pdgoR_500cAMP_EZrich_galactonate.mut3.bin3.unqual.fastq']"
20160920,dgoR,JK10,M9galactonate,na,mut3,4,40,A,0.00021756685782,0.0916795875515,-0.0394536420391,0.12493707271,"['../../data/sortseq_raw/20160920_NB_005_JK10strain/seq/20160921_JK10_pdgoR_500cAMP_EZrich_galactonate.mut3.bin4.unqual.fastq', '../../data/sortseq_raw/20160920_NB_005_JK10strain/seq/20160921_JK10_pdgoR_500cAMP_EZrich_galactonate.mut3.bin1.unqual.fastq', '../../data/sortseq_raw/20160920_NB_005_JK10strain/seq/20160921_JK10_pdgoR_500cAMP_EZrich_galactonate.mut3.bin2.unqual.fastq', '../../data/sortseq_raw/20160920_NB_005_JK10strain/seq/20160921_JK10_pdgoR_500cAMP_EZrich_galactonate.mut3.bin3.unqual.fastq']"
20160920,dgoR,JK10,M9galactonate,na,mut3,4,41,C,0.00476481663755,0.0901011945644,0.0537433755067,0.118390865168,"['../../data/sortseq_raw/20160920_NB_005_JK10strain/seq/20160921_JK10_pdgoR_500cAMP_EZrich_galactonate.mut3.bin4.unqual.fastq', '../../data/sortseq_raw/20160920_NB_005_JK10strain/seq/20160921_JK10_pdgoR_500cAMP_EZrich_galactonate.mut3.bin1.unqual.fastq', '../../data/sortseq_raw/20160920_NB_005_JK10strain/seq/20160921_JK10_pdgoR_500cAMP_EZrich_galactonate.mut3.bin2.unqual.fastq', '../../data/sortseq_raw/20160920_NB_005_JK10strain/seq/20160921_JK10_pdgoR_500cAMP_EZrich_galactonate.mut3.bin3.unqual.fastq']"
20160920,dgoR,JK10,M9galactonate,na,mut3,4,42,A,0.000186323967926,0.0865189356697,0.0377740921624,0.0597203908467,"['../../data/sortseq_raw/20160920_NB_005_JK10strain/seq/20160921_JK10_pdgoR_500cAMP_EZrich_galactonate.mut3.bin4.unqual.fastq', '../../data/sortseq_raw/20160920_NB_005_JK10strain/seq/20160921_JK10_pdgoR_500cAMP_EZrich_galactonate.mut3.bin1.unqual.fastq', '../../data/sortseq_raw/20160920_NB_005_JK10strain/seq/20160921_JK10_pdgoR_500cAMP_EZrich_galactonate.mut3.bin2.unqual.fastq', '../../data/sortseq_raw/20160920_NB_005_JK10strain/seq/20160921_JK10_pdgoR_500cAMP_EZrich_galactonate.mut3.bin3.unqual.fastq']"
20160920,dgoR,JK10,M9galactonate,na,mut3,4,43,A,0.000526753689495,0.0897827538456,0.0575814284206,0.0857432670771,"['../../data/sortseq_raw/20160920_NB_005_JK10strain/seq/20160921_JK10_pdgoR_500cAMP_EZrich_galactonate.mut3.bin4.unqual.fastq', '../../data/sortseq_raw/20160920_NB_005_JK10strain/seq/20160921_JK10_pdgoR_500cAMP_EZrich_galactonate.mut3.bin1.unqual.fastq', '../../data/sortseq_raw/20160920_NB_005_JK10strain/seq/20160921_JK10_pdgoR_500cAMP_EZrich_galactonate.mut3.bin2.unqual.fastq', '../../data/sortseq_raw/20160920_NB_005_JK10strain/seq/20160921_JK10_pdgoR_500cAMP_EZrich_galactonate.mut3.bin3.unqual.fastq']"
20160920,dgoR,JK10,M9galactonate,na,mut3,4,44,T,0.000726444502299,0.0762998835128,-0.0244635259824,0.111203678103,"['../../data/sortseq_raw/20160920_NB_005_JK10strain/seq/20160921_JK10_pdgoR_500cAMP_EZrich_galactonate.mut3.bin4.unqual.fastq', '../../data/sortseq_raw/20160920_NB_005_JK10strain/seq/20160921_JK10_pdgoR_500cAMP_EZrich_galactonate.mut3.bin1.unqual.fastq', '../../data/sortseq_raw/20160920_NB_005_JK10strain/seq/20160921_JK10_pdgoR_500cAMP_EZrich_galactonate.mut3.bin2.unqual.fastq', '../../data/sortseq_raw/20160920_NB_005_JK10strain/seq/20160921_JK10_pdgoR_500cAMP_EZrich_galactonate.mut3.bin3.unqual.fastq']"
20160920,dgoR,JK10,M9galactonate,na,mut3,4,45,A,0.000813775564945,0.0931968951632,-0.0809046551089,0.121342532973,"['../../data/sortseq_raw/20160920_NB_005_JK10strain/seq/20160921_JK10_pdgoR_500cAMP_EZrich_galactonate.mut3.bin4.unqual.fastq', '../../data/sortseq_raw/20160920_NB_005_JK10strain/seq/20160921_JK10_pdgoR_500cAMP_EZrich_galactonate.mut3.bin1.unqual.fastq', '../../data/sortseq_raw/20160920_NB_005_JK10strain/seq/20160921_JK10_pdgoR_500cAMP_EZrich_galactonate.mut3.bin2.unqual.fastq', '../../data/sortseq_raw/20160920_NB_005_JK10strain/seq/20160921_JK10_pdgoR_500cAMP_EZrich_galactonate.mut3.bin3.unqual.fastq']"
20160920,dgoR,JK10,M9galactonate,na,mut3,4,46,T,0.000712825440104,0.0740822187908,-0.0606219640669,0.0992370775621,"['../../data/sortseq_raw/20160920_NB_005_JK10strain/seq/20160921_JK10_pdgoR_500cAMP_EZrich_galactonate.mut3.bin4.unqual.fastq', '../../data/sortseq_raw/20160920_NB_005_JK10strain/seq/20160921_JK10_pdgoR_500cAMP_EZrich_galactonate.mut3.bin1.unqual.fastq', '../../data/sortseq_raw/20160920_NB_005_JK10strain/seq/20160921_JK10_pdgoR_500cAMP_EZrich_galactonate.mut3.bin2.unqual.fastq', '../../data/sortseq_raw/20160920_NB_005_JK10strain/seq/20160921_JK10_pdgoR_500cAMP_EZrich_galactonate.mut3.bin3.unqual.fastq']"
20160920,dgoR,JK10,M9galactonate,na,mut3,4,47,A,0.000149092924754,0.0893790591896,-0.0135734925999,0.0959086853728,"['../../data/sortseq_raw/20160920_NB_005_JK10strain/seq/20160921_JK10_pdgoR_500cAMP_EZrich_galactonate.mut3.bin4.unqual.fastq', '../../data/sortseq_raw/20160920_NB_005_JK10strain/seq/20160921_JK10_pdgoR_500cAMP_EZrich_galactonate.mut3.bin1.unqual.fastq', '../../data/sortseq_raw/20160920_NB_005_JK10strain/seq/20160921_JK10_pdgoR_500cAMP_EZrich_galactonate.mut3.bin2.unqual.fastq', '../../data/sortseq_raw/20160920_NB_005_JK10strain/seq/20160921_JK10_pdgoR_500cAMP_EZrich_galactonate.mut3.bin3.unqual.fastq']"
20160920,dgoR,JK10,M9galactonate,na,mut3,4,48,A,0.000174670665049,0.0846608778978,-0.0151679946747,0.0828155747673,"['../../data/sortseq_raw/20160920_NB_005_JK10strain/seq/20160921_JK10_pdgoR_500cAMP_EZrich_galactonate.mut3.bin4.unqual.fastq', '../../data/sortseq_raw/20160920_NB_005_JK10strain/seq/20160921_JK10_pdgoR_500cAMP_EZrich_galactonate.mut3.bin1.unqual.fastq', '../../data/sortseq_raw/20160920_NB_005_JK10strain/seq/20160921_JK10_pdgoR_500cAMP_EZrich_galactonate.mut3.bin2.unqual.fastq', '../../data/sortseq_raw/20160920_NB_005_JK10strain/seq/20160921_JK10_pdgoR_500cAMP_EZrich_galactonate.mut3.bin3.unqual.fastq']"
20160920,dgoR,JK10,M9galactonate,na,mut3,4,49,G,0.00195904316794,0.0866735082287,-0.0454819369827,0.100537394492,"['../../data/sortseq_raw/20160920_NB_005_JK10strain/seq/20160921_JK10_pdgoR_500cAMP_EZrich_galactonate.mut3.bin4.unqual.fastq', '../../data/sortseq_raw/20160920_NB_005_JK10strain/seq/20160921_JK10_pdgoR_500cAMP_EZrich_galactonate.mut3.bin1.unqual.fastq', '../../data/sortseq_raw/20160920_NB_005_JK10strain/seq/20160921_JK10_pdgoR_500cAMP_EZrich_galactonate.mut3.bin2.unqual.fastq', '../../data/sortseq_raw/20160920_NB_005_JK10strain/seq/20160921_JK10_pdgoR_500cAMP_EZrich_galactonate.mut3.bin3.unqual.fastq']"
20160920,dgoR,JK10,M9galactonate,na,mut3,4,50,T,0.00134173575128,0.0668074817368,-0.144604790692,0.155738512941,"['../../data/sortseq_raw/20160920_NB_005_JK10strain/seq/20160921_JK10_pdgoR_500cAMP_EZrich_galactonate.mut3.bin4.unqual.fastq', '../../data/sortseq_raw/20160920_NB_005_JK10strain/seq/20160921_JK10_pdgoR_500cAMP_EZrich_galactonate.mut3.bin1.unqual.fastq', '../../data/sortseq_raw/20160920_NB_005_JK10strain/seq/20160921_JK10_pdgoR_500cAMP_EZrich_galactonate.mut3.bin2.unqual.fastq', '../../data/sortseq_raw/20160920_NB_005_JK10strain/seq/20160921_JK10_pdgoR_500cAMP_EZrich_galactonate.mut3.bin3.unqual.fastq']"
20160920,dgoR,JK10,M9galactonate,na,mut3,4,51,T,0.0011145975443,0.0767168575983,-0.130684937577,0.185509803747,"['../../data/sortseq_raw/20160920_NB_005_JK10strain/seq/20160921_JK10_pdgoR_500cAMP_EZrich_galactonate.mut3.bin4.unqual.fastq', '../../data/sortseq_raw/20160920_NB_005_JK10strain/seq/20160921_JK10_pdgoR_500cAMP_EZrich_galactonate.mut3.bin1.unqual.fastq', '../../data/sortseq_raw/20160920_NB_005_JK10strain/seq/20160921_JK10_pdgoR_500cAMP_EZrich_galactonate.mut3.bin2.unqual.fastq', '../../data/sortseq_raw/20160920_NB_005_JK10strain/seq/20160921_JK10_pdgoR_500cAMP_EZrich_galactonate.mut3.bin3.unqual.fastq']"
20160920,dgoR,JK10,M9galactonate,na,mut3,4,52,T,0.00960037512908,0.0752476215214,-0.390051012204,0.226252230517,"['../../data/sortseq_raw/20160920_NB_005_JK10strain/seq/20160921_JK10_pdgoR_500cAMP_EZrich_galactonate.mut3.bin4.unqual.fastq', '../../data/sortseq_raw/20160920_NB_005_JK10strain/seq/20160921_JK10_pdgoR_500cAMP_EZrich_galactonate.mut3.bin1.unqual.fastq', '../../data/sortseq_raw/20160920_NB_005_JK10strain/seq/20160921_JK10_pdgoR_500cAMP_EZrich_galactonate.mut3.bin2.unqual.fastq', '../../data/sortseq_raw/20160920_NB_005_JK10strain/seq/20160921_JK10_pdgoR_500cAMP_EZrich_galactonate.mut3.bin3.unqual.fastq']"
20160920,dgoR,JK10,M9galactonate,na,mut3,4,53,G,0.008161875788,0.0710786774326,-0.319402626434,0.233303104779,"['../../data/sortseq_raw/20160920_NB_005_JK10strain/seq/20160921_JK10_pdgoR_500cAMP_EZrich_galactonate.mut3.bin4.unqual.fastq', '../../data/sortseq_raw/20160920_NB_005_JK10strain/seq/20160921_JK10_pdgoR_500cAMP_EZrich_galactonate.mut3.bin1.unqual.fastq', '../../data/sortseq_raw/20160920_NB_005_JK10strain/seq/20160921_JK10_pdgoR_500cAMP_EZrich_galactonate.mut3.bin2.unqual.fastq', '../../data/sortseq_raw/20160920_NB_005_JK10strain/seq/20160921_JK10_pdgoR_500cAMP_EZrich_galactonate.mut3.bin3.unqual.fastq']"
20160920,dgoR,JK10,M9galactonate,na,mut3,4,54,T,0.00478462506373,0.0788011968484,-0.256915701378,0.0974169369525,"['../../data/sortseq_raw/20160920_NB_005_JK10strain/seq/20160921_JK10_pdgoR_500cAMP_EZrich_galactonate.mut3.bin4.unqual.fastq', '../../data/sortseq_raw/20160920_NB_005_JK10strain/seq/20160921_JK10_pdgoR_500cAMP_EZrich_galactonate.mut3.bin1.unqual.fastq', '../../data/sortseq_raw/20160920_NB_005_JK10strain/seq/20160921_JK10_pdgoR_500cAMP_EZrich_galactonate.mut3.bin2.unqual.fastq', '../../data/sortseq_raw/20160920_NB_005_JK10strain/seq/20160921_JK10_pdgoR_500cAMP_EZrich_galactonate.mut3.bin3.unqual.fastq']"
20160920,dgoR,JK10,M9galactonate,na,mut3,4,55,A,0.0184644031062,0.105692838297,0.0872821127133,-0.0328357199255,"['../../data/sortseq_raw/20160920_NB_005_JK10strain/seq/20160921_JK10_pdgoR_500cAMP_EZrich_galactonate.mut3.bin4.unqual.fastq', '../../data/sortseq_raw/20160920_NB_005_JK10strain/seq/20160921_JK10_pdgoR_500cAMP_EZrich_galactonate.mut3.bin1.unqual.fastq', '../../data/sortseq_raw/20160920_NB_005_JK10strain/seq/20160921_JK10_pdgoR_500cAMP_EZrich_galactonate.mut3.bin2.unqual.fastq', '../../data/sortseq_raw/20160920_NB_005_JK10strain/seq/20160921_JK10_pdgoR_500cAMP_EZrich_galactonate.mut3.bin3.unqual.fastq']"
20160920,dgoR,JK10,M9galactonate,na,mut3,4,56,C,0.00776511167594,0.111205926238,0.259978743155,-0.0170715607481,"['../../data/sortseq_raw/20160920_NB_005_JK10strain/seq/20160921_JK10_pdgoR_500cAMP_EZrich_galactonate.mut3.bin4.unqual.fastq', '../../data/sortseq_raw/20160920_NB_005_JK10strain/seq/20160921_JK10_pdgoR_500cAMP_EZrich_galactonate.mut3.bin1.unqual.fastq', '../../data/sortseq_raw/20160920_NB_005_JK10strain/seq/20160921_JK10_pdgoR_500cAMP_EZrich_galactonate.mut3.bin2.unqual.fastq', '../../data/sortseq_raw/20160920_NB_005_JK10strain/seq/20160921_JK10_pdgoR_500cAMP_EZrich_galactonate.mut3.bin3.unqual.fastq']"
20160920,dgoR,JK10,M9galactonate,na,mut3,4,57,T,0.0378150754945,0.0749565364273,-0.804648164568,-0.0291038881002,"['../../data/sortseq_raw/20160920_NB_005_JK10strain/seq/20160921_JK10_pdgoR_500cAMP_EZrich_galactonate.mut3.bin4.unqual.fastq', '../../data/sortseq_raw/20160920_NB_005_JK10strain/seq/20160921_JK10_pdgoR_500cAMP_EZrich_galactonate.mut3.bin1.unqual.fastq', '../../data/sortseq_raw/20160920_NB_005_JK10strain/seq/20160921_JK10_pdgoR_500cAMP_EZrich_galactonate.mut3.bin2.unqual.fastq', '../../data/sortseq_raw/20160920_NB_005_JK10strain/seq/20160921_JK10_pdgoR_500cAMP_EZrich_galactonate.mut3.bin3.unqual.fastq']"
20160920,dgoR,JK10,M9galactonate,na,mut3,4,58,A,0.0801574688875,0.106792109469,-0.96325882121,-0.0085929500366,"['../../data/sortseq_raw/20160920_NB_005_JK10strain/seq/20160921_JK10_pdgoR_500cAMP_EZrich_galactonate.mut3.bin4.unqual.fastq', '../../data/sortseq_raw/20160920_NB_005_JK10strain/seq/20160921_JK10_pdgoR_500cAMP_EZrich_galactonate.mut3.bin1.unqual.fastq', '../../data/sortseq_raw/20160920_NB_005_JK10strain/seq/20160921_JK10_pdgoR_500cAMP_EZrich_galactonate.mut3.bin2.unqual.fastq', '../../data/sortseq_raw/20160920_NB_005_JK10strain/seq/20160921_JK10_pdgoR_500cAMP_EZrich_galactonate.mut3.bin3.unqual.fastq']"
20160920,dgoR,JK10,M9galactonate,na,mut3,4,59,C,0.0042688556088,0.0915008464308,0.0378784399483,0.153414803783,"['../../data/sortseq_raw/20160920_NB_005_JK10strain/seq/20160921_JK10_pdgoR_500cAMP_EZrich_galactonate.mut3.bin4.unqual.fastq', '../../data/sortseq_raw/20160920_NB_005_JK10strain/seq/20160921_JK10_pdgoR_500cAMP_EZrich_galactonate.mut3.bin1.unqual.fastq', '../../data/sortseq_raw/20160920_NB_005_JK10strain/seq/20160921_JK10_pdgoR_500cAMP_EZrich_galactonate.mut3.bin2.unqual.fastq', '../../data/sortseq_raw/20160920_NB_005_JK10strain/seq/20160921_JK10_pdgoR_500cAMP_EZrich_galactonate.mut3.bin3.unqual.fastq']"
20160920,dgoR,JK10,M9galactonate,na,mut3,4,60,A,0.0180490144342,0.107308944864,-0.453361098773,0.0915562378661,"['../../data/sortseq_raw/20160920_NB_005_JK10strain/seq/20160921_JK10_pdgoR_500cAMP_EZrich_galactonate.mut3.bin4.unqual.fastq', '../../data/sortseq_raw/20160920_NB_005_JK10strain/seq/20160921_JK10_pdgoR_500cAMP_EZrich_galactonate.mut3.bin1.unqual.fastq', '../../data/sortseq_raw/20160920_NB_005_JK10strain/seq/20160921_JK10_pdgoR_500cAMP_EZrich_galactonate.mut3.bin2.unqual.fastq', '../../data/sortseq_raw/20160920_NB_005_JK10strain/seq/20160921_JK10_pdgoR_500cAMP_EZrich_galactonate.mut3.bin3.unqual.fastq']"
20160920,dgoR,JK10,M9galactonate,na,mut3,4,61,T,0.00741924130264,0.0806738619927,0.275538554483,-0.0598566362628,"['../../data/sortseq_raw/20160920_NB_005_JK10strain/seq/20160921_JK10_pdgoR_500cAMP_EZrich_galactonate.mut3.bin4.unqual.fastq', '../../data/sortseq_raw/20160920_NB_005_JK10strain/seq/20160921_JK10_pdgoR_500cAMP_EZrich_galactonate.mut3.bin1.unqual.fastq', '../../data/sortseq_raw/20160920_NB_005_JK10strain/seq/20160921_JK10_pdgoR_500cAMP_EZrich_galactonate.mut3.bin2.unqual.fastq', '../../data/sortseq_raw/20160920_NB_005_JK10strain/seq/20160921_JK10_pdgoR_500cAMP_EZrich_galactonate.mut3.bin3.unqual.fastq']"
20160920,dgoR,JK10,M9galactonate,na,mut3,4,62,T,0.0467114209429,0.0761083941398,-0.894781259595,0.107572004494,"['../../data/sortseq_raw/20160920_NB_005_JK10strain/seq/20160921_JK10_pdgoR_500cAMP_EZrich_galactonate.mut3.bin4.unqual.fastq', '../../data/sortseq_raw/20160920_NB_005_JK10strain/seq/20160921_JK10_pdgoR_500cAMP_EZrich_galactonate.mut3.bin1.unqual.fastq', '../../data/sortseq_raw/20160920_NB_005_JK10strain/seq/20160921_JK10_pdgoR_500cAMP_EZrich_galactonate.mut3.bin2.unqual.fastq', '../../data/sortseq_raw/20160920_NB_005_JK10strain/seq/20160921_JK10_pdgoR_500cAMP_EZrich_galactonate.mut3.bin3.unqual.fastq']"
20160920,dgoR,JK10,M9galactonate,na,mut3,4,63,A,0.00448449957337,0.0999120370592,-0.226043418836,0.136530480795,"['../../data/sortseq_raw/20160920_NB_005_JK10strain/seq/20160921_JK10_pdgoR_500cAMP_EZrich_galactonate.mut3.bin4.unqual.fastq', '../../data/sortseq_raw/20160920_NB_005_JK10strain/seq/20160921_JK10_pdgoR_500cAMP_EZrich_galactonate.mut3.bin1.unqual.fastq', '../../data/sortseq_raw/20160920_NB_005_JK10strain/seq/20160921_JK10_pdgoR_500cAMP_EZrich_galactonate.mut3.bin2.unqual.fastq', '../../data/sortseq_raw/20160920_NB_005_JK10strain/seq/20160921_JK10_pdgoR_500cAMP_EZrich_galactonate.mut3.bin3.unqual.fastq']"
20160920,dgoR,JK10,M9galactonate,na,mut3,4,64,C,0.0004430282181,0.0997792427644,0.0714728483725,0.0709183747594,"['../../data/sortseq_raw/20160920_NB_005_JK10strain/seq/20160921_JK10_pdgoR_500cAMP_EZrich_galactonate.mut3.bin4.unqual.fastq', '../../data/sortseq_raw/20160920_NB_005_JK10strain/seq/20160921_JK10_pdgoR_500cAMP_EZrich_galactonate.mut3.bin1.unqual.fastq', '../../data/sortseq_raw/20160920_NB_005_JK10strain/seq/20160921_JK10_pdgoR_500cAMP_EZrich_galactonate.mut3.bin2.unqual.fastq', '../../data/sortseq_raw/20160920_NB_005_JK10strain/seq/20160921_JK10_pdgoR_500cAMP_EZrich_galactonate.mut3.bin3.unqual.fastq']"
20160920,dgoR,JK10,M9galactonate,na,mut3,4,65,A,0.00123492766835,0.131665543227,-0.0583818803623,0.0727167744008,"['../../data/sortseq_raw/20160920_NB_005_JK10strain/seq/20160921_JK10_pdgoR_500cAMP_EZrich_galactonate.mut3.bin4.unqual.fastq', '../../data/sortseq_raw/20160920_NB_005_JK10strain/seq/20160921_JK10_pdgoR_500cAMP_EZrich_galactonate.mut3.bin1.unqual.fastq', '../../data/sortseq_raw/20160920_NB_005_JK10strain/seq/20160921_JK10_pdgoR_500cAMP_EZrich_galactonate.mut3.bin2.unqual.fastq', '../../data/sortseq_raw/20160920_NB_005_JK10strain/seq/20160921_JK10_pdgoR_500cAMP_EZrich_galactonate.mut3.bin3.unqual.fastq']"
20160920,dgoR,JK10,M9galactonate,na,mut3,4,66,C,4.29355465074e-05,0.00265269883157,0.0224801633388,0.126360994045,"['../../data/sortseq_raw/20160920_NB_005_JK10strain/seq/20160921_JK10_pdgoR_500cAMP_EZrich_galactonate.mut3.bin4.unqual.fastq', '../../data/sortseq_raw/20160920_NB_005_JK10strain/seq/20160921_JK10_pdgoR_500cAMP_EZrich_galactonate.mut3.bin1.unqual.fastq', '../../data/sortseq_raw/20160920_NB_005_JK10strain/seq/20160921_JK10_pdgoR_500cAMP_EZrich_galactonate.mut3.bin2.unqual.fastq', '../../data/sortseq_raw/20160920_NB_005_JK10strain/seq/20160921_JK10_pdgoR_500cAMP_EZrich_galactonate.mut3.bin3.unqual.fastq']"
20160920,dgoR,JK10,M9galactonate,na,mut3,4,67,G,5.61036478314e-05,0.00233160222691,-0.0907553091588,0.161860455783,"['../../data/sortseq_raw/20160920_NB_005_JK10strain/seq/20160921_JK10_pdgoR_500cAMP_EZrich_galactonate.mut3.bin4.unqual.fastq', '../../data/sortseq_raw/20160920_NB_005_JK10strain/seq/20160921_JK10_pdgoR_500cAMP_EZrich_galactonate.mut3.bin1.unqual.fastq', '../../data/sortseq_raw/20160920_NB_005_JK10strain/seq/20160921_JK10_pdgoR_500cAMP_EZrich_galactonate.mut3.bin2.unqual.fastq', '../../data/sortseq_raw/20160920_NB_005_JK10strain/seq/20160921_JK10_pdgoR_500cAMP_EZrich_galactonate.mut3.bin3.unqual.fastq']"
20160920,dgoR,JK10,M9galactonate,na,mut3,4,68,C,2.22528196934e-05,0.00126446727444,-0.116914141964,0.055372902568,"['../../data/sortseq_raw/20160920_NB_005_JK10strain/seq/20160921_JK10_pdgoR_500cAMP_EZrich_galactonate.mut3.bin4.unqual.fastq', '../../data/sortseq_raw/20160920_NB_005_JK10strain/seq/20160921_JK10_pdgoR_500cAMP_EZrich_galactonate.mut3.bin1.unqual.fastq', '../../data/sortseq_raw/20160920_NB_005_JK10strain/seq/20160921_JK10_pdgoR_500cAMP_EZrich_galactonate.mut3.bin2.unqual.fastq', '../../data/sortseq_raw/20160920_NB_005_JK10strain/seq/20160921_JK10_pdgoR_500cAMP_EZrich_galactonate.mut3.bin3.unqual.fastq']"
20160920,dgoR,JK10,M9galactonate,na,mut3,4,69,A,6.5758382729e-05,0.00193614081719,0.0417971983761,0.0685208404049,"['../../data/sortseq_raw/20160920_NB_005_JK10strain/seq/20160921_JK10_pdgoR_500cAMP_EZrich_galactonate.mut3.bin4.unqual.fastq', '../../data/sortseq_raw/20160920_NB_005_JK10strain/seq/20160921_JK10_pdgoR_500cAMP_EZrich_galactonate.mut3.bin1.unqual.fastq', '../../data/sortseq_raw/20160920_NB_005_JK10strain/seq/20160921_JK10_pdgoR_500cAMP_EZrich_galactonate.mut3.bin2.unqual.fastq', '../../data/sortseq_raw/20160920_NB_005_JK10strain/seq/20160921_JK10_pdgoR_500cAMP_EZrich_galactonate.mut3.bin3.unqual.fastq']"
20160920,dgoR,JK10,M9galactonate,na,mut3,4,70,C,3.76032651671e-05,0.00330498440729,0.00306988933203,0.0739657775399,"['../../data/sortseq_raw/20160920_NB_005_JK10strain/seq/20160921_JK10_pdgoR_500cAMP_EZrich_galactonate.mut3.bin4.unqual.fastq', '../../data/sortseq_raw/20160920_NB_005_JK10strain/seq/20160921_JK10_pdgoR_500cAMP_EZrich_galactonate.mut3.bin1.unqual.fastq', '../../data/sortseq_raw/20160920_NB_005_JK10strain/seq/20160921_JK10_pdgoR_500cAMP_EZrich_galactonate.mut3.bin2.unqual.fastq', '../../data/sortseq_raw/20160920_NB_005_JK10strain/seq/20160921_JK10_pdgoR_500cAMP_EZrich_galactonate.mut3.bin3.unqual.fastq']"
20160920,dgoR,JK10,M9galactonate,na,mut3,4,71,G,4.74338809387e-05,0.00575716385382,-0.0626980619723,0.049235563559,"['../../data/sortseq_raw/20160920_NB_005_JK10strain/seq/20160921_JK10_pdgoR_500cAMP_EZrich_galactonate.mut3.bin4.unqual.fastq', '../../data/sortseq_raw/20160920_NB_005_JK10strain/seq/20160921_JK10_pdgoR_500cAMP_EZrich_galactonate.mut3.bin1.unqual.fastq', '../../data/sortseq_raw/20160920_NB_005_JK10strain/seq/20160921_JK10_pdgoR_500cAMP_EZrich_galactonate.mut3.bin2.unqual.fastq', '../../data/sortseq_raw/20160920_NB_005_JK10strain/seq/20160921_JK10_pdgoR_500cAMP_EZrich_galactonate.mut3.bin3.unqual.fastq']"
20160920,dgoR,JK10,M9galactonate,na,mut3,4,72,G,1.80480932354e-05,0.00253185602336,-0.0186122924734,0.0574330471631,"['../../data/sortseq_raw/20160920_NB_005_JK10strain/seq/20160921_JK10_pdgoR_500cAMP_EZrich_galactonate.mut3.bin4.unqual.fastq', '../../data/sortseq_raw/20160920_NB_005_JK10strain/seq/20160921_JK10_pdgoR_500cAMP_EZrich_galactonate.mut3.bin1.unqual.fastq', '../../data/sortseq_raw/20160920_NB_005_JK10strain/seq/20160921_JK10_pdgoR_500cAMP_EZrich_galactonate.mut3.bin2.unqual.fastq', '../../data/sortseq_raw/20160920_NB_005_JK10strain/seq/20160921_JK10_pdgoR_500cAMP_EZrich_galactonate.mut3.bin3.unqual.fastq']"
20160920,dgoR,JK10,M9galactonate,na,mut3,4,73,C,2.37168034433e-05,0.00141558718184,-0.0133756591454,0.057887725052,"['../../data/sortseq_raw/20160920_NB_005_JK10strain/seq/20160921_JK10_pdgoR_500cAMP_EZrich_galactonate.mut3.bin4.unqual.fastq', '../../data/sortseq_raw/20160920_NB_005_JK10strain/seq/20160921_JK10_pdgoR_500cAMP_EZrich_galactonate.mut3.bin1.unqual.fastq', '../../data/sortseq_raw/20160920_NB_005_JK10strain/seq/20160921_JK10_pdgoR_500cAMP_EZrich_galactonate.mut3.bin2.unqual.fastq', '../../data/sortseq_raw/20160920_NB_005_JK10strain/seq/20160921_JK10_pdgoR_500cAMP_EZrich_galactonate.mut3.bin3.unqual.fastq']"
20160920,dgoR,JK10,M9galactonate,na,mut3,4,74,A,8.33492750202e-05,0.00766541786912,-0.0531152077485,0.0532672098038,"['../../data/sortseq_raw/20160920_NB_005_JK10strain/seq/20160921_JK10_pdgoR_500cAMP_EZrich_galactonate.mut3.bin4.unqual.fastq', '../../data/sortseq_raw/20160920_NB_005_JK10strain/seq/20160921_JK10_pdgoR_500cAMP_EZrich_galactonate.mut3.bin1.unqual.fastq', '../../data/sortseq_raw/20160920_NB_005_JK10strain/seq/20160921_JK10_pdgoR_500cAMP_EZrich_galactonate.mut3.bin2.unqual.fastq', '../../data/sortseq_raw/20160920_NB_005_JK10strain/seq/20160921_JK10_pdgoR_500cAMP_EZrich_galactonate.mut3.bin3.unqual.fastq']"
20160920,dgoR,JK10,M9galactonate,na,mut3,4,75,A,3.42423501389e-05,0.000933278303378,-0.176444317239,0.0669206480735,"['../../data/sortseq_raw/20160920_NB_005_JK10strain/seq/20160921_JK10_pdgoR_500cAMP_EZrich_galactonate.mut3.bin4.unqual.fastq', '../../data/sortseq_raw/20160920_NB_005_JK10strain/seq/20160921_JK10_pdgoR_500cAMP_EZrich_galactonate.mut3.bin1.unqual.fastq', '../../data/sortseq_raw/20160920_NB_005_JK10strain/seq/20160921_JK10_pdgoR_500cAMP_EZrich_galactonate.mut3.bin2.unqual.fastq', '../../data/sortseq_raw/20160920_NB_005_JK10strain/seq/20160921_JK10_pdgoR_500cAMP_EZrich_galactonate.mut3.bin3.unqual.fastq']"
20160920,dgoR,JK10,M9galactonate,na,mut3,4,76,A,1.30106187176e-05,0.00163735365405,-0.059285779341,0.0454372593312,"['../../data/sortseq_raw/20160920_NB_005_JK10strain/seq/20160921_JK10_pdgoR_500cAMP_EZrich_galactonate.mut3.bin4.unqual.fastq', '../../data/sortseq_raw/20160920_NB_005_JK10strain/seq/20160921_JK10_pdgoR_500cAMP_EZrich_galactonate.mut3.bin1.unqual.fastq', '../../data/sortseq_raw/20160920_NB_005_JK10strain/seq/20160921_JK10_pdgoR_500cAMP_EZrich_galactonate.mut3.bin2.unqual.fastq', '../../data/sortseq_raw/20160920_NB_005_JK10strain/seq/20160921_JK10_pdgoR_500cAMP_EZrich_galactonate.mut3.bin3.unqual.fastq']"
20160920,dgoR,JK10,M9galactonate,na,mut3,4,77,C,2.72053471669e-05,0.00240038967158,-0.0416660087927,0.0513993856792,"['../../data/sortseq_raw/20160920_NB_005_JK10strain/seq/20160921_JK10_pdgoR_500cAMP_EZrich_galactonate.mut3.bin4.unqual.fastq', '../../data/sortseq_raw/20160920_NB_005_JK10strain/seq/20160921_JK10_pdgoR_500cAMP_EZrich_galactonate.mut3.bin1.unqual.fastq', '../../data/sortseq_raw/20160920_NB_005_JK10strain/seq/20160921_JK10_pdgoR_500cAMP_EZrich_galactonate.mut3.bin2.unqual.fastq', '../../data/sortseq_raw/20160920_NB_005_JK10strain/seq/20160921_JK10_pdgoR_500cAMP_EZrich_galactonate.mut3.bin3.unqual.fastq']"
20160920,dgoR,JK10,M9galactonate,na,mut3,4,78,G,9.73734073536e-05,0.0272671837145,-0.0144322673959,0.0546674501697,"['../../data/sortseq_raw/20160920_NB_005_JK10strain/seq/20160921_JK10_pdgoR_500cAMP_EZrich_galactonate.mut3.bin4.unqual.fastq', '../../data/sortseq_raw/20160920_NB_005_JK10strain/seq/20160921_JK10_pdgoR_500cAMP_EZrich_galactonate.mut3.bin1.unqual.fastq', '../../data/sortseq_raw/20160920_NB_005_JK10strain/seq/20160921_JK10_pdgoR_500cAMP_EZrich_galactonate.mut3.bin2.unqual.fastq', '../../data/sortseq_raw/20160920_NB_005_JK10strain/seq/20160921_JK10_pdgoR_500cAMP_EZrich_galactonate.mut3.bin3.unqual.fastq']"
20160920,dgoR,JK10,M9galactonate,na,mut3,4,79,C,3.42654284353e-05,0.00118930570362,-0.0758155047278,0.00195617024888,"['../../data/sortseq_raw/20160920_NB_005_JK10strain/seq/20160921_JK10_pdgoR_500cAMP_EZrich_galactonate.mut3.bin4.unqual.fastq', '../../data/sortseq_raw/20160920_NB_005_JK10strain/seq/20160921_JK10_pdgoR_500cAMP_EZrich_galactonate.mut3.bin1.unqual.fastq', '../../data/sortseq_raw/20160920_NB_005_JK10strain/seq/20160921_JK10_pdgoR_500cAMP_EZrich_galactonate.mut3.bin2.unqual.fastq', '../../data/sortseq_raw/20160920_NB_005_JK10strain/seq/20160921_JK10_pdgoR_500cAMP_EZrich_galactonate.mut3.bin3.unqual.fastq']"
20160920,dgoR,JK10,M9galactonate,na,mut3,4,80,G,0.000241601529069,0.00444064121584,-0.177468722693,0.0103681561981,"['../../data/sortseq_raw/20160920_NB_005_JK10strain/seq/20160921_JK10_pdgoR_500cAMP_EZrich_galactonate.mut3.bin4.unqual.fastq', '../../data/sortseq_raw/20160920_NB_005_JK10strain/seq/20160921_JK10_pdgoR_500cAMP_EZrich_galactonate.mut3.bin1.unqual.fastq', '../../data/sortseq_raw/20160920_NB_005_JK10strain/seq/20160921_JK10_pdgoR_500cAMP_EZrich_galactonate.mut3.bin2.unqual.fastq', '../../data/sortseq_raw/20160920_NB_005_JK10strain/seq/20160921_JK10_pdgoR_500cAMP_EZrich_galactonate.mut3.bin3.unqual.fastq']"
20160920,dgoR,JK10,M9galactonate,na,mut3,4,81,A,3.2962646776e-05,0.0038443948325,0.0513848939205,0.136465594181,"['../../data/sortseq_raw/20160920_NB_005_JK10strain/seq/20160921_JK10_pdgoR_500cAMP_EZrich_galactonate.mut3.bin4.unqual.fastq', '../../data/sortseq_raw/20160920_NB_005_JK10strain/seq/20160921_JK10_pdgoR_500cAMP_EZrich_galactonate.mut3.bin1.unqual.fastq', '../../data/sortseq_raw/20160920_NB_005_JK10strain/seq/20160921_JK10_pdgoR_500cAMP_EZrich_galactonate.mut3.bin2.unqual.fastq', '../../data/sortseq_raw/20160920_NB_005_JK10strain/seq/20160921_JK10_pdgoR_500cAMP_EZrich_galactonate.mut3.bin3.unqual.fastq']"
20160920,dgoR,JK10,M9galactonate,na,mut3,4,82,A,0.000530908217656,0.00725800497288,0.274182348667,0.173117992755,"['../../data/sortseq_raw/20160920_NB_005_JK10strain/seq/20160921_JK10_pdgoR_500cAMP_EZrich_galactonate.mut3.bin4.unqual.fastq', '../../data/sortseq_raw/20160920_NB_005_JK10strain/seq/20160921_JK10_pdgoR_500cAMP_EZrich_galactonate.mut3.bin1.unqual.fastq', '../../data/sortseq_raw/20160920_NB_005_JK10strain/seq/20160921_JK10_pdgoR_500cAMP_EZrich_galactonate.mut3.bin2.unqual.fastq', '../../data/sortseq_raw/20160920_NB_005_JK10strain/seq/20160921_JK10_pdgoR_500cAMP_EZrich_galactonate.mut3.bin3.unqual.fastq']"
20160920,dgoR,JK10,M9galactonate,na,mut3,4,83,C,1.14616021301e-05,0.00123578370678,-0.0655112419504,0.248068104803,"['../../data/sortseq_raw/20160920_NB_005_JK10strain/seq/20160921_JK10_pdgoR_500cAMP_EZrich_galactonate.mut3.bin4.unqual.fastq', '../../data/sortseq_raw/20160920_NB_005_JK10strain/seq/20160921_JK10_pdgoR_500cAMP_EZrich_galactonate.mut3.bin1.unqual.fastq', '../../data/sortseq_raw/20160920_NB_005_JK10strain/seq/20160921_JK10_pdgoR_500cAMP_EZrich_galactonate.mut3.bin2.unqual.fastq', '../../data/sortseq_raw/20160920_NB_005_JK10strain/seq/20160921_JK10_pdgoR_500cAMP_EZrich_galactonate.mut3.bin3.unqual.fastq']"
20160920,dgoR,JK10,M9galactonate,na,mut3,4,84,G,0.00656789217066,0.108408481625,-0.223357296204,0.248141815345,"['../../data/sortseq_raw/20160920_NB_005_JK10strain/seq/20160921_JK10_pdgoR_500cAMP_EZrich_galactonate.mut3.bin4.unqual.fastq', '../../data/sortseq_raw/20160920_NB_005_JK10strain/seq/20160921_JK10_pdgoR_500cAMP_EZrich_galactonate.mut3.bin1.unqual.fastq', '../../data/sortseq_raw/20160920_NB_005_JK10strain/seq/20160921_JK10_pdgoR_500cAMP_EZrich_galactonate.mut3.bin2.unqual.fastq', '../../data/sortseq_raw/20160920_NB_005_JK10strain/seq/20160921_JK10_pdgoR_500cAMP_EZrich_galactonate.mut3.bin3.unqual.fastq']"
20160920,dgoR,JK10,M9galactonate,na,mut3,4,85,T,1.63090558257e-05,0.00100525281112,-0.12166626019,0.0748945935614,"['../../data/sortseq_raw/20160920_NB_005_JK10strain/seq/20160921_JK10_pdgoR_500cAMP_EZrich_galactonate.mut3.bin4.unqual.fastq', '../../data/sortseq_raw/20160920_NB_005_JK10strain/seq/20160921_JK10_pdgoR_500cAMP_EZrich_galactonate.mut3.bin1.unqual.fastq', '../../data/sortseq_raw/20160920_NB_005_JK10strain/seq/20160921_JK10_pdgoR_500cAMP_EZrich_galactonate.mut3.bin2.unqual.fastq', '../../data/sortseq_raw/20160920_NB_005_JK10strain/seq/20160921_JK10_pdgoR_500cAMP_EZrich_galactonate.mut3.bin3.unqual.fastq']"
20160920,dgoR,JK10,M9galactonate,na,mut3,4,86,C,1.59297457826e-05,0.00138770037995,-0.0468706365685,0.0677560919605,"['../../data/sortseq_raw/20160920_NB_005_JK10strain/seq/20160921_JK10_pdgoR_500cAMP_EZrich_galactonate.mut3.bin4.unqual.fastq', '../../data/sortseq_raw/20160920_NB_005_JK10strain/seq/20160921_JK10_pdgoR_500cAMP_EZrich_galactonate.mut3.bin1.unqual.fastq', '../../data/sortseq_raw/20160920_NB_005_JK10strain/seq/20160921_JK10_pdgoR_500cAMP_EZrich_galactonate.mut3.bin2.unqual.fastq', '../../data/sortseq_raw/20160920_NB_005_JK10strain/seq/20160921_JK10_pdgoR_500cAMP_EZrich_galactonate.mut3.bin3.unqual.fastq']"
20160920,dgoR,JK10,M9galactonate,na,mut3,4,87,A,1.8884892645e-05,0.000932747126199,-0.141538869067,0.000703420995708,"['../../data/sortseq_raw/20160920_NB_005_JK10strain/seq/20160921_JK10_pdgoR_500cAMP_EZrich_galactonate.mut3.bin4.unqual.fastq', '../../data/sortseq_raw/20160920_NB_005_JK10strain/seq/20160921_JK10_pdgoR_500cAMP_EZrich_galactonate.mut3.bin1.unqual.fastq', '../../data/sortseq_raw/20160920_NB_005_JK10strain/seq/20160921_JK10_pdgoR_500cAMP_EZrich_galactonate.mut3.bin2.unqual.fastq', '../../data/sortseq_raw/20160920_NB_005_JK10strain/seq/20160921_JK10_pdgoR_500cAMP_EZrich_galactonate.mut3.bin3.unqual.fastq']"
20160920,dgoR,JK10,M9galactonate,na,mut3,4,88,T,2.8890451731e-05,0.00081801285555,-0.158073644087,0.0426199686352,"['../../data/sortseq_raw/20160920_NB_005_JK10strain/seq/20160921_JK10_pdgoR_500cAMP_EZrich_galactonate.mut3.bin4.unqual.fastq', '../../data/sortseq_raw/20160920_NB_005_JK10strain/seq/20160921_JK10_pdgoR_500cAMP_EZrich_galactonate.mut3.bin1.unqual.fastq', '../../data/sortseq_raw/20160920_NB_005_JK10strain/seq/20160921_JK10_pdgoR_500cAMP_EZrich_galactonate.mut3.bin2.unqual.fastq', '../../data/sortseq_raw/20160920_NB_005_JK10strain/seq/20160921_JK10_pdgoR_500cAMP_EZrich_galactonate.mut3.bin3.unqual.fastq']"
20160920,dgoR,JK10,M9galactonate,na,mut3,4,89,C,1.24328417168e-05,0.000950807150282,-0.116780021509,0.0835342243013,"['../../data/sortseq_raw/20160920_NB_005_JK10strain/seq/20160921_JK10_pdgoR_500cAMP_EZrich_galactonate.mut3.bin4.unqual.fastq', '../../data/sortseq_raw/20160920_NB_005_JK10strain/seq/20160921_JK10_pdgoR_500cAMP_EZrich_galactonate.mut3.bin1.unqual.fastq', '../../data/sortseq_raw/20160920_NB_005_JK10strain/seq/20160921_JK10_pdgoR_500cAMP_EZrich_galactonate.mut3.bin2.unqual.fastq', '../../data/sortseq_raw/20160920_NB_005_JK10strain/seq/20160921_JK10_pdgoR_500cAMP_EZrich_galactonate.mut3.bin3.unqual.fastq']"
20160920,dgoR,JK10,M9galactonate,na,mut3,4,90,A,1.72318363537e-05,0.00100870546279,-0.0949505375993,0.0658748945972,"['../../data/sortseq_raw/20160920_NB_005_JK10strain/seq/20160921_JK10_pdgoR_500cAMP_EZrich_galactonate.mut3.bin4.unqual.fastq', '../../data/sortseq_raw/20160920_NB_005_JK10strain/seq/20160921_JK10_pdgoR_500cAMP_EZrich_galactonate.mut3.bin1.unqual.fastq', '../../data/sortseq_raw/20160920_NB_005_JK10strain/seq/20160921_JK10_pdgoR_500cAMP_EZrich_galactonate.mut3.bin2.unqual.fastq', '../../data/sortseq_raw/20160920_NB_005_JK10strain/seq/20160921_JK10_pdgoR_500cAMP_EZrich_galactonate.mut3.bin3.unqual.fastq']"
20160920,dgoR,JK10,M9galactonate,na,mut3,4,91,C,2.58394361153e-05,0.000986927198449,-0.134835418373,0.100622952383,"['../../data/sortseq_raw/20160920_NB_005_JK10strain/seq/20160921_JK10_pdgoR_500cAMP_EZrich_galactonate.mut3.bin4.unqual.fastq', '../../data/sortseq_raw/20160920_NB_005_JK10strain/seq/20160921_JK10_pdgoR_500cAMP_EZrich_galactonate.mut3.bin1.unqual.fastq', '../../data/sortseq_raw/20160920_NB_005_JK10strain/seq/20160921_JK10_pdgoR_500cAMP_EZrich_galactonate.mut3.bin2.unqual.fastq', '../../data/sortseq_raw/20160920_NB_005_JK10strain/seq/20160921_JK10_pdgoR_500cAMP_EZrich_galactonate.mut3.bin3.unqual.fastq']"
20160920,dgoR,JK10,M9galactonate,na,mut3,4,92,G,3.20753030058e-05,0.00108705409668,-0.140091247788,0.129826748328,"['../../data/sortseq_raw/20160920_NB_005_JK10strain/seq/20160921_JK10_pdgoR_500cAMP_EZrich_galactonate.mut3.bin4.unqual.fastq', '../../data/sortseq_raw/20160920_NB_005_JK10strain/seq/20160921_JK10_pdgoR_500cAMP_EZrich_galactonate.mut3.bin1.unqual.fastq', '../../data/sortseq_raw/20160920_NB_005_JK10strain/seq/20160921_JK10_pdgoR_500cAMP_EZrich_galactonate.mut3.bin2.unqual.fastq', '../../data/sortseq_raw/20160920_NB_005_JK10strain/seq/20160921_JK10_pdgoR_500cAMP_EZrich_galactonate.mut3.bin3.unqual.fastq']"
20160920,dgoR,JK10,M9galactonate,na,mut3,4,93,C,2.91759980108e-05,0.000914155924936,-0.117418860173,0.0567804876528,"['../../data/sortseq_raw/20160920_NB_005_JK10strain/seq/20160921_JK10_pdgoR_500cAMP_EZrich_galactonate.mut3.bin4.unqual.fastq', '../../data/sortseq_raw/20160920_NB_005_JK10strain/seq/20160921_JK10_pdgoR_500cAMP_EZrich_galactonate.mut3.bin1.unqual.fastq', '../../data/sortseq_raw/20160920_NB_005_JK10strain/seq/20160921_JK10_pdgoR_500cAMP_EZrich_galactonate.mut3.bin2.unqual.fastq', '../../data/sortseq_raw/20160920_NB_005_JK10strain/seq/20160921_JK10_pdgoR_500cAMP_EZrich_galactonate.mut3.bin3.unqual.fastq']"
20160920,dgoR,JK10,M9galactonate,na,mut3,4,94,T,2.19465312289e-05,0.000896627078032,-0.0731956666145,0.0332538170318,"['../../data/sortseq_raw/20160920_NB_005_JK10strain/seq/20160921_JK10_pdgoR_500cAMP_EZrich_galactonate.mut3.bin4.unqual.fastq', '../../data/sortseq_raw/20160920_NB_005_JK10strain/seq/20160921_JK10_pdgoR_500cAMP_EZrich_galactonate.mut3.bin1.unqual.fastq', '../../data/sortseq_raw/20160920_NB_005_JK10strain/seq/20160921_JK10_pdgoR_500cAMP_EZrich_galactonate.mut3.bin2.unqual.fastq', '../../data/sortseq_raw/20160920_NB_005_JK10strain/seq/20160921_JK10_pdgoR_500cAMP_EZrich_galactonate.mut3.bin3.unqual.fastq']"
20160920,dgoR,JK10,M9galactonate,na,mut3,4,95,G,1.68936759141e-05,0.000760114543047,-0.138475597131,0.0919908844984,"['../../data/sortseq_raw/20160920_NB_005_JK10strain/seq/20160921_JK10_pdgoR_500cAMP_EZrich_galactonate.mut3.bin4.unqual.fastq', '../../data/sortseq_raw/20160920_NB_005_JK10strain/seq/20160921_JK10_pdgoR_500cAMP_EZrich_galactonate.mut3.bin1.unqual.fastq', '../../data/sortseq_raw/20160920_NB_005_JK10strain/seq/20160921_JK10_pdgoR_500cAMP_EZrich_galactonate.mut3.bin2.unqual.fastq', '../../data/sortseq_raw/20160920_NB_005_JK10strain/seq/20160921_JK10_pdgoR_500cAMP_EZrich_galactonate.mut3.bin3.unqual.fastq']"
20160920,dgoR,JK10,M9galactonate,na,mut3,4,96,G,1.65289880738e-05,0.000602354920905,-0.152069154749,0.0793427609228,"['../../data/sortseq_raw/20160920_NB_005_JK10strain/seq/20160921_JK10_pdgoR_500cAMP_EZrich_galactonate.mut3.bin4.unqual.fastq', '../../data/sortseq_raw/20160920_NB_005_JK10strain/seq/20160921_JK10_pdgoR_500cAMP_EZrich_galactonate.mut3.bin1.unqual.fastq', '../../data/sortseq_raw/20160920_NB_005_JK10strain/seq/20160921_JK10_pdgoR_500cAMP_EZrich_galactonate.mut3.bin2.unqual.fastq', '../../data/sortseq_raw/20160920_NB_005_JK10strain/seq/20160921_JK10_pdgoR_500cAMP_EZrich_galactonate.mut3.bin3.unqual.fastq']"
20160920,dgoR,JK10,M9galactonate,na,mut3,4,97,T,2.02923930198e-05,0.000972319826029,-0.131432885229,0.0748603233537,"['../../data/sortseq_raw/20160920_NB_005_JK10strain/seq/20160921_JK10_pdgoR_500cAMP_EZrich_galactonate.mut3.bin4.unqual.fastq', '../../data/sortseq_raw/20160920_NB_005_JK10strain/seq/20160921_JK10_pdgoR_500cAMP_EZrich_galactonate.mut3.bin1.unqual.fastq', '../../data/sortseq_raw/20160920_NB_005_JK10strain/seq/20160921_JK10_pdgoR_500cAMP_EZrich_galactonate.mut3.bin2.unqual.fastq', '../../data/sortseq_raw/20160920_NB_005_JK10strain/seq/20160921_JK10_pdgoR_500cAMP_EZrich_galactonate.mut3.bin3.unqual.fastq']"
20160920,dgoR,JK10,M9galactonate,na,mut3,4,98,A,1.01973083709e-05,0.00105332434582,-0.066225729017,0.0973043937165,"['../../data/sortseq_raw/20160920_NB_005_JK10strain/seq/20160921_JK10_pdgoR_500cAMP_EZrich_galactonate.mut3.bin4.unqual.fastq', '../../data/sortseq_raw/20160920_NB_005_JK10strain/seq/20160921_JK10_pdgoR_500cAMP_EZrich_galactonate.mut3.bin1.unqual.fastq', '../../data/sortseq_raw/20160920_NB_005_JK10strain/seq/20160921_JK10_pdgoR_500cAMP_EZrich_galactonate.mut3.bin2.unqual.fastq', '../../data/sortseq_raw/20160920_NB_005_JK10strain/seq/20160921_JK10_pdgoR_500cAMP_EZrich_galactonate.mut3.bin3.unqual.fastq']"
20160920,dgoR,JK10,M9galactonate,na,mut3,4,99,C,1.46375648207e-05,0.000889987363295,-0.115890267929,0.101106755801,"['../../data/sortseq_raw/20160920_NB_005_JK10strain/seq/20160921_JK10_pdgoR_500cAMP_EZrich_galactonate.mut3.bin4.unqual.fastq', '../../data/sortseq_raw/20160920_NB_005_JK10strain/seq/20160921_JK10_pdgoR_500cAMP_EZrich_galactonate.mut3.bin1.unqual.fastq', '../../data/sortseq_raw/20160920_NB_005_JK10strain/seq/20160921_JK10_pdgoR_500cAMP_EZrich_galactonate.mut3.bin2.unqual.fastq', '../../data/sortseq_raw/20160920_NB_005_JK10strain/seq/20160921_JK10_pdgoR_500cAMP_EZrich_galactonate.mut3.bin3.unqual.fastq']"
20160920,dgoR,JK10,M9galactonate,na,mut3,4,100,T,2.25485564108e-05,0.000827574044771,-0.149807968813,0.0770243501597,"['../../data/sortseq_raw/20160920_NB_005_JK10strain/seq/20160921_JK10_pdgoR_500cAMP_EZrich_galactonate.mut3.bin4.unqual.fastq', '../../data/sortseq_raw/20160920_NB_005_JK10strain/seq/20160921_JK10_pdgoR_500cAMP_EZrich_galactonate.mut3.bin1.unqual.fastq', '../../data/sortseq_raw/20160920_NB_005_JK10strain/seq/20160921_JK10_pdgoR_500cAMP_EZrich_galactonate.mut3.bin2.unqual.fastq', '../../data/sortseq_raw/20160920_NB_005_JK10strain/seq/20160921_JK10_pdgoR_500cAMP_EZrich_galactonate.mut3.bin3.unqual.fastq']"
20160920,dgoR,JK10,M9galactonate,na,mut3,4,101,A,1.62809560304e-05,0.00102623430969,-0.105504474127,0.0901016993554,"['../../data/sortseq_raw/20160920_NB_005_JK10strain/seq/20160921_JK10_pdgoR_500cAMP_EZrich_galactonate.mut3.bin4.unqual.fastq', '../../data/sortseq_raw/20160920_NB_005_JK10strain/seq/20160921_JK10_pdgoR_500cAMP_EZrich_galactonate.mut3.bin1.unqual.fastq', '../../data/sortseq_raw/20160920_NB_005_JK10strain/seq/20160921_JK10_pdgoR_500cAMP_EZrich_galactonate.mut3.bin2.unqual.fastq', '../../data/sortseq_raw/20160920_NB_005_JK10strain/seq/20160921_JK10_pdgoR_500cAMP_EZrich_galactonate.mut3.bin3.unqual.fastq']"
20160920,dgoR,JK10,M9galactonate,na,mut3,4,102,C,2.31324806195e-05,0.000884144414327,-0.111144259264,0.108297640347,"['../../data/sortseq_raw/20160920_NB_005_JK10strain/seq/20160921_JK10_pdgoR_500cAMP_EZrich_galactonate.mut3.bin4.unqual.fastq', '../../data/sortseq_raw/20160920_NB_005_JK10strain/seq/20160921_JK10_pdgoR_500cAMP_EZrich_galactonate.mut3.bin1.unqual.fastq', '../../data/sortseq_raw/20160920_NB_005_JK10strain/seq/20160921_JK10_pdgoR_500cAMP_EZrich_galactonate.mut3.bin2.unqual.fastq', '../../data/sortseq_raw/20160920_NB_005_JK10strain/seq/20160921_JK10_pdgoR_500cAMP_EZrich_galactonate.mut3.bin3.unqual.fastq']"
20160920,dgoR,JK10,M9galactonate,na,mut3,4,103,A,1.27027221495e-05,0.000801811951593,-0.0822032905257,0.0940479005503,"['../../data/sortseq_raw/20160920_NB_005_JK10strain/seq/20160921_JK10_pdgoR_500cAMP_EZrich_galactonate.mut3.bin4.unqual.fastq', '../../data/sortseq_raw/20160920_NB_005_JK10strain/seq/20160921_JK10_pdgoR_500cAMP_EZrich_galactonate.mut3.bin1.unqual.fastq', '../../data/sortseq_raw/20160920_NB_005_JK10strain/seq/20160921_JK10_pdgoR_500cAMP_EZrich_galactonate.mut3.bin2.unqual.fastq', '../../data/sortseq_raw/20160920_NB_005_JK10strain/seq/20160921_JK10_pdgoR_500cAMP_EZrich_galactonate.mut3.bin3.unqual.fastq']"
20160920,dgoR,JK10,M9galactonate,na,mut3,4,104,A,7.91283695871e-06,0.000489214181793,0.0996212668649,0.0961062353692,"['../../data/sortseq_raw/20160920_NB_005_JK10strain/seq/20160921_JK10_pdgoR_500cAMP_EZrich_galactonate.mut3.bin4.unqual.fastq', '../../data/sortseq_raw/20160920_NB_005_JK10strain/seq/20160921_JK10_pdgoR_500cAMP_EZrich_galactonate.mut3.bin1.unqual.fastq', '../../data/sortseq_raw/20160920_NB_005_JK10strain/seq/20160921_JK10_pdgoR_500cAMP_EZrich_galactonate.mut3.bin2.unqual.fastq', '../../data/sortseq_raw/20160920_NB_005_JK10strain/seq/20160921_JK10_pdgoR_500cAMP_EZrich_galactonate.mut3.bin3.unqual.fastq']"
20160920,dgoR,JK10,M9galactonate,na,mut3,4,105,A,2.23390650923e-05,0.000645380272398,-0.0971602776184,0.0701914080908,"['../../data/sortseq_raw/20160920_NB_005_JK10strain/seq/20160921_JK10_pdgoR_500cAMP_EZrich_galactonate.mut3.bin4.unqual.fastq', '../../data/sortseq_raw/20160920_NB_005_JK10strain/seq/20160921_JK10_pdgoR_500cAMP_EZrich_galactonate.mut3.bin1.unqual.fastq', '../../data/sortseq_raw/20160920_NB_005_JK10strain/seq/20160921_JK10_pdgoR_500cAMP_EZrich_galactonate.mut3.bin2.unqual.fastq', '../../data/sortseq_raw/20160920_NB_005_JK10strain/seq/20160921_JK10_pdgoR_500cAMP_EZrich_galactonate.mut3.bin3.unqual.fastq']"
20160920,dgoR,JK10,M9galactonate,na,mut3,4,106,G,2.41655558296e-05,0.000674860605829,-0.18076156223,0.0441816275228,"['../../data/sortseq_raw/20160920_NB_005_JK10strain/seq/20160921_JK10_pdgoR_500cAMP_EZrich_galactonate.mut3.bin4.unqual.fastq', '../../data/sortseq_raw/20160920_NB_005_JK10strain/seq/20160921_JK10_pdgoR_500cAMP_EZrich_galactonate.mut3.bin1.unqual.fastq', '../../data/sortseq_raw/20160920_NB_005_JK10strain/seq/20160921_JK10_pdgoR_500cAMP_EZrich_galactonate.mut3.bin2.unqual.fastq', '../../data/sortseq_raw/20160920_NB_005_JK10strain/seq/20160921_JK10_pdgoR_500cAMP_EZrich_galactonate.mut3.bin3.unqual.fastq']"
20160920,dgoR,JK10,M9galactonate,na,mut3,4,107,T,9.99917792324e-06,0.000637147026125,-0.0623246036321,0.0254293240479,"['../../data/sortseq_raw/20160920_NB_005_JK10strain/seq/20160921_JK10_pdgoR_500cAMP_EZrich_galactonate.mut3.bin4.unqual.fastq', '../../data/sortseq_raw/20160920_NB_005_JK10strain/seq/20160921_JK10_pdgoR_500cAMP_EZrich_galactonate.mut3.bin1.unqual.fastq', '../../data/sortseq_raw/20160920_NB_005_JK10strain/seq/20160921_JK10_pdgoR_500cAMP_EZrich_galactonate.mut3.bin2.unqual.fastq', '../../data/sortseq_raw/20160920_NB_005_JK10strain/seq/20160921_JK10_pdgoR_500cAMP_EZrich_galactonate.mut3.bin3.unqual.fastq']"
20160920,dgoR,JK10,M9galactonate,na,mut3,4,108,T,1.6893679454e-05,0.00058509166259,-0.119072223356,0.0578285785617,"['../../data/sortseq_raw/20160920_NB_005_JK10strain/seq/20160921_JK10_pdgoR_500cAMP_EZrich_galactonate.mut3.bin4.unqual.fastq', '../../data/sortseq_raw/20160920_NB_005_JK10strain/seq/20160921_JK10_pdgoR_500cAMP_EZrich_galactonate.mut3.bin1.unqual.fastq', '../../data/sortseq_raw/20160920_NB_005_JK10strain/seq/20160921_JK10_pdgoR_500cAMP_EZrich_galactonate.mut3.bin2.unqual.fastq', '../../data/sortseq_raw/20160920_NB_005_JK10strain/seq/20160921_JK10_pdgoR_500cAMP_EZrich_galactonate.mut3.bin3.unqual.fastq']"
20160920,dgoR,JK10,M9galactonate,na,mut3,4,109,G,2.55748709736e-05,0.000884144414327,-0.166115722165,0.172491919381,"['../../data/sortseq_raw/20160920_NB_005_JK10strain/seq/20160921_JK10_pdgoR_500cAMP_EZrich_galactonate.mut3.bin4.unqual.fastq', '../../data/sortseq_raw/20160920_NB_005_JK10strain/seq/20160921_JK10_pdgoR_500cAMP_EZrich_galactonate.mut3.bin1.unqual.fastq', '../../data/sortseq_raw/20160920_NB_005_JK10strain/seq/20160921_JK10_pdgoR_500cAMP_EZrich_galactonate.mut3.bin2.unqual.fastq', '../../data/sortseq_raw/20160920_NB_005_JK10strain/seq/20160921_JK10_pdgoR_500cAMP_EZrich_galactonate.mut3.bin3.unqual.fastq']"
20160920,dgoR,JK10,M9galactonate,na,mut3,4,110,C,3.67217757523e-05,0.00103818579622,-0.0309127134344,0.189716898703,"['../../data/sortseq_raw/20160920_NB_005_JK10strain/seq/20160921_JK10_pdgoR_500cAMP_EZrich_galactonate.mut3.bin4.unqual.fastq', '../../data/sortseq_raw/20160920_NB_005_JK10strain/seq/20160921_JK10_pdgoR_500cAMP_EZrich_galactonate.mut3.bin1.unqual.fastq', '../../data/sortseq_raw/20160920_NB_005_JK10strain/seq/20160921_JK10_pdgoR_500cAMP_EZrich_galactonate.mut3.bin2.unqual.fastq', '../../data/sortseq_raw/20160920_NB_005_JK10strain/seq/20160921_JK10_pdgoR_500cAMP_EZrich_galactonate.mut3.bin3.unqual.fastq']"
20160920,dgoR,JK10,M9galactonate,na,mut3,4,111,C,3.68256818728e-05,0.00104455992236,-0.0582577340883,0.145376714552,"['../../data/sortseq_raw/20160920_NB_005_JK10strain/seq/20160921_JK10_pdgoR_500cAMP_EZrich_galactonate.mut3.bin4.unqual.fastq', '../../data/sortseq_raw/20160920_NB_005_JK10strain/seq/20160921_JK10_pdgoR_500cAMP_EZrich_galactonate.mut3.bin1.unqual.fastq', '../../data/sortseq_raw/20160920_NB_005_JK10strain/seq/20160921_JK10_pdgoR_500cAMP_EZrich_galactonate.mut3.bin2.unqual.fastq', '../../data/sortseq_raw/20160920_NB_005_JK10strain/seq/20160921_JK10_pdgoR_500cAMP_EZrich_galactonate.mut3.bin3.unqual.fastq']"
20160920,dgoR,JK10,M9galactonate,na,mut3,4,112,G,3.41613271471e-05,0.00104801257403,-0.145525345959,0.133533341261,"['../../data/sortseq_raw/20160920_NB_005_JK10strain/seq/20160921_JK10_pdgoR_500cAMP_EZrich_galactonate.mut3.bin4.unqual.fastq', '../../data/sortseq_raw/20160920_NB_005_JK10strain/seq/20160921_JK10_pdgoR_500cAMP_EZrich_galactonate.mut3.bin1.unqual.fastq', '../../data/sortseq_raw/20160920_NB_005_JK10strain/seq/20160921_JK10_pdgoR_500cAMP_EZrich_galactonate.mut3.bin2.unqual.fastq', '../../data/sortseq_raw/20160920_NB_005_JK10strain/seq/20160921_JK10_pdgoR_500cAMP_EZrich_galactonate.mut3.bin3.unqual.fastq']"
20160920,dgoR,JK10,M9galactonate,na,mut3,4,113,C,4.00858108442e-05,0.00105651140889,-0.0827793305577,0.0872101341111,"['../../data/sortseq_raw/20160920_NB_005_JK10strain/seq/20160921_JK10_pdgoR_500cAMP_EZrich_galactonate.mut3.bin4.unqual.fastq', '../../data/sortseq_raw/20160920_NB_005_JK10strain/seq/20160921_JK10_pdgoR_500cAMP_EZrich_galactonate.mut3.bin1.unqual.fastq', '../../data/sortseq_raw/20160920_NB_005_JK10strain/seq/20160921_JK10_pdgoR_500cAMP_EZrich_galactonate.mut3.bin2.unqual.fastq', '../../data/sortseq_raw/20160920_NB_005_JK10strain/seq/20160921_JK10_pdgoR_500cAMP_EZrich_galactonate.mut3.bin3.unqual.fastq']"
20160920,dgoR,JK10,M9galactonate,na,mut3,4,114,G,1.99440541855e-05,0.00096196187104,-0.0899585179103,0.0456389378179,"['../../data/sortseq_raw/20160920_NB_005_JK10strain/seq/20160921_JK10_pdgoR_500cAMP_EZrich_galactonate.mut3.bin4.unqual.fastq', '../../data/sortseq_raw/20160920_NB_005_JK10strain/seq/20160921_JK10_pdgoR_500cAMP_EZrich_galactonate.mut3.bin1.unqual.fastq', '../../data/sortseq_raw/20160920_NB_005_JK10strain/seq/20160921_JK10_pdgoR_500cAMP_EZrich_galactonate.mut3.bin2.unqual.fastq', '../../data/sortseq_raw/20160920_NB_005_JK10strain/seq/20160921_JK10_pdgoR_500cAMP_EZrich_galactonate.mut3.bin3.unqual.fastq']"
20160920,dgoR,JK10,M9galactonate,na,mut3,4,115,T,7.70187439982e-06,0.000835276113865,-0.0405225941833,0.061114544773,"['../../data/sortseq_raw/20160920_NB_005_JK10strain/seq/20160921_JK10_pdgoR_500cAMP_EZrich_galactonate.mut3.bin4.unqual.fastq', '../../data/sortseq_raw/20160920_NB_005_JK10strain/seq/20160921_JK10_pdgoR_500cAMP_EZrich_galactonate.mut3.bin1.unqual.fastq', '../../data/sortseq_raw/20160920_NB_005_JK10strain/seq/20160921_JK10_pdgoR_500cAMP_EZrich_galactonate.mut3.bin2.unqual.fastq', '../../data/sortseq_raw/20160920_NB_005_JK10strain/seq/20160921_JK10_pdgoR_500cAMP_EZrich_galactonate.mut3.bin3.unqual.fastq']"
20160920,dgoR,JK10,M9galactonate,na,mut3,4,116,T,1.75224994311e-05,0.000439017938385,-0.162486321549,0.0703622831291,"['../../data/sortseq_raw/20160920_NB_005_JK10strain/seq/20160921_JK10_pdgoR_500cAMP_EZrich_galactonate.mut3.bin4.unqual.fastq', '../../data/sortseq_raw/20160920_NB_005_JK10strain/seq/20160921_JK10_pdgoR_500cAMP_EZrich_galactonate.mut3.bin1.unqual.fastq', '../../data/sortseq_raw/20160920_NB_005_JK10strain/seq/20160921_JK10_pdgoR_500cAMP_EZrich_galactonate.mut3.bin2.unqual.fastq', '../../data/sortseq_raw/20160920_NB_005_JK10strain/seq/20160921_JK10_pdgoR_500cAMP_EZrich_galactonate.mut3.bin3.unqual.fastq']"
20160920,dgoR,JK10,M9galactonate,na,mut3,4,117,A,2.59276121856e-05,0.000805530191845,-0.104107316976,0.07559966867,"['../../data/sortseq_raw/20160920_NB_005_JK10strain/seq/20160921_JK10_pdgoR_500cAMP_EZrich_galactonate.mut3.bin4.unqual.fastq', '../../data/sortseq_raw/20160920_NB_005_JK10strain/seq/20160921_JK10_pdgoR_500cAMP_EZrich_galactonate.mut3.bin1.unqual.fastq', '../../data/sortseq_raw/20160920_NB_005_JK10strain/seq/20160921_JK10_pdgoR_500cAMP_EZrich_galactonate.mut3.bin2.unqual.fastq', '../../data/sortseq_raw/20160920_NB_005_JK10strain/seq/20160921_JK10_pdgoR_500cAMP_EZrich_galactonate.mut3.bin3.unqual.fastq']"
20160920,dgoR,JK10,M9galactonate,na,mut3,4,118,T,1.8821555208e-05,0.000878832642537,-0.121967667863,0.044780490005,"['../../data/sortseq_raw/20160920_NB_005_JK10strain/seq/20160921_JK10_pdgoR_500cAMP_EZrich_galactonate.mut3.bin4.unqual.fastq', '../../data/sortseq_raw/20160920_NB_005_JK10strain/seq/20160921_JK10_pdgoR_500cAMP_EZrich_galactonate.mut3.bin1.unqual.fastq', '../../data/sortseq_raw/20160920_NB_005_JK10strain/seq/20160921_JK10_pdgoR_500cAMP_EZrich_galactonate.mut3.bin2.unqual.fastq', '../../data/sortseq_raw/20160920_NB_005_JK10strain/seq/20160921_JK10_pdgoR_500cAMP_EZrich_galactonate.mut3.bin3.unqual.fastq']"
20160920,dgoR,JK10,M9galactonate,na,mut3,4,119,G,1.79298897094e-05,0.000948416852977,-0.127930208693,0.0675253747977,"['../../data/sortseq_raw/20160920_NB_005_JK10strain/seq/20160921_JK10_pdgoR_500cAMP_EZrich_galactonate.mut3.bin4.unqual.fastq', '../../data/sortseq_raw/20160920_NB_005_JK10strain/seq/20160921_JK10_pdgoR_500cAMP_EZrich_galactonate.mut3.bin1.unqual.fastq', '../../data/sortseq_raw/20160920_NB_005_JK10strain/seq/20160921_JK10_pdgoR_500cAMP_EZrich_galactonate.mut3.bin2.unqual.fastq', '../../data/sortseq_raw/20160920_NB_005_JK10strain/seq/20160921_JK10_pdgoR_500cAMP_EZrich_galactonate.mut3.bin3.unqual.fastq']"
20160920,dgoR,JK10,M9galactonate,na,mut3,4,120,C,1.20260222815e-05,0.00143789662336,-0.0389373500157,0.0859126728276,"['../../data/sortseq_raw/20160920_NB_005_JK10strain/seq/20160921_JK10_pdgoR_500cAMP_EZrich_galactonate.mut3.bin4.unqual.fastq', '../../data/sortseq_raw/20160920_NB_005_JK10strain/seq/20160921_JK10_pdgoR_500cAMP_EZrich_galactonate.mut3.bin1.unqual.fastq', '../../data/sortseq_raw/20160920_NB_005_JK10strain/seq/20160921_JK10_pdgoR_500cAMP_EZrich_galactonate.mut3.bin2.unqual.fastq', '../../data/sortseq_raw/20160920_NB_005_JK10strain/seq/20160921_JK10_pdgoR_500cAMP_EZrich_galactonate.mut3.bin3.unqual.fastq']"
20160920,dgoR,JK10,M9galactonate,na,mut3,4,121,A,9.10333489342e-06,0.000990645438702,-0.0532531294813,0.109234711274,"['../../data/sortseq_raw/20160920_NB_005_JK10strain/seq/20160921_JK10_pdgoR_500cAMP_EZrich_galactonate.mut3.bin4.unqual.fastq', '../../data/sortseq_raw/20160920_NB_005_JK10strain/seq/20160921_JK10_pdgoR_500cAMP_EZrich_galactonate.mut3.bin1.unqual.fastq', '../../data/sortseq_raw/20160920_NB_005_JK10strain/seq/20160921_JK10_pdgoR_500cAMP_EZrich_galactonate.mut3.bin2.unqual.fastq', '../../data/sortseq_raw/20160920_NB_005_JK10strain/seq/20160921_JK10_pdgoR_500cAMP_EZrich_galactonate.mut3.bin3.unqual.fastq']"
20160920,dgoR,JK10,M9galactonate,na,mut3,4,122,T,2.07654702881e-05,0.000937527720809,-0.113187510391,0.102386502795,"['../../data/sortseq_raw/20160920_NB_005_JK10strain/seq/20160921_JK10_pdgoR_500cAMP_EZrich_galactonate.mut3.bin4.unqual.fastq', '../../data/sortseq_raw/20160920_NB_005_JK10strain/seq/20160921_JK10_pdgoR_500cAMP_EZrich_galactonate.mut3.bin1.unqual.fastq', '../../data/sortseq_raw/20160920_NB_005_JK10strain/seq/20160921_JK10_pdgoR_500cAMP_EZrich_galactonate.mut3.bin2.unqual.fastq', '../../data/sortseq_raw/20160920_NB_005_JK10strain/seq/20160921_JK10_pdgoR_500cAMP_EZrich_galactonate.mut3.bin3.unqual.fastq']"
20160920,dgoR,JK10,M9galactonate,na,mut3,4,123,C,2.10424895065e-05,0.00123870518126,-0.087692610027,0.0968258573892,"['../../data/sortseq_raw/20160920_NB_005_JK10strain/seq/20160921_JK10_pdgoR_500cAMP_EZrich_galactonate.mut3.bin4.unqual.fastq', '../../data/sortseq_raw/20160920_NB_005_JK10strain/seq/20160921_JK10_pdgoR_500cAMP_EZrich_galactonate.mut3.bin1.unqual.fastq', '../../data/sortseq_raw/20160920_NB_005_JK10strain/seq/20160921_JK10_pdgoR_500cAMP_EZrich_galactonate.mut3.bin2.unqual.fastq', '../../data/sortseq_raw/20160920_NB_005_JK10strain/seq/20160921_JK10_pdgoR_500cAMP_EZrich_galactonate.mut3.bin3.unqual.fastq']"
20160920,dgoR,JK10,M9galactonate,na,mut3,4,124,G,2.00465992904e-05,0.00103951373916,-0.115531388183,0.0921737275886,"['../../data/sortseq_raw/20160920_NB_005_JK10strain/seq/20160921_JK10_pdgoR_500cAMP_EZrich_galactonate.mut3.bin4.unqual.fastq', '../../data/sortseq_raw/20160920_NB_005_JK10strain/seq/20160921_JK10_pdgoR_500cAMP_EZrich_galactonate.mut3.bin1.unqual.fastq', '../../data/sortseq_raw/20160920_NB_005_JK10strain/seq/20160921_JK10_pdgoR_500cAMP_EZrich_galactonate.mut3.bin2.unqual.fastq', '../../data/sortseq_raw/20160920_NB_005_JK10strain/seq/20160921_JK10_pdgoR_500cAMP_EZrich_galactonate.mut3.bin3.unqual.fastq']"
20160920,dgoR,JK10,M9galactonate,na,mut3,4,125,A,1.60835481854e-05,0.000953728624766,-0.0752567533757,0.0611957004296,"['../../data/sortseq_raw/20160920_NB_005_JK10strain/seq/20160921_JK10_pdgoR_500cAMP_EZrich_galactonate.mut3.bin4.unqual.fastq', '../../data/sortseq_raw/20160920_NB_005_JK10strain/seq/20160921_JK10_pdgoR_500cAMP_EZrich_galactonate.mut3.bin1.unqual.fastq', '../../data/sortseq_raw/20160920_NB_005_JK10strain/seq/20160921_JK10_pdgoR_500cAMP_EZrich_galactonate.mut3.bin2.unqual.fastq', '../../data/sortseq_raw/20160920_NB_005_JK10strain/seq/20160921_JK10_pdgoR_500cAMP_EZrich_galactonate.mut3.bin3.unqual.fastq']"
20160920,dgoR,JK10,M9galactonate,na,mut3,4,126,T,1.85951633079e-05,0.000872192927801,-0.108961854537,0.122478601832,"['../../data/sortseq_raw/20160920_NB_005_JK10strain/seq/20160921_JK10_pdgoR_500cAMP_EZrich_galactonate.mut3.bin4.unqual.fastq', '../../data/sortseq_raw/20160920_NB_005_JK10strain/seq/20160921_JK10_pdgoR_500cAMP_EZrich_galactonate.mut3.bin1.unqual.fastq', '../../data/sortseq_raw/20160920_NB_005_JK10strain/seq/20160921_JK10_pdgoR_500cAMP_EZrich_galactonate.mut3.bin2.unqual.fastq', '../../data/sortseq_raw/20160920_NB_005_JK10strain/seq/20160921_JK10_pdgoR_500cAMP_EZrich_galactonate.mut3.bin3.unqual.fastq']"
20160920,dgoR,JK10,M9galactonate,na,mut3,4,127,C,2.69480864671e-05,0.00117761980568,-0.0712232144087,0.142716490691,"['../../data/sortseq_raw/20160920_NB_005_JK10strain/seq/20160921_JK10_pdgoR_500cAMP_EZrich_galactonate.mut3.bin4.unqual.fastq', '../../data/sortseq_raw/20160920_NB_005_JK10strain/seq/20160921_JK10_pdgoR_500cAMP_EZrich_galactonate.mut3.bin1.unqual.fastq', '../../data/sortseq_raw/20160920_NB_005_JK10strain/seq/20160921_JK10_pdgoR_500cAMP_EZrich_galactonate.mut3.bin2.unqual.fastq', '../../data/sortseq_raw/20160920_NB_005_JK10strain/seq/20160921_JK10_pdgoR_500cAMP_EZrich_galactonate.mut3.bin3.unqual.fastq']"
20160920,dgoR,JK10,M9galactonate,na,mut3,4,128,G,4.35194515275e-05,0.00817800384679,0.00867417032225,0.194459600249,"['../../data/sortseq_raw/20160920_NB_005_JK10strain/seq/20160921_JK10_pdgoR_500cAMP_EZrich_galactonate.mut3.bin4.unqual.fastq', '../../data/sortseq_raw/20160920_NB_005_JK10strain/seq/20160921_JK10_pdgoR_500cAMP_EZrich_galactonate.mut3.bin1.unqual.fastq', '../../data/sortseq_raw/20160920_NB_005_JK10strain/seq/20160921_JK10_pdgoR_500cAMP_EZrich_galactonate.mut3.bin2.unqual.fastq', '../../data/sortseq_raw/20160920_NB_005_JK10strain/seq/20160921_JK10_pdgoR_500cAMP_EZrich_galactonate.mut3.bin3.unqual.fastq']"
20160920,dgoR,JK10,M9galactonate,na,mut3,4,129,G,0.000391912845674,0.018552690917,0.0636807413884,0.190267266867,"['../../data/sortseq_raw/20160920_NB_005_JK10strain/seq/20160921_JK10_pdgoR_500cAMP_EZrich_galactonate.mut3.bin4.unqual.fastq', '../../data/sortseq_raw/20160920_NB_005_JK10strain/seq/20160921_JK10_pdgoR_500cAMP_EZrich_galactonate.mut3.bin1.unqual.fastq', '../../data/sortseq_raw/20160920_NB_005_JK10strain/seq/20160921_JK10_pdgoR_500cAMP_EZrich_galactonate.mut3.bin2.unqual.fastq', '../../data/sortseq_raw/20160920_NB_005_JK10strain/seq/20160921_JK10_pdgoR_500cAMP_EZrich_galactonate.mut3.bin3.unqual.fastq']"
20160920,dgoR,JK10,M9galactonate,na,mut3,4,130,G,0.000256694846814,0.0284376326283,0.0157384591577,0.172491791857,"['../../data/sortseq_raw/20160920_NB_005_JK10strain/seq/20160921_JK10_pdgoR_500cAMP_EZrich_galactonate.mut3.bin4.unqual.fastq', '../../data/sortseq_raw/20160920_NB_005_JK10strain/seq/20160921_JK10_pdgoR_500cAMP_EZrich_galactonate.mut3.bin1.unqual.fastq', '../../data/sortseq_raw/20160920_NB_005_JK10strain/seq/20160921_JK10_pdgoR_500cAMP_EZrich_galactonate.mut3.bin2.unqual.fastq', '../../data/sortseq_raw/20160920_NB_005_JK10strain/seq/20160921_JK10_pdgoR_500cAMP_EZrich_galactonate.mut3.bin3.unqual.fastq']"
20160920,dgoR,JK10,M9galactonate,na,mut3,4,131,G,6.16354733451e-05,0.00666494565261,0.0429977392017,0.0593891457955,"['../../data/sortseq_raw/20160920_NB_005_JK10strain/seq/20160921_JK10_pdgoR_500cAMP_EZrich_galactonate.mut3.bin4.unqual.fastq', '../../data/sortseq_raw/20160920_NB_005_JK10strain/seq/20160921_JK10_pdgoR_500cAMP_EZrich_galactonate.mut3.bin1.unqual.fastq', '../../data/sortseq_raw/20160920_NB_005_JK10strain/seq/20160921_JK10_pdgoR_500cAMP_EZrich_galactonate.mut3.bin2.unqual.fastq', '../../data/sortseq_raw/20160920_NB_005_JK10strain/seq/20160921_JK10_pdgoR_500cAMP_EZrich_galactonate.mut3.bin3.unqual.fastq']"
20160920,dgoR,JK10,M9galactonate,na,mut3,4,132,T,0.000118153563932,0.00567615933403,-0.0497206831796,-0.0470652245631,"['../../data/sortseq_raw/20160920_NB_005_JK10strain/seq/20160921_JK10_pdgoR_500cAMP_EZrich_galactonate.mut3.bin4.unqual.fastq', '../../data/sortseq_raw/20160920_NB_005_JK10strain/seq/20160921_JK10_pdgoR_500cAMP_EZrich_galactonate.mut3.bin1.unqual.fastq', '../../data/sortseq_raw/20160920_NB_005_JK10strain/seq/20160921_JK10_pdgoR_500cAMP_EZrich_galactonate.mut3.bin2.unqual.fastq', '../../data/sortseq_raw/20160920_NB_005_JK10strain/seq/20160921_JK10_pdgoR_500cAMP_EZrich_galactonate.mut3.bin3.unqual.fastq']"
20160920,dgoR,JK10,M9galactonate,na,mut3,4,133,A,1.78323508534e-05,0.00112981385958,-0.0348212735148,0.0304382732567,"['../../data/sortseq_raw/20160920_NB_005_JK10strain/seq/20160921_JK10_pdgoR_500cAMP_EZrich_galactonate.mut3.bin4.unqual.fastq', '../../data/sortseq_raw/20160920_NB_005_JK10strain/seq/20160921_JK10_pdgoR_500cAMP_EZrich_galactonate.mut3.bin1.unqual.fastq', '../../data/sortseq_raw/20160920_NB_005_JK10strain/seq/20160921_JK10_pdgoR_500cAMP_EZrich_galactonate.mut3.bin2.unqual.fastq', '../../data/sortseq_raw/20160920_NB_005_JK10strain/seq/20160921_JK10_pdgoR_500cAMP_EZrich_galactonate.mut3.bin3.unqual.fastq']"
20160920,dgoR,JK10,M9galactonate,na,mut3,4,134,A,4.612192e-05,0.00485947442143,-0.03777207595,0.0132700833366,"['../../data/sortseq_raw/20160920_NB_005_JK10strain/seq/20160921_JK10_pdgoR_500cAMP_EZrich_galactonate.mut3.bin4.unqual.fastq', '../../data/sortseq_raw/20160920_NB_005_JK10strain/seq/20160921_JK10_pdgoR_500cAMP_EZrich_galactonate.mut3.bin1.unqual.fastq', '../../data/sortseq_raw/20160920_NB_005_JK10strain/seq/20160921_JK10_pdgoR_500cAMP_EZrich_galactonate.mut3.bin2.unqual.fastq', '../../data/sortseq_raw/20160920_NB_005_JK10strain/seq/20160921_JK10_pdgoR_500cAMP_EZrich_galactonate.mut3.bin3.unqual.fastq']"
20160920,dgoR,JK10,M9galactonate,na,mut3,4,135,A,7.19084318733e-05,0.0024049046776,-0.011990544415,0.0962765077374,"['../../data/sortseq_raw/20160920_NB_005_JK10strain/seq/20160921_JK10_pdgoR_500cAMP_EZrich_galactonate.mut3.bin4.unqual.fastq', '../../data/sortseq_raw/20160920_NB_005_JK10strain/seq/20160921_JK10_pdgoR_500cAMP_EZrich_galactonate.mut3.bin1.unqual.fastq', '../../data/sortseq_raw/20160920_NB_005_JK10strain/seq/20160921_JK10_pdgoR_500cAMP_EZrich_galactonate.mut3.bin2.unqual.fastq', '../../data/sortseq_raw/20160920_NB_005_JK10strain/seq/20160921_JK10_pdgoR_500cAMP_EZrich_galactonate.mut3.bin3.unqual.fastq']"
20160920,dgoR,JK10,M9galactonate,na,mut3,4,136,G,6.74301778076e-05,0.00325399139812,0.0563598329809,0.0956015667188,"['../../data/sortseq_raw/20160920_NB_005_JK10strain/seq/20160921_JK10_pdgoR_500cAMP_EZrich_galactonate.mut3.bin4.unqual.fastq', '../../data/sortseq_raw/20160920_NB_005_JK10strain/seq/20160921_JK10_pdgoR_500cAMP_EZrich_galactonate.mut3.bin1.unqual.fastq', '../../data/sortseq_raw/20160920_NB_005_JK10strain/seq/20160921_JK10_pdgoR_500cAMP_EZrich_galactonate.mut3.bin2.unqual.fastq', '../../data/sortseq_raw/20160920_NB_005_JK10strain/seq/20160921_JK10_pdgoR_500cAMP_EZrich_galactonate.mut3.bin3.unqual.fastq']"
20160920,dgoR,JK10,M9galactonate,na,mut3,4,137,T,6.81208828147e-05,0.00242083999297,-0.0559296827278,-0.0359798007781,"['../../data/sortseq_raw/20160920_NB_005_JK10strain/seq/20160921_JK10_pdgoR_500cAMP_EZrich_galactonate.mut3.bin4.unqual.fastq', '../../data/sortseq_raw/20160920_NB_005_JK10strain/seq/20160921_JK10_pdgoR_500cAMP_EZrich_galactonate.mut3.bin1.unqual.fastq', '../../data/sortseq_raw/20160920_NB_005_JK10strain/seq/20160921_JK10_pdgoR_500cAMP_EZrich_galactonate.mut3.bin2.unqual.fastq', '../../data/sortseq_raw/20160920_NB_005_JK10strain/seq/20160921_JK10_pdgoR_500cAMP_EZrich_galactonate.mut3.bin3.unqual.fastq']"
20160920,dgoR,JK10,M9galactonate,na,mut3,4,138,A,5.4840271164e-05,0.00254672898437,-0.069222444187,0.113903532041,"['../../data/sortseq_raw/20160920_NB_005_JK10strain/seq/20160921_JK10_pdgoR_500cAMP_EZrich_galactonate.mut3.bin4.unqual.fastq', '../../data/sortseq_raw/20160920_NB_005_JK10strain/seq/20160921_JK10_pdgoR_500cAMP_EZrich_galactonate.mut3.bin1.unqual.fastq', '../../data/sortseq_raw/20160920_NB_005_JK10strain/seq/20160921_JK10_pdgoR_500cAMP_EZrich_galactonate.mut3.bin2.unqual.fastq', '../../data/sortseq_raw/20160920_NB_005_JK10strain/seq/20160921_JK10_pdgoR_500cAMP_EZrich_galactonate.mut3.bin3.unqual.fastq']"
20160920,dgoR,JK10,M9galactonate,na,mut3,4,139,G,0.000125846467089,0.00351984557617,0.0645619071871,0.117077999599,"['../../data/sortseq_raw/20160920_NB_005_JK10strain/seq/20160921_JK10_pdgoR_500cAMP_EZrich_galactonate.mut3.bin4.unqual.fastq', '../../data/sortseq_raw/20160920_NB_005_JK10strain/seq/20160921_JK10_pdgoR_500cAMP_EZrich_galactonate.mut3.bin1.unqual.fastq', '../../data/sortseq_raw/20160920_NB_005_JK10strain/seq/20160921_JK10_pdgoR_500cAMP_EZrich_galactonate.mut3.bin2.unqual.fastq', '../../data/sortseq_raw/20160920_NB_005_JK10strain/seq/20160921_JK10_pdgoR_500cAMP_EZrich_galactonate.mut3.bin3.unqual.fastq']"
20160920,dgoR,JK10,M9galactonate,na,mut3,4,140,A,6.40217469015e-05,0.00220996265293,-0.115526076284,0.123107762631,"['../../data/sortseq_raw/20160920_NB_005_JK10strain/seq/20160921_JK10_pdgoR_500cAMP_EZrich_galactonate.mut3.bin4.unqual.fastq', '../../data/sortseq_raw/20160920_NB_005_JK10strain/seq/20160921_JK10_pdgoR_500cAMP_EZrich_galactonate.mut3.bin1.unqual.fastq', '../../data/sortseq_raw/20160920_NB_005_JK10strain/seq/20160921_JK10_pdgoR_500cAMP_EZrich_galactonate.mut3.bin2.unqual.fastq', '../../data/sortseq_raw/20160920_NB_005_JK10strain/seq/20160921_JK10_pdgoR_500cAMP_EZrich_galactonate.mut3.bin3.unqual.fastq']"
20160920,dgoR,JK10,M9galactonate,na,mut3,4,141,G,0.000115060299582,0.00457715375083,0.0546554221349,0.134215362749,"['../../data/sortseq_raw/20160920_NB_005_JK10strain/seq/20160921_JK10_pdgoR_500cAMP_EZrich_galactonate.mut3.bin4.unqual.fastq', '../../data/sortseq_raw/20160920_NB_005_JK10strain/seq/20160921_JK10_pdgoR_500cAMP_EZrich_galactonate.mut3.bin1.unqual.fastq', '../../data/sortseq_raw/20160920_NB_005_JK10strain/seq/20160921_JK10_pdgoR_500cAMP_EZrich_galactonate.mut3.bin2.unqual.fastq', '../../data/sortseq_raw/20160920_NB_005_JK10strain/seq/20160921_JK10_pdgoR_500cAMP_EZrich_galactonate.mut3.bin3.unqual.fastq']"
20160920,dgoR,JK10,M9galactonate,na,mut3,4,142,A,2.38671758072e-05,0.00294856452023,-0.0582333204765,0.0264450534009,"['../../data/sortseq_raw/20160920_NB_005_JK10strain/seq/20160921_JK10_pdgoR_500cAMP_EZrich_galactonate.mut3.bin4.unqual.fastq', '../../data/sortseq_raw/20160920_NB_005_JK10strain/seq/20160921_JK10_pdgoR_500cAMP_EZrich_galactonate.mut3.bin1.unqual.fastq', '../../data/sortseq_raw/20160920_NB_005_JK10strain/seq/20160921_JK10_pdgoR_500cAMP_EZrich_galactonate.mut3.bin2.unqual.fastq', '../../data/sortseq_raw/20160920_NB_005_JK10strain/seq/20160921_JK10_pdgoR_500cAMP_EZrich_galactonate.mut3.bin3.unqual.fastq']"
20160920,dgoR,JK10,M9galactonate,na,mut3,4,143,A,4.16773001541e-05,0.00203786124696,-0.00879264358122,0.132772812946,"['../../data/sortseq_raw/20160920_NB_005_JK10strain/seq/20160921_JK10_pdgoR_500cAMP_EZrich_galactonate.mut3.bin4.unqual.fastq', '../../data/sortseq_raw/20160920_NB_005_JK10strain/seq/20160921_JK10_pdgoR_500cAMP_EZrich_galactonate.mut3.bin1.unqual.fastq', '../../data/sortseq_raw/20160920_NB_005_JK10strain/seq/20160921_JK10_pdgoR_500cAMP_EZrich_galactonate.mut3.bin2.unqual.fastq', '../../data/sortseq_raw/20160920_NB_005_JK10strain/seq/20160921_JK10_pdgoR_500cAMP_EZrich_galactonate.mut3.bin3.unqual.fastq']"
20160920,dgoR,JK10,M9galactonate,na,mut3,4,144,G,0.000111039188312,0.00619326031772,0.0199184675791,0.140312233539,"['../../data/sortseq_raw/20160920_NB_005_JK10strain/seq/20160921_JK10_pdgoR_500cAMP_EZrich_galactonate.mut3.bin4.unqual.fastq', '../../data/sortseq_raw/20160920_NB_005_JK10strain/seq/20160921_JK10_pdgoR_500cAMP_EZrich_galactonate.mut3.bin1.unqual.fastq', '../../data/sortseq_raw/20160920_NB_005_JK10strain/seq/20160921_JK10_pdgoR_500cAMP_EZrich_galactonate.mut3.bin2.unqual.fastq', '../../data/sortseq_raw/20160920_NB_005_JK10strain/seq/20160921_JK10_pdgoR_500cAMP_EZrich_galactonate.mut3.bin3.unqual.fastq']"
20160920,dgoR,JK10,M9galactonate,na,mut3,4,145,A,3.10250973144e-05,0.0021401128539,-0.0240226243699,0.0199702600057,"['../../data/sortseq_raw/20160920_NB_005_JK10strain/seq/20160921_JK10_pdgoR_500cAMP_EZrich_galactonate.mut3.bin4.unqual.fastq', '../../data/sortseq_raw/20160920_NB_005_JK10strain/seq/20160921_JK10_pdgoR_500cAMP_EZrich_galactonate.mut3.bin1.unqual.fastq', '../../data/sortseq_raw/20160920_NB_005_JK10strain/seq/20160921_JK10_pdgoR_500cAMP_EZrich_galactonate.mut3.bin2.unqual.fastq', '../../data/sortseq_raw/20160920_NB_005_JK10strain/seq/20160921_JK10_pdgoR_500cAMP_EZrich_galactonate.mut3.bin3.unqual.fastq']"
20160920,dgoR,JK10,M9galactonate,na,mut3,4,146,A,3.92567825148e-05,0.00292811419884,0.0184775824639,0.133747173086,"['../../data/sortseq_raw/20160920_NB_005_JK10strain/seq/20160921_JK10_pdgoR_500cAMP_EZrich_galactonate.mut3.bin4.unqual.fastq', '../../data/sortseq_raw/20160920_NB_005_JK10strain/seq/20160921_JK10_pdgoR_500cAMP_EZrich_galactonate.mut3.bin1.unqual.fastq', '../../data/sortseq_raw/20160920_NB_005_JK10strain/seq/20160921_JK10_pdgoR_500cAMP_EZrich_galactonate.mut3.bin2.unqual.fastq', '../../data/sortseq_raw/20160920_NB_005_JK10strain/seq/20160921_JK10_pdgoR_500cAMP_EZrich_galactonate.mut3.bin3.unqual.fastq']"
20160920,dgoR,JK10,M9galactonate,na,mut3,4,147,C,8.93248491376e-05,0.00476280017486,0.0117166141684,0.158564240962,"['../../data/sortseq_raw/20160920_NB_005_JK10strain/seq/20160921_JK10_pdgoR_500cAMP_EZrich_galactonate.mut3.bin4.unqual.fastq', '../../data/sortseq_raw/20160920_NB_005_JK10strain/seq/20160921_JK10_pdgoR_500cAMP_EZrich_galactonate.mut3.bin1.unqual.fastq', '../../data/sortseq_raw/20160920_NB_005_JK10strain/seq/20160921_JK10_pdgoR_500cAMP_EZrich_galactonate.mut3.bin2.unqual.fastq', '../../data/sortseq_raw/20160920_NB_005_JK10strain/seq/20160921_JK10_pdgoR_500cAMP_EZrich_galactonate.mut3.bin3.unqual.fastq']"
20160920,dgoR,JK10,M9galactonate,na,mut3,4,148,A,2.46438760132e-05,0.00237170610392,-0.024162706201,0.00913724682455,"['../../data/sortseq_raw/20160920_NB_005_JK10strain/seq/20160921_JK10_pdgoR_500cAMP_EZrich_galactonate.mut3.bin4.unqual.fastq', '../../data/sortseq_raw/20160920_NB_005_JK10strain/seq/20160921_JK10_pdgoR_500cAMP_EZrich_galactonate.mut3.bin1.unqual.fastq', '../../data/sortseq_raw/20160920_NB_005_JK10strain/seq/20160921_JK10_pdgoR_500cAMP_EZrich_galactonate.mut3.bin2.unqual.fastq', '../../data/sortseq_raw/20160920_NB_005_JK10strain/seq/20160921_JK10_pdgoR_500cAMP_EZrich_galactonate.mut3.bin3.unqual.fastq']"
20160920,dgoR,JK10,M9galactonate,na,mut3,4,149,T,4.05266944153e-05,0.00155953619733,-0.0632246579236,-0.014395681425,"['../../data/sortseq_raw/20160920_NB_005_JK10strain/seq/20160921_JK10_pdgoR_500cAMP_EZrich_galactonate.mut3.bin4.unqual.fastq', '../../data/sortseq_raw/20160920_NB_005_JK10strain/seq/20160921_JK10_pdgoR_500cAMP_EZrich_galactonate.mut3.bin1.unqual.fastq', '../../data/sortseq_raw/20160920_NB_005_JK10strain/seq/20160921_JK10_pdgoR_500cAMP_EZrich_galactonate.mut3.bin2.unqual.fastq', '../../data/sortseq_raw/20160920_NB_005_JK10strain/seq/20160921_JK10_pdgoR_500cAMP_EZrich_galactonate.mut3.bin3.unqual.fastq']"
20160920,dgoR,JK10,M9galactonate,na,mut3,4,150,A,3.91067483389e-05,0.00226254919365,-0.0296318722191,0.134672269714,"['../../data/sortseq_raw/20160920_NB_005_JK10strain/seq/20160921_JK10_pdgoR_500cAMP_EZrich_galactonate.mut3.bin4.unqual.fastq', '../../data/sortseq_raw/20160920_NB_005_JK10strain/seq/20160921_JK10_pdgoR_500cAMP_EZrich_galactonate.mut3.bin1.unqual.fastq', '../../data/sortseq_raw/20160920_NB_005_JK10strain/seq/20160921_JK10_pdgoR_500cAMP_EZrich_galactonate.mut3.bin2.unqual.fastq', '../../data/sortseq_raw/20160920_NB_005_JK10strain/seq/20160921_JK10_pdgoR_500cAMP_EZrich_galactonate.mut3.bin3.unqual.fastq']"
20160920,dgoR,JK10,M9galactonate,na,mut3,4,151,C,5.8571940658e-05,0.00515294981279,-0.0170044411533,0.129644826048,"['../../data/sortseq_raw/20160920_NB_005_JK10strain/seq/20160921_JK10_pdgoR_500cAMP_EZrich_galactonate.mut3.bin4.unqual.fastq', '../../data/sortseq_raw/20160920_NB_005_JK10strain/seq/20160921_JK10_pdgoR_500cAMP_EZrich_galactonate.mut3.bin1.unqual.fastq', '../../data/sortseq_raw/20160920_NB_005_JK10strain/seq/20160921_JK10_pdgoR_500cAMP_EZrich_galactonate.mut3.bin2.unqual.fastq', '../../data/sortseq_raw/20160920_NB_005_JK10strain/seq/20160921_JK10_pdgoR_500cAMP_EZrich_galactonate.mut3.bin3.unqual.fastq']"
20160920,dgoR,JK10,M9galactonate,na,mut3,4,152,A,5.03896365008e-05,0.00194198376616,-0.0480918315891,0.0792700457502,"['../../data/sortseq_raw/20160920_NB_005_JK10strain/seq/20160921_JK10_pdgoR_500cAMP_EZrich_galactonate.mut3.bin4.unqual.fastq', '../../data/sortseq_raw/20160920_NB_005_JK10strain/seq/20160921_JK10_pdgoR_500cAMP_EZrich_galactonate.mut3.bin1.unqual.fastq', '../../data/sortseq_raw/20160920_NB_005_JK10strain/seq/20160921_JK10_pdgoR_500cAMP_EZrich_galactonate.mut3.bin2.unqual.fastq', '../../data/sortseq_raw/20160920_NB_005_JK10strain/seq/20160921_JK10_pdgoR_500cAMP_EZrich_galactonate.mut3.bin3.unqual.fastq']"
20160920,dgoR,JK10,M9galactonate,na,mut3,4,153,G,7.6909324738e-05,0.00329595439525,0.0398223760891,0.0757981445578,"['../../data/sortseq_raw/20160920_NB_005_JK10strain/seq/20160921_JK10_pdgoR_500cAMP_EZrich_galactonate.mut3.bin4.unqual.fastq', '../../data/sortseq_raw/20160920_NB_005_JK10strain/seq/20160921_JK10_pdgoR_500cAMP_EZrich_galactonate.mut3.bin1.unqual.fastq', '../../data/sortseq_raw/20160920_NB_005_JK10strain/seq/20160921_JK10_pdgoR_500cAMP_EZrich_galactonate.mut3.bin2.unqual.fastq', '../../data/sortseq_raw/20160920_NB_005_JK10strain/seq/20160921_JK10_pdgoR_500cAMP_EZrich_galactonate.mut3.bin3.unqual.fastq']"
20160920,dgoR,JK10,M9galactonate,na,mut3,4,154,A,7.60418493439e-05,0.00160229596024,-0.0111041623839,-2.47041130642,"['../../data/sortseq_raw/20160920_NB_005_JK10strain/seq/20160921_JK10_pdgoR_500cAMP_EZrich_galactonate.mut3.bin4.unqual.fastq', '../../data/sortseq_raw/20160920_NB_005_JK10strain/seq/20160921_JK10_pdgoR_500cAMP_EZrich_galactonate.mut3.bin1.unqual.fastq', '../../data/sortseq_raw/20160920_NB_005_JK10strain/seq/20160921_JK10_pdgoR_500cAMP_EZrich_galactonate.mut3.bin2.unqual.fastq', '../../data/sortseq_raw/20160920_NB_005_JK10strain/seq/20160921_JK10_pdgoR_500cAMP_EZrich_galactonate.mut3.bin3.unqual.fastq']"
20160920,dgoR,JK10,M9galactonate,na,mut3,4,155,G,7.27102692244e-05,0.00392672729523,0.0137280239775,-2.47041130642,"['../../data/sortseq_raw/20160920_NB_005_JK10strain/seq/20160921_JK10_pdgoR_500cAMP_EZrich_galactonate.mut3.bin4.unqual.fastq', '../../data/sortseq_raw/20160920_NB_005_JK10strain/seq/20160921_JK10_pdgoR_500cAMP_EZrich_galactonate.mut3.bin1.unqual.fastq', '../../data/sortseq_raw/20160920_NB_005_JK10strain/seq/20160921_JK10_pdgoR_500cAMP_EZrich_galactonate.mut3.bin2.unqual.fastq', '../../data/sortseq_raw/20160920_NB_005_JK10strain/seq/20160921_JK10_pdgoR_500cAMP_EZrich_galactonate.mut3.bin3.unqual.fastq']"
