ProteinIDs,gene,peptides,intensity_total,intensity_L,intensity_H,maxquant_ratio_type,maxquant_ratio,TF_check,promoter,date,wt_sequence,control_sequence,strain,media,binding_additions,replicate,spec_machine,labeling,maxquant_logratio,maxquant_logratio_medianshift,maxquant_ratio_medianshift
P00350,gnd,9,852700000,751140000,101560000,Median,0.10375999999999999,0.0,lacZ_Oid,20150807,CAAAACTGCAG CTCGTATGTTGTGTGG GGCAGTGAGCGCAACGCAATT TCACACAGGAAA,CAAAACTGCAG CTCGTATGTTGTGTGG AATCCCCCTAGGTGAACCATT TCACACAGGAAA,HG105deltalysA_ybcN<>3*1_RBS1027_lacI,M9glucose,na,1,orbitrap_classic,forward,-2.265674738973949,-0.17666759242441188,0.8380583151603261
P00370,gdhA,7,81202000,74992000,6210000,Median,0.070204,0.0,lacZ_Oid,20150807,CAAAACTGCAG CTCGTATGTTGTGTGG GGCAGTGAGCGCAACGCAATT TCACACAGGAAA,CAAAACTGCAG CTCGTATGTTGTGTGG AATCCCCCTAGGTGAACCATT TCACACAGGAAA,HG105deltalysA_ybcN<>3*1_RBS1027_lacI,M9glucose,na,1,orbitrap_classic,forward,-2.656349989516693,-0.5673428429671561,0.5670301268072048
P00393,ndh,1,0,0,0,Median,,0.0,lacZ_Oid,20150807,CAAAACTGCAG CTCGTATGTTGTGTGG GGCAGTGAGCGCAACGCAATT TCACACAGGAAA,CAAAACTGCAG CTCGTATGTTGTGTGG AATCCCCCTAGGTGAACCATT TCACACAGGAAA,HG105deltalysA_ybcN<>3*1_RBS1027_lacI,M9glucose,na,1,orbitrap_classic,forward,,,
P00509,aspC,12,720090000,643290000,76795000,Median,0.11587,0.0,lacZ_Oid,20150807,CAAAACTGCAG CTCGTATGTTGTGTGG GGCAGTGAGCGCAACGCAATT TCACACAGGAAA,CAAAACTGCAG CTCGTATGTTGTGTGG AATCCCCCTAGGTGAACCATT TCACACAGGAAA,HG105deltalysA_ybcN<>3*1_RBS1027_lacI,M9glucose,na,1,orbitrap_classic,forward,-2.155286405973166,-0.066279259423629,0.935869477425087
P00582,polA,8,42002000,27833000,14169000,Median,0.45952,0.0,lacZ_Oid,20150807,CAAAACTGCAG CTCGTATGTTGTGTGG GGCAGTGAGCGCAACGCAATT TCACACAGGAAA,CAAAACTGCAG CTCGTATGTTGTGTGG AATCCCCCTAGGTGAACCATT TCACACAGGAAA,HG105deltalysA_ybcN<>3*1_RBS1027_lacI,M9glucose,na,1,orbitrap_classic,forward,-0.7775728125623325,1.3114343339872045,3.7114934173330103
P00864,ppc,1,2551200,2071700,479440,Median,0.14552,0.0,lacZ_Oid,20150807,CAAAACTGCAG CTCGTATGTTGTGTGG GGCAGTGAGCGCAACGCAATT TCACACAGGAAA,CAAAACTGCAG CTCGTATGTTGTGTGG AATCCCCCTAGGTGAACCATT TCACACAGGAAA,HG105deltalysA_ybcN<>3*1_RBS1027_lacI,M9glucose,na,1,orbitrap_classic,forward,-1.9274417447722703,0.16156540177726675,1.175349325579517
P00887,aroH,1,0,0,0,Median,,0.0,lacZ_Oid,20150807,CAAAACTGCAG CTCGTATGTTGTGTGG GGCAGTGAGCGCAACGCAATT TCACACAGGAAA,CAAAACTGCAG CTCGTATGTTGTGTGG AATCCCCCTAGGTGAACCATT TCACACAGGAAA,HG105deltalysA_ybcN<>3*1_RBS1027_lacI,M9glucose,na,1,orbitrap_classic,forward,,,
P00888,aroF,3,101440000,91507000,9929500,Median,0.11244000000000001,0.0,lacZ_Oid,20150807,CAAAACTGCAG CTCGTATGTTGTGTGG GGCAGTGAGCGCAACGCAATT TCACACAGGAAA,CAAAACTGCAG CTCGTATGTTGTGTGG AATCCCCCTAGGTGAACCATT TCACACAGGAAA,HG105deltalysA_ybcN<>3*1_RBS1027_lacI,M9glucose,na,1,orbitrap_classic,forward,-2.185335532943806,-0.09632838639426877,0.9081657378240855
P00909,trpC,4,91403000,82426000,8976500,Median,0.11218,0.0,lacZ_Oid,20150807,CAAAACTGCAG CTCGTATGTTGTGTGG GGCAGTGAGCGCAACGCAATT TCACACAGGAAA,CAAAACTGCAG CTCGTATGTTGTGTGG AATCCCCCTAGGTGAACCATT TCACACAGGAAA,HG105deltalysA_ybcN<>3*1_RBS1027_lacI,M9glucose,na,1,orbitrap_classic,forward,-2.1876505549019463,-0.09864340835240926,0.9060657459009773
P00934,thrC,6,408760000,360270000,48490000,Median,0.12561,0.0,lacZ_Oid,20150807,CAAAACTGCAG CTCGTATGTTGTGTGG GGCAGTGAGCGCAACGCAATT TCACACAGGAAA,CAAAACTGCAG CTCGTATGTTGTGTGG AATCCCCCTAGGTGAACCATT TCACACAGGAAA,HG105deltalysA_ybcN<>3*1_RBS1027_lacI,M9glucose,na,1,orbitrap_classic,forward,-2.0745734102829756,0.014433736266561414,1.0145384056215168
P00935,metB,3,13431000,12410000,1021200,Median,0.06907200000000001,0.0,lacZ_Oid,20150807,CAAAACTGCAG CTCGTATGTTGTGTGG GGCAGTGAGCGCAACGCAATT TCACACAGGAAA,CAAAACTGCAG CTCGTATGTTGTGTGG AATCCCCCTAGGTGAACCATT TCACACAGGAAA,HG105deltalysA_ybcN<>3*1_RBS1027_lacI,M9glucose,na,1,orbitrap_classic,forward,-2.672605840169015,-0.5835986936194781,0.5578870850496731
P00946,manA,8,81646000,73202000,8443800,Median,0.11243,0.0,lacZ_Oid,20150807,CAAAACTGCAG CTCGTATGTTGTGTGG GGCAGTGAGCGCAACGCAATT TCACACAGGAAA,CAAAACTGCAG CTCGTATGTTGTGTGG AATCCCCCTAGGTGAACCATT TCACACAGGAAA,HG105deltalysA_ybcN<>3*1_RBS1027_lacI,M9glucose,na,1,orbitrap_classic,forward,-2.185424473220469,-0.09641732667093184,0.9080849689039658
P00954,trpS,2,0,0,0,Median,,0.0,lacZ_Oid,20150807,CAAAACTGCAG CTCGTATGTTGTGTGG GGCAGTGAGCGCAACGCAATT TCACACAGGAAA,CAAAACTGCAG CTCGTATGTTGTGTGG AATCCCCCTAGGTGAACCATT TCACACAGGAAA,HG105deltalysA_ybcN<>3*1_RBS1027_lacI,M9glucose,na,1,orbitrap_classic,forward,,,
P00961,glyS,3,0,0,0,Median,,0.0,lacZ_Oid,20150807,CAAAACTGCAG CTCGTATGTTGTGTGG GGCAGTGAGCGCAACGCAATT TCACACAGGAAA,CAAAACTGCAG CTCGTATGTTGTGTGG AATCCCCCTAGGTGAACCATT TCACACAGGAAA,HG105deltalysA_ybcN<>3*1_RBS1027_lacI,M9glucose,na,1,orbitrap_classic,forward,,,
P02931;P02932;P21420,ompF,5,4447700,3811600,636070,Median,0.1527,0.0,lacZ_Oid,20150807,CAAAACTGCAG CTCGTATGTTGTGTGG GGCAGTGAGCGCAACGCAATT TCACACAGGAAA,CAAAACTGCAG CTCGTATGTTGTGTGG AATCCCCCTAGGTGAACCATT TCACACAGGAAA,HG105deltalysA_ybcN<>3*1_RBS1027_lacI,M9glucose,na,1,orbitrap_classic,forward,-1.8792800667575502,0.2097270797919868,1.2333414102253455
P03023,lacI,2,2778100000,28226000,2749900000,Median,94.52799999999999,1.0,lacZ_Oid,20150807,CAAAACTGCAG CTCGTATGTTGTGTGG GGCAGTGAGCGCAACGCAATT TCACACAGGAAA,CAAAACTGCAG CTCGTATGTTGTGTGG AATCCCCCTAGGTGAACCATT TCACACAGGAAA,HG105deltalysA_ybcN<>3*1_RBS1027_lacI,M9glucose,na,1,orbitrap_classic,forward,4.548896086908915,6.637903233458452,763.4924481059694
P03835,insG,4,31893000,20468000,11425000,Median,0.52407,0.0,lacZ_Oid,20150807,CAAAACTGCAG CTCGTATGTTGTGTGG GGCAGTGAGCGCAACGCAATT TCACACAGGAAA,CAAAACTGCAG CTCGTATGTTGTGTGG AATCCCCCTAGGTGAACCATT TCACACAGGAAA,HG105deltalysA_ybcN<>3*1_RBS1027_lacI,M9glucose,na,1,orbitrap_classic,forward,-0.646130015796889,1.442877130752648,4.232856796704628
P04391;P06960,argI,5,88312000,81263000,7048300,Median,0.078084,0.0,lacZ_Oid,20150807,CAAAACTGCAG CTCGTATGTTGTGTGG GGCAGTGAGCGCAACGCAATT TCACACAGGAAA,CAAAACTGCAG CTCGTATGTTGTGTGG AATCCCCCTAGGTGAACCATT TCACACAGGAAA,HG105deltalysA_ybcN<>3*1_RBS1027_lacI,M9glucose,na,1,orbitrap_classic,forward,-2.54997010868129,-0.4609629621317528,0.6306760358614005
P04805,gltX,6,16936000,14695000,2241000,Median,0.14326,0.0,lacZ_Oid,20150807,CAAAACTGCAG CTCGTATGTTGTGTGG GGCAGTGAGCGCAACGCAATT TCACACAGGAAA,CAAAACTGCAG CTCGTATGTTGTGTGG AATCCCCCTAGGTGAACCATT TCACACAGGAAA,HG105deltalysA_ybcN<>3*1_RBS1027_lacI,M9glucose,na,1,orbitrap_classic,forward,-1.9430941177958319,0.14591302875370515,1.1570955496325015
P04816,livK,7,384020000,338030000,45992000,Median,0.14445,0.0,lacZ_Oid,20150807,CAAAACTGCAG CTCGTATGTTGTGTGG GGCAGTGAGCGCAACGCAATT TCACACAGGAAA,CAAAACTGCAG CTCGTATGTTGTGTGG AATCCCCCTAGGTGAACCATT TCACACAGGAAA,HG105deltalysA_ybcN<>3*1_RBS1027_lacI,M9glucose,na,1,orbitrap_classic,forward,-1.9348218520698928,0.15418529447964424,1.1667070511267266
P04994,xseA,7,177130000,102520000,74608000,Median,0.68687,0.0,lacZ_Oid,20150807,CAAAACTGCAG CTCGTATGTTGTGTGG GGCAGTGAGCGCAACGCAATT TCACACAGGAAA,CAAAACTGCAG CTCGTATGTTGTGTGG AATCCCCCTAGGTGAACCATT TCACACAGGAAA,HG105deltalysA_ybcN<>3*1_RBS1027_lacI,M9glucose,na,1,orbitrap_classic,forward,-0.37561023319560477,1.7133969133539322,5.547774816250707
P04995,sbcB,2,0,0,0,Median,,0.0,lacZ_Oid,20150807,CAAAACTGCAG CTCGTATGTTGTGTGG GGCAGTGAGCGCAACGCAATT TCACACAGGAAA,CAAAACTGCAG CTCGTATGTTGTGTGG AATCCCCCTAGGTGAACCATT TCACACAGGAAA,HG105deltalysA_ybcN<>3*1_RBS1027_lacI,M9glucose,na,1,orbitrap_classic,forward,,,
P05020,pyrC,2,152700000,134530000,18174000,Median,0.1132,0.0,lacZ_Oid,20150807,CAAAACTGCAG CTCGTATGTTGTGTGG GGCAGTGAGCGCAACGCAATT TCACACAGGAAA,CAAAACTGCAG CTCGTATGTTGTGTGG AATCCCCCTAGGTGAACCATT TCACACAGGAAA,HG105deltalysA_ybcN<>3*1_RBS1027_lacI,M9glucose,na,1,orbitrap_classic,forward,-2.1785991132130547,-0.08959196666351765,0.9143041757531701
P05042,fumC,5,2580800,2345900,234990,Median,0.18350999999999998,0.0,lacZ_Oid,20150807,CAAAACTGCAG CTCGTATGTTGTGTGG GGCAGTGAGCGCAACGCAATT TCACACAGGAAA,CAAAACTGCAG CTCGTATGTTGTGTGG AATCCCCCTAGGTGAACCATT TCACACAGGAAA,HG105deltalysA_ybcN<>3*1_RBS1027_lacI,M9glucose,na,1,orbitrap_classic,forward,-1.6954861170595539,0.39352102948998313,1.482190453113642
P05459,pdxB,6,59521000,54997000,4524000,Median,0.06764099999999999,0.0,lacZ_Oid,20150807,CAAAACTGCAG CTCGTATGTTGTGTGG GGCAGTGAGCGCAACGCAATT TCACACAGGAAA,CAAAACTGCAG CTCGTATGTTGTGTGG AATCCCCCTAGGTGAACCATT TCACACAGGAAA,HG105deltalysA_ybcN<>3*1_RBS1027_lacI,M9glucose,na,1,orbitrap_classic,forward,-2.6935409709096523,-0.6045338243601153,0.5463290525805671
P05719,hsdS,2,1962200,1344000,618180,Median,0.39213000000000003,0.0,lacZ_Oid,20150807,CAAAACTGCAG CTCGTATGTTGTGTGG GGCAGTGAGCGCAACGCAATT TCACACAGGAAA,CAAAACTGCAG CTCGTATGTTGTGTGG AATCCCCCTAGGTGAACCATT TCACACAGGAAA,HG105deltalysA_ybcN<>3*1_RBS1027_lacI,M9glucose,na,1,orbitrap_classic,forward,-0.9361618615165669,1.1528452850329702,3.1671916646474445
P05793,ilvC,17,868900000,769570000,99328000,Median,0.11252999999999999,0.0,lacZ_Oid,20150807,CAAAACTGCAG CTCGTATGTTGTGTGG GGCAGTGAGCGCAACGCAATT TCACACAGGAAA,CAAAACTGCAG CTCGTATGTTGTGTGG AATCCCCCTAGGTGAACCATT TCACACAGGAAA,HG105deltalysA_ybcN<>3*1_RBS1027_lacI,M9glucose,na,1,orbitrap_classic,forward,-2.1845354262202314,-0.09552827967069444,0.9088926581051612
P06715,gor,7,60379000,54485000,5894300,Median,0.092862,0.0,lacZ_Oid,20150807,CAAAACTGCAG CTCGTATGTTGTGTGG GGCAGTGAGCGCAACGCAATT TCACACAGGAAA,CAAAACTGCAG CTCGTATGTTGTGTGG AATCCCCCTAGGTGAACCATT TCACACAGGAAA,HG105deltalysA_ybcN<>3*1_RBS1027_lacI,M9glucose,na,1,orbitrap_classic,forward,-2.3766407588234597,-0.2876336122739227,0.7500363460140537
P06721,metC,1,32409000,29750000,2658800,Median,0.07914700000000001,0.0,lacZ_Oid,20150807,CAAAACTGCAG CTCGTATGTTGTGTGG GGCAGTGAGCGCAACGCAATT TCACACAGGAAA,CAAAACTGCAG CTCGTATGTTGTGTGG AATCCCCCTAGGTGAACCATT TCACACAGGAAA,HG105deltalysA_ybcN<>3*1_RBS1027_lacI,M9glucose,na,1,orbitrap_classic,forward,-2.536448396089803,-0.4474412495402662,0.6392617720701076
P06986,hisC,1,0,0,0,Median,,0.0,lacZ_Oid,20150807,CAAAACTGCAG CTCGTATGTTGTGTGG GGCAGTGAGCGCAACGCAATT TCACACAGGAAA,CAAAACTGCAG CTCGTATGTTGTGTGG AATCCCCCTAGGTGAACCATT TCACACAGGAAA,HG105deltalysA_ybcN<>3*1_RBS1027_lacI,M9glucose,na,1,orbitrap_classic,forward,,,
P06987,hisB,1,0,0,0,Median,,0.0,lacZ_Oid,20150807,CAAAACTGCAG CTCGTATGTTGTGTGG GGCAGTGAGCGCAACGCAATT TCACACAGGAAA,CAAAACTGCAG CTCGTATGTTGTGTGG AATCCCCCTAGGTGAACCATT TCACACAGGAAA,HG105deltalysA_ybcN<>3*1_RBS1027_lacI,M9glucose,na,1,orbitrap_classic,forward,,,
P06988,hisD,7,58976000,53806000,5169500,Median,0.092305,0.0,lacZ_Oid,20150807,CAAAACTGCAG CTCGTATGTTGTGTGG GGCAGTGAGCGCAACGCAATT TCACACAGGAAA,CAAAACTGCAG CTCGTATGTTGTGTGG AATCCCCCTAGGTGAACCATT TCACACAGGAAA,HG105deltalysA_ybcN<>3*1_RBS1027_lacI,M9glucose,na,1,orbitrap_classic,forward,-2.3826569677596043,-0.29364982121006733,0.7455375171633956
P06996;P77747;P76335;P77519,ompC;ompN;yedS,4,7062400,5846900,1215500,Median,0.1713,0.0,lacZ_Oid,20150807,CAAAACTGCAG CTCGTATGTTGTGTGG GGCAGTGAGCGCAACGCAATT TCACACAGGAAA,CAAAACTGCAG CTCGTATGTTGTGTGG AATCCCCCTAGGTGAACCATT TCACACAGGAAA,HG105deltalysA_ybcN<>3*1_RBS1027_lacI,M9glucose,na,1,orbitrap_classic,forward,-1.7643388736520629,0.32466827289747413,1.383571601647686
P06999,pfkB,4,27459000,24317000,3142100,Median,0.12199000000000002,0.0,lacZ_Oid,20150807,CAAAACTGCAG CTCGTATGTTGTGTGG GGCAGTGAGCGCAACGCAATT TCACACAGGAAA,CAAAACTGCAG CTCGTATGTTGTGTGG AATCCCCCTAGGTGAACCATT TCACACAGGAAA,HG105deltalysA_ybcN<>3*1_RBS1027_lacI,M9glucose,na,1,orbitrap_classic,forward,-2.1038162048214906,-0.014809058271953557,0.9853000565382445
P07001,pntA,4,91964000,83839000,8124900,Median,0.087305,0.0,lacZ_Oid,20150807,CAAAACTGCAG CTCGTATGTTGTGTGG GGCAGTGAGCGCAACGCAATT TCACACAGGAAA,CAAAACTGCAG CTCGTATGTTGTGTGG AATCCCCCTAGGTGAACCATT TCACACAGGAAA,HG105deltalysA_ybcN<>3*1_RBS1027_lacI,M9glucose,na,1,orbitrap_classic,forward,-2.4383475440080464,-0.3493403974585094,0.7051530571036264
P07004,proA,5,66920000,60772000,6148100,Median,0.10155,0.0,lacZ_Oid,20150807,CAAAACTGCAG CTCGTATGTTGTGTGG GGCAGTGAGCGCAACGCAATT TCACACAGGAAA,CAAAACTGCAG CTCGTATGTTGTGTGG AATCCCCCTAGGTGAACCATT TCACACAGGAAA,HG105deltalysA_ybcN<>3*1_RBS1027_lacI,M9glucose,na,1,orbitrap_classic,forward,-2.2872039909557436,-0.19819684440620655,0.8202083838139084
P07012,prfB,2,33319000,29663000,3655600,Median,0.09965700000000001,0.0,lacZ_Oid,20150807,CAAAACTGCAG CTCGTATGTTGTGTGG GGCAGTGAGCGCAACGCAATT TCACACAGGAAA,CAAAACTGCAG CTCGTATGTTGTGTGG AATCCCCCTAGGTGAACCATT TCACACAGGAAA,HG105deltalysA_ybcN<>3*1_RBS1027_lacI,M9glucose,na,1,orbitrap_classic,forward,-2.3060209889299466,-0.21701384238040955,0.8049188272352799
P07023,tyrA,4,181110000,163000000,18112000,Median,0.10325999999999999,0.0,lacZ_Oid,20150807,CAAAACTGCAG CTCGTATGTTGTGTGG GGCAGTGAGCGCAACGCAATT TCACACAGGAAA,CAAAACTGCAG CTCGTATGTTGTGTGG AATCCCCCTAGGTGAACCATT TCACACAGGAAA,HG105deltalysA_ybcN<>3*1_RBS1027_lacI,M9glucose,na,1,orbitrap_classic,forward,-2.2705051995306342,-0.18149805298109722,0.8340198691543493
P07464,lacA,1,0,0,0,Median,,0.0,lacZ_Oid,20150807,CAAAACTGCAG CTCGTATGTTGTGTGG GGCAGTGAGCGCAACGCAATT TCACACAGGAAA,CAAAACTGCAG CTCGTATGTTGTGTGG AATCCCCCTAGGTGAACCATT TCACACAGGAAA,HG105deltalysA_ybcN<>3*1_RBS1027_lacI,M9glucose,na,1,orbitrap_classic,forward,,,
P07623,metA,1,0,0,0,Median,,0.0,lacZ_Oid,20150807,CAAAACTGCAG CTCGTATGTTGTGTGG GGCAGTGAGCGCAACGCAATT TCACACAGGAAA,CAAAACTGCAG CTCGTATGTTGTGTGG AATCCCCCTAGGTGAACCATT TCACACAGGAAA,HG105deltalysA_ybcN<>3*1_RBS1027_lacI,M9glucose,na,1,orbitrap_classic,forward,,,
P07650,deoA,7,15328000,10568000,4760500,Median,0.2975,0.0,lacZ_Oid,20150807,CAAAACTGCAG CTCGTATGTTGTGTGG GGCAGTGAGCGCAACGCAATT TCACACAGGAAA,CAAAACTGCAG CTCGTATGTTGTGTGG AATCCCCCTAGGTGAACCATT TCACACAGGAAA,HG105deltalysA_ybcN<>3*1_RBS1027_lacI,M9glucose,na,1,orbitrap_classic,forward,-1.2123410539964528,0.8766660925530843,2.4028753735562556
P08178,purM,5,10046000,9263100,783020,Median,0.07575,0.0,lacZ_Oid,20150807,CAAAACTGCAG CTCGTATGTTGTGTGG GGCAGTGAGCGCAACGCAATT TCACACAGGAAA,CAAAACTGCAG CTCGTATGTTGTGTGG AATCCCCCTAGGTGAACCATT TCACACAGGAAA,HG105deltalysA_ybcN<>3*1_RBS1027_lacI,M9glucose,na,1,orbitrap_classic,forward,-2.5803168345926584,-0.49130968804312136,0.6118245699055005
P08200,icd,17,4345500000,3721800000,623670000,Median,0.15631,0.0,lacZ_Oid,20150807,CAAAACTGCAG CTCGTATGTTGTGTGG GGCAGTGAGCGCAACGCAATT TCACACAGGAAA,CAAAACTGCAG CTCGTATGTTGTGTGG AATCCCCCTAGGTGAACCATT TCACACAGGAAA,HG105deltalysA_ybcN<>3*1_RBS1027_lacI,M9glucose,na,1,orbitrap_classic,forward,-1.8559140640747571,0.2330930824747799,1.2624989903884989
P08312,pheS,2,71099000,65909000,5189700,Median,0.084437,0.0,lacZ_Oid,20150807,CAAAACTGCAG CTCGTATGTTGTGTGG GGCAGTGAGCGCAACGCAATT TCACACAGGAAA,CAAAACTGCAG CTCGTATGTTGTGTGG AATCCCCCTAGGTGAACCATT TCACACAGGAAA,HG105deltalysA_ybcN<>3*1_RBS1027_lacI,M9glucose,na,1,orbitrap_classic,forward,-2.471749584818852,-0.382742438269315,0.6819885308133432
P08390,usg,2,7937700,6694700,1243000,Median,0.20298,0.0,lacZ_Oid,20150807,CAAAACTGCAG CTCGTATGTTGTGTGG GGCAGTGAGCGCAACGCAATT TCACACAGGAAA,CAAAACTGCAG CTCGTATGTTGTGTGG AATCCCCCTAGGTGAACCATT TCACACAGGAAA,HG105deltalysA_ybcN<>3*1_RBS1027_lacI,M9glucose,na,1,orbitrap_classic,forward,-1.594647826961465,0.494359319588072,1.6394475405863824
P08506,dacC,7,104140000,85267000,18870000,Median,0.18694000000000002,0.0,lacZ_Oid,20150807,CAAAACTGCAG CTCGTATGTTGTGTGG GGCAGTGAGCGCAACGCAATT TCACACAGGAAA,CAAAACTGCAG CTCGTATGTTGTGTGG AATCCCCCTAGGTGAACCATT TCACACAGGAAA,HG105deltalysA_ybcN<>3*1_RBS1027_lacI,M9glucose,na,1,orbitrap_classic,forward,-1.6769675692276995,0.4120395773218375,1.5098941927146439
P08622,dnaJ,5,41229000,30212000,11018000,Median,0.34934,0.0,lacZ_Oid,20150807,CAAAACTGCAG CTCGTATGTTGTGTGG GGCAGTGAGCGCAACGCAATT TCACACAGGAAA,CAAAACTGCAG CTCGTATGTTGTGTGG AATCCCCCTAGGTGAACCATT TCACACAGGAAA,HG105deltalysA_ybcN<>3*1_RBS1027_lacI,M9glucose,na,1,orbitrap_classic,forward,-1.0517096189818902,1.0372975275676468,2.821581455455941
P08839,ptsI,4,2898700,2101500,797200,Median,0.32443,0.0,lacZ_Oid,20150807,CAAAACTGCAG CTCGTATGTTGTGTGG GGCAGTGAGCGCAACGCAATT TCACACAGGAAA,CAAAACTGCAG CTCGTATGTTGTGTGG AATCCCCCTAGGTGAACCATT TCACACAGGAAA,HG105deltalysA_ybcN<>3*1_RBS1027_lacI,M9glucose,na,1,orbitrap_classic,forward,-1.1256854825950433,0.9633216639544937,2.6203860754381716
P09030,xthA,2,3898000,2289000,1609000,Median,0.70006,0.0,lacZ_Oid,20150807,CAAAACTGCAG CTCGTATGTTGTGTGG GGCAGTGAGCGCAACGCAATT TCACACAGGAAA,CAAAACTGCAG CTCGTATGTTGTGTGG AATCCCCCTAGGTGAACCATT TCACACAGGAAA,HG105deltalysA_ybcN<>3*1_RBS1027_lacI,M9glucose,na,1,orbitrap_classic,forward,-0.35658923332627757,1.7324179132232596,5.654309021888379
P09127,hemX,2,8939400,7840000,1099400,Median,0.11737,0.0,lacZ_Oid,20150807,CAAAACTGCAG CTCGTATGTTGTGTGG GGCAGTGAGCGCAACGCAATT TCACACAGGAAA,CAAAACTGCAG CTCGTATGTTGTGTGG AATCCCCCTAGGTGAACCATT TCACACAGGAAA,HG105deltalysA_ybcN<>3*1_RBS1027_lacI,M9glucose,na,1,orbitrap_classic,forward,-2.1424239408701045,-0.05341679432056745,0.9479848154430177
P09147,galE,1,0,0,0,Median,,0.0,lacZ_Oid,20150807,CAAAACTGCAG CTCGTATGTTGTGTGG GGCAGTGAGCGCAACGCAATT TCACACAGGAAA,CAAAACTGCAG CTCGTATGTTGTGTGG AATCCCCCTAGGTGAACCATT TCACACAGGAAA,HG105deltalysA_ybcN<>3*1_RBS1027_lacI,M9glucose,na,1,orbitrap_classic,forward,,,
P09148,galT,1,3075900,2448600,627310,Median,0.30853,0.0,lacZ_Oid,20150807,CAAAACTGCAG CTCGTATGTTGTGTGG GGCAGTGAGCGCAACGCAATT TCACACAGGAAA,CAAAACTGCAG CTCGTATGTTGTGTGG AATCCCCCTAGGTGAACCATT TCACACAGGAAA,HG105deltalysA_ybcN<>3*1_RBS1027_lacI,M9glucose,na,1,orbitrap_classic,forward,-1.17593619563208,0.913070950917457,2.4919634924481064
P09151,leuA,1,0,0,0,Median,,0.0,lacZ_Oid,20150807,CAAAACTGCAG CTCGTATGTTGTGTGG GGCAGTGAGCGCAACGCAATT TCACACAGGAAA,CAAAACTGCAG CTCGTATGTTGTGTGG AATCCCCCTAGGTGAACCATT TCACACAGGAAA,HG105deltalysA_ybcN<>3*1_RBS1027_lacI,M9glucose,na,1,orbitrap_classic,forward,,,
P09169,ompT,2,0,0,0,Median,,0.0,lacZ_Oid,20150807,CAAAACTGCAG CTCGTATGTTGTGTGG GGCAGTGAGCGCAACGCAATT TCACACAGGAAA,CAAAACTGCAG CTCGTATGTTGTGTGG AATCCCCCTAGGTGAACCATT TCACACAGGAAA,HG105deltalysA_ybcN<>3*1_RBS1027_lacI,M9glucose,na,1,orbitrap_classic,forward,,,
P09373,pflB,1,2967600,2321000,646620,Median,0.26127,0.0,lacZ_Oid,20150807,CAAAACTGCAG CTCGTATGTTGTGTGG GGCAGTGAGCGCAACGCAATT TCACACAGGAAA,CAAAACTGCAG CTCGTATGTTGTGTGG AATCCCCCTAGGTGAACCATT TCACACAGGAAA,HG105deltalysA_ybcN<>3*1_RBS1027_lacI,M9glucose,na,1,orbitrap_classic,forward,-1.342200923609379,0.746806222940158,2.1102495759631696
P09424,mtlD,7,56724000,43286000,13438000,Median,0.13455999999999999,0.0,lacZ_Oid,20150807,CAAAACTGCAG CTCGTATGTTGTGTGG GGCAGTGAGCGCAACGCAATT TCACACAGGAAA,CAAAACTGCAG CTCGTATGTTGTGTGG AATCCCCCTAGGTGAACCATT TCACACAGGAAA,HG105deltalysA_ybcN<>3*1_RBS1027_lacI,M9glucose,na,1,orbitrap_classic,forward,-2.005745082757499,0.08326206379203782,1.0868265891285034
P09832,gltD,5,7788200,6784600,1003600,Median,0.12895,0.0,lacZ_Oid,20150807,CAAAACTGCAG CTCGTATGTTGTGTGG GGCAGTGAGCGCAACGCAATT TCACACAGGAAA,CAAAACTGCAG CTCGTATGTTGTGTGG AATCCCCCTAGGTGAACCATT TCACACAGGAAA,HG105deltalysA_ybcN<>3*1_RBS1027_lacI,M9glucose,na,1,orbitrap_classic,forward,-2.048330546654783,0.04067659989475381,1.0415152249414428
P0A6A3,ackA,2,15463000,13542000,1921600,Median,0.12292,0.0,lacZ_Oid,20150807,CAAAACTGCAG CTCGTATGTTGTGTGG GGCAGTGAGCGCAACGCAATT TCACACAGGAAA,CAAAACTGCAG CTCGTATGTTGTGTGG AATCCCCCTAGGTGAACCATT TCACACAGGAAA,HG105deltalysA_ybcN<>3*1_RBS1027_lacI,M9glucose,na,1,orbitrap_classic,forward,-2.0962215417198533,-0.007214395170316301,0.992811566109361
P0A6A6,leuC,8,31973000,27146000,4826700,Median,0.12519,0.0,lacZ_Oid,20150807,CAAAACTGCAG CTCGTATGTTGTGTGG GGCAGTGAGCGCAACGCAATT TCACACAGGAAA,CAAAACTGCAG CTCGTATGTTGTGTGG AATCCCCCTAGGTGAACCATT TCACACAGGAAA,HG105deltalysA_ybcN<>3*1_RBS1027_lacI,M9glucose,na,1,orbitrap_classic,forward,-2.077922695710566,0.011084450838970916,1.0111461109764963
P0A6A8,acpP,1,0,0,0,Median,,0.0,lacZ_Oid,20150807,CAAAACTGCAG CTCGTATGTTGTGTGG GGCAGTGAGCGCAACGCAATT TCACACAGGAAA,CAAAACTGCAG CTCGTATGTTGTGTGG AATCCCCCTAGGTGAACCATT TCACACAGGAAA,HG105deltalysA_ybcN<>3*1_RBS1027_lacI,M9glucose,na,1,orbitrap_classic,forward,,,
P0A6B7,iscS,5,31114000,27472000,3641700,Median,0.13514,0.0,lacZ_Oid,20150807,CAAAACTGCAG CTCGTATGTTGTGTGG GGCAGTGAGCGCAACGCAATT TCACACAGGAAA,CAAAACTGCAG CTCGTATGTTGTGTGG AATCCCCCTAGGTGAACCATT TCACACAGGAAA,HG105deltalysA_ybcN<>3*1_RBS1027_lacI,M9glucose,na,1,orbitrap_classic,forward,-2.0014440008581085,0.08756314569142853,1.0915111864954368
P0A6D3,aroA,2,3901200,3401800,499460,Median,0.12568,0.0,lacZ_Oid,20150807,CAAAACTGCAG CTCGTATGTTGTGTGG GGCAGTGAGCGCAACGCAATT TCACACAGGAAA,CAAAACTGCAG CTCGTATGTTGTGTGG AATCCCCCTAGGTGAACCATT TCACACAGGAAA,HG105deltalysA_ybcN<>3*1_RBS1027_lacI,M9glucose,na,1,orbitrap_classic,forward,-2.0740162850347716,0.014990861514765363,1.0151037880623535
P0A6E4,argG,4,514760000,467080000,47684000,Median,0.09589199999999999,0.0,lacZ_Oid,20150807,CAAAACTGCAG CTCGTATGTTGTGTGG GGCAGTGAGCGCAACGCAATT TCACACAGGAAA,CAAAACTGCAG CTCGTATGTTGTGTGG AATCCCCCTAGGTGAACCATT TCACACAGGAAA,HG105deltalysA_ybcN<>3*1_RBS1027_lacI,M9glucose,na,1,orbitrap_classic,forward,-2.344532720801811,-0.2555255742522742,0.7745093288102738
P0A6F1,carA,3,158250000,139770000,18486000,Median,0.094898,0.0,lacZ_Oid,20150807,CAAAACTGCAG CTCGTATGTTGTGTGG GGCAGTGAGCGCAACGCAATT TCACACAGGAAA,CAAAACTGCAG CTCGTATGTTGTGTGG AATCCCCCTAGGTGAACCATT TCACACAGGAAA,HG105deltalysA_ybcN<>3*1_RBS1027_lacI,M9glucose,na,1,orbitrap_classic,forward,-2.3549526484039274,-0.26594550185439036,0.7664808981503918
P0A6F5,groL,5,4763800,2876300,1887600,Median,0.49487,0.0,lacZ_Oid,20150807,CAAAACTGCAG CTCGTATGTTGTGTGG GGCAGTGAGCGCAACGCAATT TCACACAGGAAA,CAAAACTGCAG CTCGTATGTTGTGTGG AATCCCCCTAGGTGAACCATT TCACACAGGAAA,HG105deltalysA_ybcN<>3*1_RBS1027_lacI,M9glucose,na,1,orbitrap_classic,forward,-0.7034601771683892,1.385546969381148,3.9970115499555776
P0A6H1,clpX,8,38992000,34628000,4363900,Median,0.10298,0.0,lacZ_Oid,20150807,CAAAACTGCAG CTCGTATGTTGTGTGG GGCAGTGAGCGCAACGCAATT TCACACAGGAAA,CAAAACTGCAG CTCGTATGTTGTGTGG AATCCCCCTAGGTGAACCATT TCACACAGGAAA,HG105deltalysA_ybcN<>3*1_RBS1027_lacI,M9glucose,na,1,orbitrap_classic,forward,-2.273220484364142,-0.18421333781460492,0.8317583393910023
P0A6H5,hslU,6,127530000,112020000,15510000,Median,0.12997,0.0,lacZ_Oid,20150807,CAAAACTGCAG CTCGTATGTTGTGTGG GGCAGTGAGCGCAACGCAATT TCACACAGGAAA,CAAAACTGCAG CTCGTATGTTGTGTGG AATCCCCCTAGGTGAACCATT TCACACAGGAAA,HG105deltalysA_ybcN<>3*1_RBS1027_lacI,M9glucose,na,1,orbitrap_classic,forward,-2.04045162438864,0.04855552216089709,1.0497536547936357
P0A6H8,clsA,1,0,0,0,Median,,0.0,lacZ_Oid,20150807,CAAAACTGCAG CTCGTATGTTGTGTGG GGCAGTGAGCGCAACGCAATT TCACACAGGAAA,CAAAACTGCAG CTCGTATGTTGTGTGG AATCCCCCTAGGTGAACCATT TCACACAGGAAA,HG105deltalysA_ybcN<>3*1_RBS1027_lacI,M9glucose,na,1,orbitrap_classic,forward,,,
P0A6J8,ddlA,3,18928000,17195000,1733400,Median,0.090286,0.0,lacZ_Oid,20150807,CAAAACTGCAG CTCGTATGTTGTGTGG GGCAGTGAGCGCAACGCAATT TCACACAGGAAA,CAAAACTGCAG CTCGTATGTTGTGTGG AATCCCCCTAGGTGAACCATT TCACACAGGAAA,HG105deltalysA_ybcN<>3*1_RBS1027_lacI,M9glucose,na,1,orbitrap_classic,forward,-2.404772869338638,-0.31576572278910087,0.729230272191261
P0A6K6,deoB,5,90111000,79656000,10455000,Median,0.11168,0.0,lacZ_Oid,20150807,CAAAACTGCAG CTCGTATGTTGTGTGG GGCAGTGAGCGCAACGCAATT TCACACAGGAAA,CAAAACTGCAG CTCGTATGTTGTGTGG AATCCCCCTAGGTGAACCATT TCACACAGGAAA,HG105deltalysA_ybcN<>3*1_RBS1027_lacI,M9glucose,na,1,orbitrap_classic,forward,-2.1921176399680746,-0.10311049341853762,0.9020272998950005
P0A6M8,fusA,6,8711700,6641300,2070400,Median,0.30591999999999997,0.0,lacZ_Oid,20150807,CAAAACTGCAG CTCGTATGTTGTGTGG GGCAGTGAGCGCAACGCAATT TCACACAGGAAA,CAAAACTGCAG CTCGTATGTTGTGTGG AATCCCCCTAGGTGAACCATT TCACACAGGAAA,HG105deltalysA_ybcN<>3*1_RBS1027_lacI,M9glucose,na,1,orbitrap_classic,forward,-1.1844316491191007,0.9045754974304363,2.4708828042969064
P0A6P9,eno,11,2568400000,2193000000,375420000,Median,0.14013,0.0,lacZ_Oid,20150807,CAAAACTGCAG CTCGTATGTTGTGTGG GGCAGTGAGCGCAACGCAATT TCACACAGGAAA,CAAAACTGCAG CTCGTATGTTGTGTGG AATCCCCCTAGGTGAACCATT TCACACAGGAAA,HG105deltalysA_ybcN<>3*1_RBS1027_lacI,M9glucose,na,1,orbitrap_classic,forward,-1.9651847158000106,0.12382243074952637,1.1318148776350863
P0A6V1,glgC,3,24405000,22028000,2377000,Median,0.11757999999999999,0.0,lacZ_Oid,20150807,CAAAACTGCAG CTCGTATGTTGTGTGG GGCAGTGAGCGCAACGCAATT TCACACAGGAAA,CAAAACTGCAG CTCGTATGTTGTGTGG AATCCCCCTAGGTGAACCATT TCACACAGGAAA,HG105deltalysA_ybcN<>3*1_RBS1027_lacI,M9glucose,na,1,orbitrap_classic,forward,-2.1406363260080283,-0.051629179458491326,0.9496809627655277
P0A6Y1,ihfB,1,2554700,1348400,1206300,Median,0.87798,1.0,lacZ_Oid,20150807,CAAAACTGCAG CTCGTATGTTGTGTGG GGCAGTGAGCGCAACGCAATT TCACACAGGAAA,CAAAACTGCAG CTCGTATGTTGTGTGG AATCCCCCTAGGTGAACCATT TCACACAGGAAA,HG105deltalysA_ybcN<>3*1_RBS1027_lacI,M9glucose,na,1,orbitrap_classic,forward,-0.13013146464974695,1.95887568189979,7.091349648655198
P0A749,murA,7,52333000,46903000,5430600,Median,0.095706,0.0,lacZ_Oid,20150807,CAAAACTGCAG CTCGTATGTTGTGTGG GGCAGTGAGCGCAACGCAATT TCACACAGGAAA,CAAAACTGCAG CTCGTATGTTGTGTGG AATCCCCCTAGGTGAACCATT TCACACAGGAAA,HG105deltalysA_ybcN<>3*1_RBS1027_lacI,M9glucose,na,1,orbitrap_classic,forward,-2.346474286563771,-0.2574671400142341,0.7730070268960504
P0A799,pgk,10,1534300000,1331800000,202460000,Median,0.13997,0.0,lacZ_Oid,20150807,CAAAACTGCAG CTCGTATGTTGTGTGG GGCAGTGAGCGCAACGCAATT TCACACAGGAAA,CAAAACTGCAG CTCGTATGTTGTGTGG AATCCCCCTAGGTGAACCATT TCACACAGGAAA,HG105deltalysA_ybcN<>3*1_RBS1027_lacI,M9glucose,na,1,orbitrap_classic,forward,-1.9663271650495824,0.12267998149995463,1.1305225749131738
P0A7B5,proB,2,18523000,16675000,1848000,Median,0.10257000000000001,0.0,lacZ_Oid,20150807,CAAAACTGCAG CTCGTATGTTGTGTGG GGCAGTGAGCGCAACGCAATT TCACACAGGAAA,CAAAACTGCAG CTCGTATGTTGTGTGG AATCCCCCTAGGTGAACCATT TCACACAGGAAA,HG105deltalysA_ybcN<>3*1_RBS1027_lacI,M9glucose,na,1,orbitrap_classic,forward,-2.277209786662817,-0.18820264011328014,0.8284468136661016
P0A7D4,purA,7,208170000,185500000,22667000,Median,0.11457,0.0,lacZ_Oid,20150807,CAAAACTGCAG CTCGTATGTTGTGTGG GGCAGTGAGCGCAACGCAATT TCACACAGGAAA,CAAAACTGCAG CTCGTATGTTGTGTGG AATCCCCCTAGGTGAACCATT TCACACAGGAAA,HG105deltalysA_ybcN<>3*1_RBS1027_lacI,M9glucose,na,1,orbitrap_classic,forward,-2.1665692890766026,-0.07756214252706561,0.9253695178095469
P0A7E1,pyrD,5,13865000,11886000,1978600,Median,0.14864000000000002,0.0,lacZ_Oid,20150807,CAAAACTGCAG CTCGTATGTTGTGTGG GGCAGTGAGCGCAACGCAATT TCACACAGGAAA,CAAAACTGCAG CTCGTATGTTGTGTGG AATCCCCCTAGGTGAACCATT TCACACAGGAAA,HG105deltalysA_ybcN<>3*1_RBS1027_lacI,M9glucose,na,1,orbitrap_classic,forward,-1.9062280039166086,0.18277914263292838,1.2005492286568131
P0A7G6,recA,5,103030000,90154000,12873000,Median,0.11782999999999999,0.0,lacZ_Oid,20150807,CAAAACTGCAG CTCGTATGTTGTGTGG GGCAGTGAGCGCAACGCAATT TCACACAGGAAA,CAAAACTGCAG CTCGTATGTTGTGTGG AATCCCCCTAGGTGAACCATT TCACACAGGAAA,HG105deltalysA_ybcN<>3*1_RBS1027_lacI,M9glucose,na,1,orbitrap_classic,forward,-2.138512371256888,-0.04950522470735086,0.9517001857685162
P0A7V0,rpsB,1,0,0,0,Median,,0.0,lacZ_Oid,20150807,CAAAACTGCAG CTCGTATGTTGTGTGG GGCAGTGAGCGCAACGCAATT TCACACAGGAAA,CAAAACTGCAG CTCGTATGTTGTGTGG AATCCCCCTAGGTGAACCATT TCACACAGGAAA,HG105deltalysA_ybcN<>3*1_RBS1027_lacI,M9glucose,na,1,orbitrap_classic,forward,,,
P0A7V3,rpsC,2,7743500,6705400,1038100,Median,0.14051,0.0,lacZ_Oid,20150807,CAAAACTGCAG CTCGTATGTTGTGTGG GGCAGTGAGCGCAACGCAATT TCACACAGGAAA,CAAAACTGCAG CTCGTATGTTGTGTGG AATCCCCCTAGGTGAACCATT TCACACAGGAAA,HG105deltalysA_ybcN<>3*1_RBS1027_lacI,M9glucose,na,1,orbitrap_classic,forward,-1.9624766183638882,0.1265305281856488,1.1348840965996285
P0A7V8,rpsD,1,0,0,0,Plateau,,0.0,lacZ_Oid,20150807,CAAAACTGCAG CTCGTATGTTGTGTGG GGCAGTGAGCGCAACGCAATT TCACACAGGAAA,CAAAACTGCAG CTCGTATGTTGTGTGG AATCCCCCTAGGTGAACCATT TCACACAGGAAA,HG105deltalysA_ybcN<>3*1_RBS1027_lacI,M9glucose,na,1,orbitrap_classic,forward,,,
P0A7Z4,rpoA,2,210050000,171270000,38778000,Median,0.20134000000000002,0.0,lacZ_Oid,20150807,CAAAACTGCAG CTCGTATGTTGTGTGG GGCAGTGAGCGCAACGCAATT TCACACAGGAAA,CAAAACTGCAG CTCGTATGTTGTGTGG AATCCCCCTAGGTGAACCATT TCACACAGGAAA,HG105deltalysA_ybcN<>3*1_RBS1027_lacI,M9glucose,na,1,orbitrap_classic,forward,-1.6027602576808597,0.4862468888686773,1.6262014376867784
P0A817,metK,7,784140000,700190000,83959000,Median,0.11238,0.0,lacZ_Oid,20150807,CAAAACTGCAG CTCGTATGTTGTGTGG GGCAGTGAGCGCAACGCAATT TCACACAGGAAA,CAAAACTGCAG CTCGTATGTTGTGTGG AATCCCCCTAGGTGAACCATT TCACACAGGAAA,HG105deltalysA_ybcN<>3*1_RBS1027_lacI,M9glucose,na,1,orbitrap_classic,forward,-2.1858692932980848,-0.09686214674854776,0.9076811243033682
P0A821,selA,2,0,0,0,Median,,0.0,lacZ_Oid,20150807,CAAAACTGCAG CTCGTATGTTGTGTGG GGCAGTGAGCGCAACGCAATT TCACACAGGAAA,CAAAACTGCAG CTCGTATGTTGTGTGG AATCCCCCTAGGTGAACCATT TCACACAGGAAA,HG105deltalysA_ybcN<>3*1_RBS1027_lacI,M9glucose,na,1,orbitrap_classic,forward,,,
P0A825,glyA,10,3959900000,3434500000,525410000,Median,0.15195999999999998,0.0,lacZ_Oid,20150807,CAAAACTGCAG CTCGTATGTTGTGTGG GGCAGTGAGCGCAACGCAATT TCACACAGGAAA,CAAAACTGCAG CTCGTATGTTGTGTGG AATCCCCCTAGGTGAACCATT TCACACAGGAAA,HG105deltalysA_ybcN<>3*1_RBS1027_lacI,M9glucose,na,1,orbitrap_classic,forward,-1.8841379506627123,0.20486919588682473,1.2273645101364996
P0A836,sucC,11,496430000,443170000,53261000,Median,0.10977,0.0,lacZ_Oid,20150807,CAAAACTGCAG CTCGTATGTTGTGTGG GGCAGTGAGCGCAACGCAATT TCACACAGGAAA,CAAAACTGCAG CTCGTATGTTGTGTGG AATCCCCCTAGGTGAACCATT TCACACAGGAAA,HG105deltalysA_ybcN<>3*1_RBS1027_lacI,M9glucose,na,1,orbitrap_classic,forward,-2.209368011282912,-0.12036086473337493,0.8866004361521688
P0A850,tig,8,158780000,133060000,25725000,Median,0.16993,0.0,lacZ_Oid,20150807,CAAAACTGCAG CTCGTATGTTGTGTGG GGCAGTGAGCGCAACGCAATT TCACACAGGAAA,CAAAACTGCAG CTCGTATGTTGTGTGG AATCCCCCTAGGTGAACCATT TCACACAGGAAA,HG105deltalysA_ybcN<>3*1_RBS1027_lacI,M9glucose,na,1,orbitrap_classic,forward,-1.772368691436123,0.31663845511341404,1.3725062595913093
P0A855,tolB,2,79270000,67940000,11330000,Median,0.13829,0.0,lacZ_Oid,20150807,CAAAACTGCAG CTCGTATGTTGTGTGG GGCAGTGAGCGCAACGCAATT TCACACAGGAAA,CAAAACTGCAG CTCGTATGTTGTGTGG AATCCCCCTAGGTGAACCATT TCACACAGGAAA,HG105deltalysA_ybcN<>3*1_RBS1027_lacI,M9glucose,na,1,orbitrap_classic,forward,-1.97840234950557,0.11060479704396697,1.116953396333091
P0A867,talA,5,16371000,15285000,1086000,Median,0.11213,0.0,lacZ_Oid,20150807,CAAAACTGCAG CTCGTATGTTGTGTGG GGCAGTGAGCGCAACGCAATT TCACACAGGAAA,CAAAACTGCAG CTCGTATGTTGTGTGG AATCCCCCTAGGTGAACCATT TCACACAGGAAA,HG105deltalysA_ybcN<>3*1_RBS1027_lacI,M9glucose,na,1,orbitrap_classic,forward,-2.1880963665093476,-0.09908921995981057,0.9056619013003798
P0A879,trpB,7,136350000,121230000,15121000,Median,0.11487,0.0,lacZ_Oid,20150807,CAAAACTGCAG CTCGTATGTTGTGTGG GGCAGTGAGCGCAACGCAATT TCACACAGGAAA,CAAAACTGCAG CTCGTATGTTGTGTGG AATCCCCCTAGGTGAACCATT TCACACAGGAAA,HG105deltalysA_ybcN<>3*1_RBS1027_lacI,M9glucose,na,1,orbitrap_classic,forward,-2.163954224824824,-0.07494707827528702,0.9277925854131333
P0A8G0,uvrC,9,71175000,37108000,34067000,Median,0.8802,0.0,lacZ_Oid,20150807,CAAAACTGCAG CTCGTATGTTGTGTGG GGCAGTGAGCGCAACGCAATT TCACACAGGAAA,CAAAACTGCAG CTCGTATGTTGTGTGG AATCCCCCTAGGTGAACCATT TCACACAGGAAA,HG105deltalysA_ybcN<>3*1_RBS1027_lacI,M9glucose,na,1,orbitrap_classic,forward,-0.12760612460514603,1.961401021944391,7.109280348921735
P0A8G3,uxaC,4,29149000,26323000,2825800,Median,0.082312,0.0,lacZ_Oid,20150807,CAAAACTGCAG CTCGTATGTTGTGTGG GGCAGTGAGCGCAACGCAATT TCACACAGGAAA,CAAAACTGCAG CTCGTATGTTGTGTGG AATCCCCCTAGGTGAACCATT TCACACAGGAAA,HG105deltalysA_ybcN<>3*1_RBS1027_lacI,M9glucose,na,1,orbitrap_classic,forward,-2.497238373908628,-0.4082312273590909,0.6648251352879413
P0A8J8,rhlB,6,109690000,92191000,17497000,Median,0.18957000000000002,0.0,lacZ_Oid,20150807,CAAAACTGCAG CTCGTATGTTGTGTGG GGCAGTGAGCGCAACGCAATT TCACACAGGAAA,CAAAACTGCAG CTCGTATGTTGTGTGG AATCCCCCTAGGTGAACCATT TCACACAGGAAA,HG105deltalysA_ybcN<>3*1_RBS1027_lacI,M9glucose,na,1,orbitrap_classic,forward,-1.6629969295286633,0.4260102170208737,1.5311364187060823
P0A8L1,serS,8,42312000,38433000,3879100,Median,0.083973,0.0,lacZ_Oid,20150807,CAAAACTGCAG CTCGTATGTTGTGTGG GGCAGTGAGCGCAACGCAATT TCACACAGGAAA,CAAAACTGCAG CTCGTATGTTGTGTGG AATCCCCCTAGGTGAACCATT TCACACAGGAAA,HG105deltalysA_ybcN<>3*1_RBS1027_lacI,M9glucose,na,1,orbitrap_classic,forward,-2.4772599603794876,-0.3882528138299506,0.6782408529197965
P0A8M0,asnS,3,117230000,105430000,11793000,Median,0.091182,0.0,lacZ_Oid,20150807,CAAAACTGCAG CTCGTATGTTGTGTGG GGCAGTGAGCGCAACGCAATT TCACACAGGAAA,CAAAACTGCAG CTCGTATGTTGTGTGG AATCCCCCTAGGTGAACCATT TCACACAGGAAA,HG105deltalysA_ybcN<>3*1_RBS1027_lacI,M9glucose,na,1,orbitrap_classic,forward,-2.394897769802614,-0.3058906232530769,0.7364671674339714
P0A953,fabB,6,228950000,206630000,22312000,Median,0.1053,0.0,lacZ_Oid,20150807,CAAAACTGCAG CTCGTATGTTGTGTGG GGCAGTGAGCGCAACGCAATT TCACACAGGAAA,CAAAACTGCAG CTCGTATGTTGTGTGG AATCCCCCTAGGTGAACCATT TCACACAGGAAA,HG105deltalysA_ybcN<>3*1_RBS1027_lacI,M9glucose,na,1,orbitrap_classic,forward,-2.2509418598422073,-0.16193471329267028,0.8504967288587352
P0A988,dnaN,2,10717000,9727600,988990,Median,0.10165,0.0,lacZ_Oid,20150807,CAAAACTGCAG CTCGTATGTTGTGTGG GGCAGTGAGCGCAACGCAATT TCACACAGGAAA,CAAAACTGCAG CTCGTATGTTGTGTGG AATCCCCCTAGGTGAACCATT TCACACAGGAAA,HG105deltalysA_ybcN<>3*1_RBS1027_lacI,M9glucose,na,1,orbitrap_classic,forward,-2.286219738907781,-0.19721259235824418,0.821016073015104
P0A991,fbaB,5,112400000,101710000,10687000,Median,0.077821,0.0,lacZ_Oid,20150807,CAAAACTGCAG CTCGTATGTTGTGTGG GGCAGTGAGCGCAACGCAATT TCACACAGGAAA,CAAAACTGCAG CTCGTATGTTGTGTGG AATCCCCCTAGGTGAACCATT TCACACAGGAAA,HG105deltalysA_ybcN<>3*1_RBS1027_lacI,M9glucose,na,1,orbitrap_classic,forward,-2.55334396134124,-0.46433681479170286,0.6285518132622568
P0A993,fbp,2,13000000,11472000,1528000,Median,0.12275,0.0,lacZ_Oid,20150807,CAAAACTGCAG CTCGTATGTTGTGTGG GGCAGTGAGCGCAACGCAATT TCACACAGGAAA,CAAAACTGCAG CTCGTATGTTGTGTGG AATCCCCCTAGGTGAACCATT TCACACAGGAAA,HG105deltalysA_ybcN<>3*1_RBS1027_lacI,M9glucose,na,1,orbitrap_classic,forward,-2.0976055123075072,-0.008598365757970239,0.9914384944673289
P0A9A6,ftsZ,6,53538000,49147000,4390700,Median,0.07682,0.0,lacZ_Oid,20150807,CAAAACTGCAG CTCGTATGTTGTGTGG GGCAGTGAGCGCAACGCAATT TCACACAGGAAA,CAAAACTGCAG CTCGTATGTTGTGTGG AATCCCCCTAGGTGAACCATT TCACACAGGAAA,HG105deltalysA_ybcN<>3*1_RBS1027_lacI,M9glucose,na,1,orbitrap_classic,forward,-2.566290256064378,-0.4772831095148411,0.6204668443582911
P0A9B2,gapA,8,98253000,87786000,10468000,Median,0.10854000000000001,0.0,lacZ_Oid,20150807,CAAAACTGCAG CTCGTATGTTGTGTGG GGCAGTGAGCGCAACGCAATT TCACACAGGAAA,CAAAACTGCAG CTCGTATGTTGTGTGG AATCCCCCTAGGTGAACCATT TCACACAGGAAA,HG105deltalysA_ybcN<>3*1_RBS1027_lacI,M9glucose,na,1,orbitrap_classic,forward,-2.2206365103468784,-0.13162936379734136,0.8766658589774655
P0A9C3,galM,2,4475800,3874500,601330,Median,0.13388,0.0,lacZ_Oid,20150807,CAAAACTGCAG CTCGTATGTTGTGTGG GGCAGTGAGCGCAACGCAATT TCACACAGGAAA,CAAAACTGCAG CTCGTATGTTGTGTGG AATCCCCCTAGGTGAACCATT TCACACAGGAAA,HG105deltalysA_ybcN<>3*1_RBS1027_lacI,M9glucose,na,1,orbitrap_classic,forward,-2.0108114026390114,0.07819574391052564,1.0813343025603748
P0A9C5,glnA,4,0,0,0,Median,,0.0,lacZ_Oid,20150807,CAAAACTGCAG CTCGTATGTTGTGTGG GGCAGTGAGCGCAACGCAATT TCACACAGGAAA,CAAAACTGCAG CTCGTATGTTGTGTGG AATCCCCCTAGGTGAACCATT TCACACAGGAAA,HG105deltalysA_ybcN<>3*1_RBS1027_lacI,M9glucose,na,1,orbitrap_classic,forward,,,
P0A9G6,aceA,10,6276700000,5477600000,799060000,Median,0.12380999999999999,0.0,lacZ_Oid,20150807,CAAAACTGCAG CTCGTATGTTGTGTGG GGCAGTGAGCGCAACGCAATT TCACACAGGAAA,CAAAACTGCAG CTCGTATGTTGTGTGG AATCCCCCTAGGTGAACCATT TCACACAGGAAA,HG105deltalysA_ybcN<>3*1_RBS1027_lacI,M9glucose,na,1,orbitrap_classic,forward,-2.089007146549537,0.0,1.0
P0A9J8,pheA,5,74690000,67707000,6983000,Median,0.083888,0.0,lacZ_Oid,20150807,CAAAACTGCAG CTCGTATGTTGTGTGG GGCAGTGAGCGCAACGCAATT TCACACAGGAAA,CAAAACTGCAG CTCGTATGTTGTGTGG AATCCCCCTAGGTGAACCATT TCACACAGGAAA,HG105deltalysA_ybcN<>3*1_RBS1027_lacI,M9glucose,na,1,orbitrap_classic,forward,-2.4782727031519602,-0.38926555660242323,0.6775543170987803
P0A9M0,lon,3,9182500,5935400,3247100,Median,0.43505,0.0,lacZ_Oid,20150807,CAAAACTGCAG CTCGTATGTTGTGTGG GGCAGTGAGCGCAACGCAATT TCACACAGGAAA,CAAAACTGCAG CTCGTATGTTGTGTGG AATCCCCCTAGGTGAACCATT TCACACAGGAAA,HG105deltalysA_ybcN<>3*1_RBS1027_lacI,M9glucose,na,1,orbitrap_classic,forward,-0.8322943119701036,1.2567128345794334,3.5138518698005012
P0A9P0,lpdA,10,0,0,0,Median,,0.0,lacZ_Oid,20150807,CAAAACTGCAG CTCGTATGTTGTGTGG GGCAGTGAGCGCAACGCAATT TCACACAGGAAA,CAAAACTGCAG CTCGTATGTTGTGTGG AATCCCCCTAGGTGAACCATT TCACACAGGAAA,HG105deltalysA_ybcN<>3*1_RBS1027_lacI,M9glucose,na,1,orbitrap_classic,forward,,,
P0A9Q7,adhE,3,6459900,5026400,1433500,Median,0.29164,0.0,lacZ_Oid,20150807,CAAAACTGCAG CTCGTATGTTGTGTGG GGCAGTGAGCGCAACGCAATT TCACACAGGAAA,CAAAACTGCAG CTCGTATGTTGTGTGG AATCCCCCTAGGTGAACCATT TCACACAGGAAA,HG105deltalysA_ybcN<>3*1_RBS1027_lacI,M9glucose,na,1,orbitrap_classic,forward,-1.2322351140439074,0.8567720325056296,2.355544786366207
P0A9Q9,asd,2,113750000,102890000,10851000,Median,0.091124,0.0,lacZ_Oid,20150807,CAAAACTGCAG CTCGTATGTTGTGTGG GGCAGTGAGCGCAACGCAATT TCACACAGGAAA,CAAAACTGCAG CTCGTATGTTGTGTGG AATCCCCCTAGGTGAACCATT TCACACAGGAAA,HG105deltalysA_ybcN<>3*1_RBS1027_lacI,M9glucose,na,1,orbitrap_classic,forward,-2.395534062650429,-0.3065269161008919,0.735998707697278
P0A9T0,serA,5,1268100000,1141600000,126470000,Median,0.079867,0.0,lacZ_Oid,20150807,CAAAACTGCAG CTCGTATGTTGTGTGG GGCAGTGAGCGCAACGCAATT TCACACAGGAAA,CAAAACTGCAG CTCGTATGTTGTGTGG AATCCCCCTAGGTGAACCATT TCACACAGGAAA,HG105deltalysA_ybcN<>3*1_RBS1027_lacI,M9glucose,na,1,orbitrap_classic,forward,-2.5273925277949574,-0.43838538124542037,0.6450771343187143
P0A9T4,tas,2,43147000,39162000,3985500,Median,0.085249,0.0,lacZ_Oid,20150807,CAAAACTGCAG CTCGTATGTTGTGTGG GGCAGTGAGCGCAACGCAATT TCACACAGGAAA,CAAAACTGCAG CTCGTATGTTGTGTGG AATCCCCCTAGGTGAACCATT TCACACAGGAAA,HG105deltalysA_ybcN<>3*1_RBS1027_lacI,M9glucose,na,1,orbitrap_classic,forward,-2.462178893092589,-0.37317174654305196,0.6885469671270495
P0AA25,trxA,1,22579000,22369000,210040,Median,0.011698,0.0,lacZ_Oid,20150807,CAAAACTGCAG CTCGTATGTTGTGTGG GGCAGTGAGCGCAACGCAATT TCACACAGGAAA,CAAAACTGCAG CTCGTATGTTGTGTGG AATCCCCCTAGGTGAACCATT TCACACAGGAAA,HG105deltalysA_ybcN<>3*1_RBS1027_lacI,M9glucose,na,1,orbitrap_classic,forward,-4.448337391961303,-2.359330245411766,0.09448348275583557
P0AA39,rluC,3,18301000,11753000,6548400,Median,0.49254,0.0,lacZ_Oid,20150807,CAAAACTGCAG CTCGTATGTTGTGTGG GGCAGTGAGCGCAACGCAATT TCACACAGGAAA,CAAAACTGCAG CTCGTATGTTGTGTGG AATCCCCCTAGGTGAACCATT TCACACAGGAAA,HG105deltalysA_ybcN<>3*1_RBS1027_lacI,M9glucose,na,1,orbitrap_classic,forward,-0.7081796033939073,1.3808275431556298,3.9781923915677253
P0AAI3,ftsH,4,0,0,0,Median,,0.0,lacZ_Oid,20150807,CAAAACTGCAG CTCGTATGTTGTGTGG GGCAGTGAGCGCAACGCAATT TCACACAGGAAA,CAAAACTGCAG CTCGTATGTTGTGTGG AATCCCCCTAGGTGAACCATT TCACACAGGAAA,HG105deltalysA_ybcN<>3*1_RBS1027_lacI,M9glucose,na,1,orbitrap_classic,forward,,,
P0AAI5,fabF,2,35805000,32855000,2949900,Median,0.097724,0.0,lacZ_Oid,20150807,CAAAACTGCAG CTCGTATGTTGTGTGG GGCAGTGAGCGCAACGCAATT TCACACAGGAAA,CAAAACTGCAG CTCGTATGTTGTGTGG AATCCCCCTAGGTGAACCATT TCACACAGGAAA,HG105deltalysA_ybcN<>3*1_RBS1027_lacI,M9glucose,na,1,orbitrap_classic,forward,-2.3256081001515856,-0.23660095360204858,0.7893061949761732
P0AB24,efeO,12,204780000,185080000,19701000,Median,0.096341,0.0,lacZ_Oid,20150807,CAAAACTGCAG CTCGTATGTTGTGTGG GGCAGTGAGCGCAACGCAATT TCACACAGGAAA,CAAAACTGCAG CTCGTATGTTGTGTGG AATCCCCCTAGGTGAACCATT TCACACAGGAAA,HG105deltalysA_ybcN<>3*1_RBS1027_lacI,M9glucose,na,1,orbitrap_classic,forward,-2.339861297929428,-0.2508541513798912,0.7781358533236412
P0AB67,pntB,3,101030000,90515000,10515000,Median,0.09952899999999999,0.0,lacZ_Oid,20150807,CAAAACTGCAG CTCGTATGTTGTGTGG GGCAGTGAGCGCAACGCAATT TCACACAGGAAA,CAAAACTGCAG CTCGTATGTTGTGTGG AATCCCCCTAGGTGAACCATT TCACACAGGAAA,HG105deltalysA_ybcN<>3*1_RBS1027_lacI,M9glucose,na,1,orbitrap_classic,forward,-2.307306219996582,-0.2182990734470449,0.8038849850577496
P0AB71,fbaA,7,757500000,674750000,82751000,Median,0.1018,0.0,lacZ_Oid,20150807,CAAAACTGCAG CTCGTATGTTGTGTGG GGCAGTGAGCGCAACGCAATT TCACACAGGAAA,CAAAACTGCAG CTCGTATGTTGTGTGG AATCCCCCTAGGTGAACCATT TCACACAGGAAA,HG105deltalysA_ybcN<>3*1_RBS1027_lacI,M9glucose,na,1,orbitrap_classic,forward,-2.284745174865715,-0.19573802831617781,0.8222276068168968
P0AB89,purB,5,136170000,123610000,12566000,Median,0.08466,0.0,lacZ_Oid,20150807,CAAAACTGCAG CTCGTATGTTGTGTGG GGCAGTGAGCGCAACGCAATT TCACACAGGAAA,CAAAACTGCAG CTCGTATGTTGTGTGG AATCCCCCTAGGTGAACCATT TCACACAGGAAA,HG105deltalysA_ybcN<>3*1_RBS1027_lacI,M9glucose,na,1,orbitrap_classic,forward,-2.4691120438893592,-0.3801048973398222,0.6837896777320089
P0AB91,aroG,2,5373000,4745000,628000,Median,0.11210999999999999,0.0,lacZ_Oid,20150807,CAAAACTGCAG CTCGTATGTTGTGTGG GGCAGTGAGCGCAACGCAATT TCACACAGGAAA,CAAAACTGCAG CTCGTATGTTGTGTGG AATCCCCCTAGGTGAACCATT TCACACAGGAAA,HG105deltalysA_ybcN<>3*1_RBS1027_lacI,M9glucose,na,1,orbitrap_classic,forward,-2.188274746816635,-0.09926760026709802,0.9055003634601404
P0ABB4,atpD,5,572380000,510510000,61872000,Median,0.11175,0.0,lacZ_Oid,20150807,CAAAACTGCAG CTCGTATGTTGTGTGG GGCAGTGAGCGCAACGCAATT TCACACAGGAAA,CAAAACTGCAG CTCGTATGTTGTGTGG AATCCCCCTAGGTGAACCATT TCACACAGGAAA,HG105deltalysA_ybcN<>3*1_RBS1027_lacI,M9glucose,na,1,orbitrap_classic,forward,-2.191491045488459,-0.10248389893892185,0.9025926823358372
P0ABC7,hflK,5,60044000,56662000,3382800,Median,0.050862,0.0,lacZ_Oid,20150807,CAAAACTGCAG CTCGTATGTTGTGTGG GGCAGTGAGCGCAACGCAATT TCACACAGGAAA,CAAAACTGCAG CTCGTATGTTGTGTGG AATCCCCCTAGGTGAACCATT TCACACAGGAAA,HG105deltalysA_ybcN<>3*1_RBS1027_lacI,M9glucose,na,1,orbitrap_classic,forward,-2.978639196127814,-0.8896320495782768,0.4108068815119941
P0ABF1,pcnB,4,257810000,171350000,86461000,Median,0.47105,0.0,lacZ_Oid,20150807,CAAAACTGCAG CTCGTATGTTGTGTGG GGCAGTGAGCGCAACGCAATT TCACACAGGAAA,CAAAACTGCAG CTCGTATGTTGTGTGG AATCCCCCTAGGTGAACCATT TCACACAGGAAA,HG105deltalysA_ybcN<>3*1_RBS1027_lacI,M9glucose,na,1,orbitrap_classic,forward,-0.7527910334874602,1.3362161130620769,3.8046199822308386
P0ABH7,gltA,8,837330000,752510000,84814000,Median,0.11375,0.0,lacZ_Oid,20150807,CAAAACTGCAG CTCGTATGTTGTGTGG GGCAGTGAGCGCAACGCAATT TCACACAGGAAA,CAAAACTGCAG CTCGTATGTTGTGTGG AATCCCCCTAGGTGAACCATT TCACACAGGAAA,HG105deltalysA_ybcN<>3*1_RBS1027_lacI,M9glucose,na,1,orbitrap_classic,forward,-2.1737522211510774,-0.08474507460154035,0.9187464663597448
P0ABH9,clpA,4,48454000,41955000,6499800,Median,0.15234,0.0,lacZ_Oid,20150807,CAAAACTGCAG CTCGTATGTTGTGTGG GGCAGTGAGCGCAACGCAATT TCACACAGGAAA,CAAAACTGCAG CTCGTATGTTGTGTGG AATCCCCCTAGGTGAACCATT TCACACAGGAAA,HG105deltalysA_ybcN<>3*1_RBS1027_lacI,M9glucose,na,1,orbitrap_classic,forward,-1.881640414037495,0.20736673251204207,1.230433729101042
P0ABI8,cyoB,3,30513000,26074000,4439300,Median,0.15459,0.0,lacZ_Oid,20150807,CAAAACTGCAG CTCGTATGTTGTGTGG GGCAGTGAGCGCAACGCAATT TCACACAGGAAA,CAAAACTGCAG CTCGTATGTTGTGTGG AATCCCCCTAGGTGAACCATT TCACACAGGAAA,HG105deltalysA_ybcN<>3*1_RBS1027_lacI,M9glucose,na,1,orbitrap_classic,forward,-1.8669788279738944,0.22202831857564265,1.2486067361279383
P0ABK5,cysK,2,1764700,1513900,250860,Plateau,0.18837,0.0,lacZ_Oid,20150807,CAAAACTGCAG CTCGTATGTTGTGTGG GGCAGTGAGCGCAACGCAATT TCACACAGGAAA,CAAAACTGCAG CTCGTATGTTGTGTGG AATCCCCCTAGGTGAACCATT TCACACAGGAAA,HG105deltalysA_ybcN<>3*1_RBS1027_lacI,M9glucose,na,1,orbitrap_classic,forward,-1.6693471651880092,0.4196599813615278,1.5214441482917376
P0ABQ0,coaBC,2,28137000,21934000,6202700,Median,0.29029,0.0,lacZ_Oid,20150807,CAAAACTGCAG CTCGTATGTTGTGTGG GGCAGTGAGCGCAACGCAATT TCACACAGGAAA,CAAAACTGCAG CTCGTATGTTGTGTGG AATCCCCCTAGGTGAACCATT TCACACAGGAAA,HG105deltalysA_ybcN<>3*1_RBS1027_lacI,M9glucose,na,1,orbitrap_classic,forward,-1.2368748556685338,0.8521322908810032,2.344640982150069
P0ABT2,dps,2,12439000,9823800,2615200,Median,0.21015,0.0,lacZ_Oid,20150807,CAAAACTGCAG CTCGTATGTTGTGTGG GGCAGTGAGCGCAACGCAATT TCACACAGGAAA,CAAAACTGCAG CTCGTATGTTGTGTGG AATCCCCCTAGGTGAACCATT TCACACAGGAAA,HG105deltalysA_ybcN<>3*1_RBS1027_lacI,M9glucose,na,1,orbitrap_classic,forward,-1.5599337175310113,0.5290734290185257,1.6973588563120914
P0ABU2,ychF,6,159160000,139740000,19420000,Median,0.12863,0.0,lacZ_Oid,20150807,CAAAACTGCAG CTCGTATGTTGTGTGG GGCAGTGAGCGCAACGCAATT TCACACAGGAAA,CAAAACTGCAG CTCGTATGTTGTGTGG AATCCCCCTAGGTGAACCATT TCACACAGGAAA,HG105deltalysA_ybcN<>3*1_RBS1027_lacI,M9glucose,na,1,orbitrap_classic,forward,-2.050815212891513,0.03819193365802409,1.0389306194976176
P0ABZ6,surA,2,45029000,39953000,5076100,Median,0.10257000000000001,0.0,lacZ_Oid,20150807,CAAAACTGCAG CTCGTATGTTGTGTGG GGCAGTGAGCGCAACGCAATT TCACACAGGAAA,CAAAACTGCAG CTCGTATGTTGTGTGG AATCCCCCTAGGTGAACCATT TCACACAGGAAA,HG105deltalysA_ybcN<>3*1_RBS1027_lacI,M9glucose,na,1,orbitrap_classic,forward,-2.277209786662817,-0.18820264011328014,0.8284468136661016
P0AC53,zwf,2,0,0,0,Median,,0.0,lacZ_Oid,20150807,CAAAACTGCAG CTCGTATGTTGTGTGG GGCAGTGAGCGCAACGCAATT TCACACAGGAAA,CAAAACTGCAG CTCGTATGTTGTGTGG AATCCCCCTAGGTGAACCATT TCACACAGGAAA,HG105deltalysA_ybcN<>3*1_RBS1027_lacI,M9glucose,na,1,orbitrap_classic,forward,,,
P0ACB2,hemB,4,26326000,24312000,2013500,Median,0.08025399999999999,0.0,lacZ_Oid,20150807,CAAAACTGCAG CTCGTATGTTGTGTGG GGCAGTGAGCGCAACGCAATT TCACACAGGAAA,CAAAACTGCAG CTCGTATGTTGTGTGG AATCCCCCTAGGTGAACCATT TCACACAGGAAA,HG105deltalysA_ybcN<>3*1_RBS1027_lacI,M9glucose,na,1,orbitrap_classic,forward,-2.5225586739774344,-0.4335515274278974,0.6482028915273403
P0ACB7,hemY,2,11225000,10483000,741700,Median,0.070699,0.0,lacZ_Oid,20150807,CAAAACTGCAG CTCGTATGTTGTGTGG GGCAGTGAGCGCAACGCAATT TCACACAGGAAA,CAAAACTGCAG CTCGTATGTTGTGTGG AATCCCCCTAGGTGAACCATT TCACACAGGAAA,HG105deltalysA_ybcN<>3*1_RBS1027_lacI,M9glucose,na,1,orbitrap_classic,forward,-2.649323850451211,-0.5603167039016741,0.5710281883531217
P0ACC7,glmU,4,4763900,4112500,651420,Median,0.14357,0.0,lacZ_Oid,20150807,CAAAACTGCAG CTCGTATGTTGTGTGG GGCAGTGAGCGCAACGCAATT TCACACAGGAAA,CAAAACTGCAG CTCGTATGTTGTGTGG AATCCCCCTAGGTGAACCATT TCACACAGGAAA,HG105deltalysA_ybcN<>3*1_RBS1027_lacI,M9glucose,na,1,orbitrap_classic,forward,-1.9409325578425345,0.14807458870700252,1.1595993861562073
P0ACF0,hupA,2,17822000,9788200,8033500,Median,0.77459,1.0,lacZ_Oid,20150807,CAAAACTGCAG CTCGTATGTTGTGTGG GGCAGTGAGCGCAACGCAATT TCACACAGGAAA,CAAAACTGCAG CTCGTATGTTGTGTGG AATCCCCCTAGGTGAACCATT TCACACAGGAAA,HG105deltalysA_ybcN<>3*1_RBS1027_lacI,M9glucose,na,1,orbitrap_classic,forward,-0.2554214218737935,1.8335857246757434,6.256279783539294
P0ACF4,hupB,3,22744000,12620000,10124000,Median,0.6569699999999999,1.0,lacZ_Oid,20150807,CAAAACTGCAG CTCGTATGTTGTGTGG GGCAGTGAGCGCAACGCAATT TCACACAGGAAA,CAAAACTGCAG CTCGTATGTTGTGTGG AATCCCCCTAGGTGAACCATT TCACACAGGAAA,HG105deltalysA_ybcN<>3*1_RBS1027_lacI,M9glucose,na,1,orbitrap_classic,forward,-0.4201169236405287,1.6688902229090083,5.306275745093289
P0ACK5,deoR,3,29324000,14420000,14903000,Median,1.0056,1.0,lacZ_Oid,20150807,CAAAACTGCAG CTCGTATGTTGTGTGG GGCAGTGAGCGCAACGCAATT TCACACAGGAAA,CAAAACTGCAG CTCGTATGTTGTGTGG AATCCCCCTAGGTGAACCATT TCACACAGGAAA,HG105deltalysA_ybcN<>3*1_RBS1027_lacI,M9glucose,na,1,orbitrap_classic,forward,0.0055843782939006634,2.0945915248434375,8.12212260722074
P0ACY3,yeaG,3,3109300,2014500,1094800,Median,0.36414,0.0,lacZ_Oid,20150807,CAAAACTGCAG CTCGTATGTTGTGTGG GGCAGTGAGCGCAACGCAATT TCACACAGGAAA,CAAAACTGCAG CTCGTATGTTGTGTGG AATCCCCCTAGGTGAACCATT TCACACAGGAAA,HG105deltalysA_ybcN<>3*1_RBS1027_lacI,M9glucose,na,1,orbitrap_classic,forward,-1.0102168699063183,1.0787902766432187,2.941119457232857
P0AD61,pykF,1,0,0,0,Median,,0.0,lacZ_Oid,20150807,CAAAACTGCAG CTCGTATGTTGTGTGG GGCAGTGAGCGCAACGCAATT TCACACAGGAAA,CAAAACTGCAG CTCGTATGTTGTGTGG AATCCCCCTAGGTGAACCATT TCACACAGGAAA,HG105deltalysA_ybcN<>3*1_RBS1027_lacI,M9glucose,na,1,orbitrap_classic,forward,,,
P0AD70,ampH,2,6641100,3755700,2885500,Median,0.48995,0.0,lacZ_Oid,20150807,CAAAACTGCAG CTCGTATGTTGTGTGG GGCAGTGAGCGCAACGCAATT TCACACAGGAAA,CAAAACTGCAG CTCGTATGTTGTGTGG AATCCCCCTAGGTGAACCATT TCACACAGGAAA,HG105deltalysA_ybcN<>3*1_RBS1027_lacI,M9glucose,na,1,orbitrap_classic,forward,-0.7134519339003096,1.3755552126492274,3.9572732412567646
P0AD89,tnaC,1,0,0,0,Median,,0.0,lacZ_Oid,20150807,CAAAACTGCAG CTCGTATGTTGTGTGG GGCAGTGAGCGCAACGCAATT TCACACAGGAAA,CAAAACTGCAG CTCGTATGTTGTGTGG AATCCCCCTAGGTGAACCATT TCACACAGGAAA,HG105deltalysA_ybcN<>3*1_RBS1027_lacI,M9glucose,na,1,orbitrap_classic,forward,,,
P0AD96,livJ,10,2084800000,1786300000,298500000,Median,0.15154,0.0,lacZ_Oid,20150807,CAAAACTGCAG CTCGTATGTTGTGTGG GGCAGTGAGCGCAACGCAATT TCACACAGGAAA,CAAAACTGCAG CTCGTATGTTGTGTGG AATCCCCCTAGGTGAACCATT TCACACAGGAAA,HG105deltalysA_ybcN<>3*1_RBS1027_lacI,M9glucose,na,1,orbitrap_classic,forward,-1.8869056624789098,0.20210148407062722,1.223972215491479
P0ADA3,nlpD,1,0,0,0,Median,,0.0,lacZ_Oid,20150807,CAAAACTGCAG CTCGTATGTTGTGTGG GGCAGTGAGCGCAACGCAATT TCACACAGGAAA,CAAAACTGCAG CTCGTATGTTGTGTGG AATCCCCCTAGGTGAACCATT TCACACAGGAAA,HG105deltalysA_ybcN<>3*1_RBS1027_lacI,M9glucose,na,1,orbitrap_classic,forward,,,
P0ADR6,rlmM,4,44698000,35379000,9318300,Median,0.21823,0.0,lacZ_Oid,20150807,CAAAACTGCAG CTCGTATGTTGTGTGG GGCAGTGAGCGCAACGCAATT TCACACAGGAAA,CAAAACTGCAG CTCGTATGTTGTGTGG AATCCCCCTAGGTGAACCATT TCACACAGGAAA,HG105deltalysA_ybcN<>3*1_RBS1027_lacI,M9glucose,na,1,orbitrap_classic,forward,-1.5222057264912285,0.5668014200583085,1.7626201437686781
P0ADT5,ygiC,1,4224900,3748200,476700,Median,0.11135999999999999,0.0,lacZ_Oid,20150807,CAAAACTGCAG CTCGTATGTTGTGTGG GGCAGTGAGCGCAACGCAATT TCACACAGGAAA,CAAAACTGCAG CTCGTATGTTGTGTGG AATCCCCCTAGGTGAACCATT TCACACAGGAAA,HG105deltalysA_ybcN<>3*1_RBS1027_lacI,M9glucose,na,1,orbitrap_classic,forward,-2.1949870823960276,-0.10597993584649057,0.8994426944511752
P0AE06,acrA,9,179810000,140730000,39084000,Median,0.24577,0.0,lacZ_Oid,20150807,CAAAACTGCAG CTCGTATGTTGTGTGG GGCAGTGAGCGCAACGCAATT TCACACAGGAAA,CAAAACTGCAG CTCGTATGTTGTGTGG AATCCCCCTAGGTGAACCATT TCACACAGGAAA,HG105deltalysA_ybcN<>3*1_RBS1027_lacI,M9glucose,na,1,orbitrap_classic,forward,-1.4033591397464829,0.6856480068030542,1.9850577497778856
P0AEB2,dacA,2,43778000,37736000,6041700,Median,0.18065,0.0,lacZ_Oid,20150807,CAAAACTGCAG CTCGTATGTTGTGTGG GGCAGTGAGCGCAACGCAATT TCACACAGGAAA,CAAAACTGCAG CTCGTATGTTGTGTGG AATCCCCCTAGGTGAACCATT TCACACAGGAAA,HG105deltalysA_ybcN<>3*1_RBS1027_lacI,M9glucose,na,1,orbitrap_classic,forward,-1.7111938213884879,0.37781332516104915,1.4590905419594542
P0AEH1,rseP,1,0,0,0,Median,,1.0,lacZ_Oid,20150807,CAAAACTGCAG CTCGTATGTTGTGTGG GGCAGTGAGCGCAACGCAATT TCACACAGGAAA,CAAAACTGCAG CTCGTATGTTGTGTGG AATCCCCCTAGGTGAACCATT TCACACAGGAAA,HG105deltalysA_ybcN<>3*1_RBS1027_lacI,M9glucose,na,1,orbitrap_classic,forward,,,
P0AEJ2,entC,2,35284000,32174000,3110400,Median,0.099031,0.0,lacZ_Oid,20150807,CAAAACTGCAG CTCGTATGTTGTGTGG GGCAGTGAGCGCAACGCAATT TCACACAGGAAA,CAAAACTGCAG CTCGTATGTTGTGTGG AATCCCCCTAGGTGAACCATT TCACACAGGAAA,HG105deltalysA_ybcN<>3*1_RBS1027_lacI,M9glucose,na,1,orbitrap_classic,forward,-2.3123223465497937,-0.22331520000025673,0.7998626928357967
P0AEP3,galU,4,72307000,65658000,6649500,Median,0.085989,0.0,lacZ_Oid,20150807,CAAAACTGCAG CTCGTATGTTGTGTGG GGCAGTGAGCGCAACGCAATT TCACACAGGAAA,CAAAACTGCAG CTCGTATGTTGTGTGG AATCCCCCTAGGTGAACCATT TCACACAGGAAA,HG105deltalysA_ybcN<>3*1_RBS1027_lacI,M9glucose,na,1,orbitrap_classic,forward,-2.4535358978861685,-0.36452875133663154,0.6945238672158953
P0AES2,gudD,2,0,0,0,Median,,0.0,lacZ_Oid,20150807,CAAAACTGCAG CTCGTATGTTGTGTGG GGCAGTGAGCGCAACGCAATT TCACACAGGAAA,CAAAACTGCAG CTCGTATGTTGTGTGG AATCCCCCTAGGTGAACCATT TCACACAGGAAA,HG105deltalysA_ybcN<>3*1_RBS1027_lacI,M9glucose,na,1,orbitrap_classic,forward,,,
P0AES6,gyrB,7,62204000,53070000,9133900,Median,0.14825,0.0,lacZ_Oid,20150807,CAAAACTGCAG CTCGTATGTTGTGTGG GGCAGTGAGCGCAACGCAATT TCACACAGGAAA,CAAAACTGCAG CTCGTATGTTGTGTGG AATCCCCCTAGGTGAACCATT TCACACAGGAAA,HG105deltalysA_ybcN<>3*1_RBS1027_lacI,M9glucose,na,1,orbitrap_classic,forward,-1.9088552411043023,0.18015190544523474,1.197399240772151
P0AEX9,malE,6,8604500,7525800,1078700,Median,0.12301,0.0,lacZ_Oid,20150807,CAAAACTGCAG CTCGTATGTTGTGTGG GGCAGTGAGCGCAACGCAATT TCACACAGGAAA,CAAAACTGCAG CTCGTATGTTGTGTGG AATCCCCCTAGGTGAACCATT TCACACAGGAAA,HG105deltalysA_ybcN<>3*1_RBS1027_lacI,M9glucose,na,1,orbitrap_classic,forward,-2.0954896261014433,-0.006482479551906284,0.9935384863904372
P0AF08,mrp,2,17979000,15579000,2400200,Median,0.10719000000000001,0.0,lacZ_Oid,20150807,CAAAACTGCAG CTCGTATGTTGTGTGG GGCAGTGAGCGCAACGCAATT TCACACAGGAAA,CAAAACTGCAG CTCGTATGTTGTGTGG AATCCCCCTAGGTGAACCATT TCACACAGGAAA,HG105deltalysA_ybcN<>3*1_RBS1027_lacI,M9glucose,na,1,orbitrap_classic,forward,-2.2331523182787087,-0.14414517172917174,0.8657620547613281
P0AF18,nagA,3,13721000,12601000,1120300,Median,0.07664299999999999,0.0,lacZ_Oid,20150807,CAAAACTGCAG CTCGTATGTTGTGTGG GGCAGTGAGCGCAACGCAATT TCACACAGGAAA,CAAAACTGCAG CTCGTATGTTGTGTGG AATCCCCCTAGGTGAACCATT TCACACAGGAAA,HG105deltalysA_ybcN<>3*1_RBS1027_lacI,M9glucose,na,1,orbitrap_classic,forward,-2.568597002035536,-0.4795898554859992,0.619037234472175
P0AF20,nagC,3,111920000,93327000,18594000,Median,0.18943,1.0,lacZ_Oid,20150807,CAAAACTGCAG CTCGTATGTTGTGTGG GGCAGTGAGCGCAACGCAATT TCACACAGGAAA,CAAAACTGCAG CTCGTATGTTGTGTGG AATCCCCCTAGGTGAACCATT TCACACAGGAAA,HG105deltalysA_ybcN<>3*1_RBS1027_lacI,M9glucose,na,1,orbitrap_classic,forward,-1.6637357158419497,0.42527143070758733,1.5300056538244085
P0AFG6,sucB,5,65042000,59395000,5647600,Median,0.08438,0.0,lacZ_Oid,20150807,CAAAACTGCAG CTCGTATGTTGTGTGG GGCAGTGAGCGCAACGCAATT TCACACAGGAAA,CAAAACTGCAG CTCGTATGTTGTGTGG AATCCCCCTAGGTGAACCATT TCACACAGGAAA,HG105deltalysA_ybcN<>3*1_RBS1027_lacI,M9glucose,na,1,orbitrap_classic,forward,-2.4724248722859445,-0.38341772573640753,0.6815281479686617
P0AFI2,parC,4,11150000,6035100,5115200,Median,0.71238,0.0,lacZ_Oid,20150807,CAAAACTGCAG CTCGTATGTTGTGTGG GGCAGTGAGCGCAACGCAATT TCACACAGGAAA,CAAAACTGCAG CTCGTATGTTGTGTGG AATCCCCCTAGGTGAACCATT TCACACAGGAAA,HG105deltalysA_ybcN<>3*1_RBS1027_lacI,M9glucose,na,1,orbitrap_classic,forward,-0.3391438020763812,1.7498633444731557,5.753816331475648
P0AFK0,pmbA,4,57510000,53109000,4400900,Median,0.08777599999999999,0.0,lacZ_Oid,20150807,CAAAACTGCAG CTCGTATGTTGTGTGG GGCAGTGAGCGCAACGCAATT TCACACAGGAAA,CAAAACTGCAG CTCGTATGTTGTGTGG AATCCCCCTAGGTGAACCATT TCACACAGGAAA,HG105deltalysA_ybcN<>3*1_RBS1027_lacI,M9glucose,na,1,orbitrap_classic,forward,-2.4329671642269446,-0.3439600176774076,0.7089572732412567
P0AFY8,seqA,2,11627000,6815900,4810900,Median,0.70896,1.0,lacZ_Oid,20150807,CAAAACTGCAG CTCGTATGTTGTGTGG GGCAGTGAGCGCAACGCAATT TCACACAGGAAA,CAAAACTGCAG CTCGTATGTTGTGTGG AATCCCCCTAGGTGAACCATT TCACACAGGAAA,HG105deltalysA_ybcN<>3*1_RBS1027_lacI,M9glucose,na,1,orbitrap_classic,forward,-0.34395617153095764,1.7450509750185794,5.726193360794768
P0AG30,rho,6,316790000,273740000,43050000,Median,0.13576,0.0,lacZ_Oid,20150807,CAAAACTGCAG CTCGTATGTTGTGTGG GGCAGTGAGCGCAACGCAATT TCACACAGGAAA,CAAAACTGCAG CTCGTATGTTGTGTGG AATCCCCCTAGGTGAACCATT TCACACAGGAAA,HG105deltalysA_ybcN<>3*1_RBS1027_lacI,M9glucose,na,1,orbitrap_classic,forward,-1.9968666580561663,0.09214048849337075,1.096518859542848
P0AG67,rpsA,5,18151000,12060000,6091000,Median,0.46492,0.0,lacZ_Oid,20150807,CAAAACTGCAG CTCGTATGTTGTGTGG GGCAGTGAGCGCAACGCAATT TCACACAGGAAA,CAAAACTGCAG CTCGTATGTTGTGTGG AATCCCCCTAGGTGAACCATT TCACACAGGAAA,HG105deltalysA_ybcN<>3*1_RBS1027_lacI,M9glucose,na,1,orbitrap_classic,forward,-0.7658899312066298,1.3231172153429072,3.755108634197561
P0AG78,sbp,7,580680000,578410000,2279300,Median,0.14311,0.0,lacZ_Oid,20150807,CAAAACTGCAG CTCGTATGTTGTGTGG GGCAGTGAGCGCAACGCAATT TCACACAGGAAA,CAAAACTGCAG CTCGTATGTTGTGTGG AATCCCCCTAGGTGAACCATT TCACACAGGAAA,HG105deltalysA_ybcN<>3*1_RBS1027_lacI,M9glucose,na,1,orbitrap_classic,forward,-1.9441417136593526,0.1448654328901844,1.1558840158307084
P0AG80,ugpB,7,54252000,48728000,5523800,Median,0.10184,0.0,lacZ_Oid,20150807,CAAAACTGCAG CTCGTATGTTGTGTGG GGCAGTGAGCGCAACGCAATT TCACACAGGAAA,CAAAACTGCAG CTCGTATGTTGTGTGG AATCCCCCTAGGTGAACCATT TCACACAGGAAA,HG105deltalysA_ybcN<>3*1_RBS1027_lacI,M9glucose,na,1,orbitrap_classic,forward,-2.284352324732986,-0.195345178183449,0.8225506824973751
P0AG93,secF,1,0,0,0,Median,,0.0,lacZ_Oid,20150807,CAAAACTGCAG CTCGTATGTTGTGTGG GGCAGTGAGCGCAACGCAATT TCACACAGGAAA,CAAAACTGCAG CTCGTATGTTGTGTGG AATCCCCCTAGGTGAACCATT TCACACAGGAAA,HG105deltalysA_ybcN<>3*1_RBS1027_lacI,M9glucose,na,1,orbitrap_classic,forward,,,
P0AGJ5,yfiF,4,22196000,15824000,6372500,Median,0.35518,0.0,lacZ_Oid,20150807,CAAAACTGCAG CTCGTATGTTGTGTGG GGCAGTGAGCGCAACGCAATT TCACACAGGAAA,CAAAACTGCAG CTCGTATGTTGTGTGG AATCCCCCTAGGTGAACCATT TCACACAGGAAA,HG105deltalysA_ybcN<>3*1_RBS1027_lacI,M9glucose,na,1,orbitrap_classic,forward,-1.035130575755688,1.053876570793849,2.8687505048057513
P0AGJ9,tyrS,9,100370000,87619000,12749000,Median,0.12382,0.0,lacZ_Oid,20150807,CAAAACTGCAG CTCGTATGTTGTGTGG GGCAGTGAGCGCAACGCAATT TCACACAGGAAA,CAAAACTGCAG CTCGTATGTTGTGTGG AATCCCCCTAGGTGAACCATT TCACACAGGAAA,HG105deltalysA_ybcN<>3*1_RBS1027_lacI,M9glucose,na,1,orbitrap_classic,forward,-2.088926380891051,8.076565848602613e-05,1.0000807689201197
P0C0L7,proP,2,31778000,28413000,3365000,Median,0.14222,0.0,lacZ_Oid,20150807,CAAAACTGCAG CTCGTATGTTGTGTGG GGCAGTGAGCGCAACGCAATT TCACACAGGAAA,CAAAACTGCAG CTCGTATGTTGTGTGG AATCCCCCTAGGTGAACCATT TCACACAGGAAA,HG105deltalysA_ybcN<>3*1_RBS1027_lacI,M9glucose,na,1,orbitrap_classic,forward,-1.9503801245267651,0.13862702202277188,1.1486955819400697
P0C0V0,degP,14,723630000,475420000,248210000,Median,0.51335,0.0,lacZ_Oid,20150807,CAAAACTGCAG CTCGTATGTTGTGTGG GGCAGTGAGCGCAACGCAATT TCACACAGGAAA,CAAAACTGCAG CTCGTATGTTGTGTGG AATCCCCCTAGGTGAACCATT TCACACAGGAAA,HG105deltalysA_ybcN<>3*1_RBS1027_lacI,M9glucose,na,1,orbitrap_classic,forward,-0.6667974052371634,1.4222097413123738,4.146272514336484
P0CE48;P0CE47,tufB;tufA,18,11873000000,10472000000,1401000000,Median,0.10628,0.0,lacZ_Oid,20150807,CAAAACTGCAG CTCGTATGTTGTGTGG GGCAGTGAGCGCAACGCAATT TCACACAGGAAA,CAAAACTGCAG CTCGTATGTTGTGTGG AATCCCCCTAGGTGAACCATT TCACACAGGAAA,HG105deltalysA_ybcN<>3*1_RBS1027_lacI,M9glucose,na,1,orbitrap_classic,forward,-2.2416781580905245,-0.1526710115409875,0.8584120830304498
P10441,lpxB,1,1618200,1258900,359230,Median,0.19558,0.0,lacZ_Oid,20150807,CAAAACTGCAG CTCGTATGTTGTGTGG GGCAGTGAGCGCAACGCAATT TCACACAGGAAA,CAAAACTGCAG CTCGTATGTTGTGTGG AATCCCCCTAGGTGAACCATT TCACACAGGAAA,HG105deltalysA_ybcN<>3*1_RBS1027_lacI,M9glucose,na,1,orbitrap_classic,forward,-1.631785776098008,0.4572213704515291,1.5796785396979245
P11446,argC,2,42259000,38810000,3449100,Median,0.082051,0.0,lacZ_Oid,20150807,CAAAACTGCAG CTCGTATGTTGTGTGG GGCAGTGAGCGCAACGCAATT TCACACAGGAAA,CAAAACTGCAG CTCGTATGTTGTGTGG AATCCCCCTAGGTGAACCATT TCACACAGGAAA,HG105deltalysA_ybcN<>3*1_RBS1027_lacI,M9glucose,na,1,orbitrap_classic,forward,-2.5004142738298736,-0.41140712728033657,0.6627170664728215
P11447,argH,6,174620000,156340000,18279000,Median,0.11725999999999999,0.0,lacZ_Oid,20150807,CAAAACTGCAG CTCGTATGTTGTGTGG GGCAGTGAGCGCAACGCAATT TCACACAGGAAA,CAAAACTGCAG CTCGTATGTTGTGTGG AATCCCCCTAGGTGAACCATT TCACACAGGAAA,HG105deltalysA_ybcN<>3*1_RBS1027_lacI,M9glucose,na,1,orbitrap_classic,forward,-2.1433615874460683,-0.0543544408965313,0.9470963573217024
P11880,murF,5,9562200,8521000,1041200,Median,0.086846,0.0,lacZ_Oid,20150807,CAAAACTGCAG CTCGTATGTTGTGTGG GGCAGTGAGCGCAACGCAATT TCACACAGGAAA,CAAAACTGCAG CTCGTATGTTGTGTGG AATCCCCCTAGGTGAACCATT TCACACAGGAAA,HG105deltalysA_ybcN<>3*1_RBS1027_lacI,M9glucose,na,1,orbitrap_classic,forward,-2.443618843774766,-0.3546116972252289,0.7014457636701399
P12008,aroC,1,24434000,21153000,3280600,Median,0.21313000000000001,0.0,lacZ_Oid,20150807,CAAAACTGCAG CTCGTATGTTGTGTGG GGCAGTGAGCGCAACGCAATT TCACACAGGAAA,CAAAACTGCAG CTCGTATGTTGTGTGG AATCCCCCTAGGTGAACCATT TCACACAGGAAA,HG105deltalysA_ybcN<>3*1_RBS1027_lacI,M9glucose,na,1,orbitrap_classic,forward,-1.5458529708089896,0.5431541757405474,1.7214279945077138
P12281,moeA,1,3788900,3291500,497330,Median,0.17475,0.0,lacZ_Oid,20150807,CAAAACTGCAG CTCGTATGTTGTGTGG GGCAGTGAGCGCAACGCAATT TCACACAGGAAA,CAAAACTGCAG CTCGTATGTTGTGTGG AATCCCCCTAGGTGAACCATT TCACACAGGAAA,HG105deltalysA_ybcN<>3*1_RBS1027_lacI,M9glucose,na,1,orbitrap_classic,forward,-1.7443988978682174,0.34460824868131956,1.4114368790889267
P14175,proV,1,0,0,0,Median,,0.0,lacZ_Oid,20150807,CAAAACTGCAG CTCGTATGTTGTGTGG GGCAGTGAGCGCAACGCAATT TCACACAGGAAA,CAAAACTGCAG CTCGTATGTTGTGTGG AATCCCCCTAGGTGAACCATT TCACACAGGAAA,HG105deltalysA_ybcN<>3*1_RBS1027_lacI,M9glucose,na,1,orbitrap_classic,forward,,,
P15034,pepP,1,982960,982960,0,Median,,0.0,lacZ_Oid,20150807,CAAAACTGCAG CTCGTATGTTGTGTGG GGCAGTGAGCGCAACGCAATT TCACACAGGAAA,CAAAACTGCAG CTCGTATGTTGTGTGG AATCCCCCTAGGTGAACCATT TCACACAGGAAA,HG105deltalysA_ybcN<>3*1_RBS1027_lacI,M9glucose,na,1,orbitrap_classic,forward,,,
P15288,pepD,2,0,0,0,Median,,0.0,lacZ_Oid,20150807,CAAAACTGCAG CTCGTATGTTGTGTGG GGCAGTGAGCGCAACGCAATT TCACACAGGAAA,CAAAACTGCAG CTCGTATGTTGTGTGG AATCCCCCTAGGTGAACCATT TCACACAGGAAA,HG105deltalysA_ybcN<>3*1_RBS1027_lacI,M9glucose,na,1,orbitrap_classic,forward,,,
P15640,purD,4,54195000,49238000,4957200,Median,0.086332,0.0,lacZ_Oid,20150807,CAAAACTGCAG CTCGTATGTTGTGTGG GGCAGTGAGCGCAACGCAATT TCACACAGGAAA,CAAAACTGCAG CTCGTATGTTGTGTGG AATCCCCCTAGGTGAACCATT TCACACAGGAAA,HG105deltalysA_ybcN<>3*1_RBS1027_lacI,M9glucose,na,1,orbitrap_classic,forward,-2.449554950085413,-0.360547803535876,0.6972942411759956
P16456,selD,1,5324800,4648200,676600,Median,0.14870999999999998,0.0,lacZ_Oid,20150807,CAAAACTGCAG CTCGTATGTTGTGTGG GGCAGTGAGCGCAACGCAATT TCACACAGGAAA,CAAAACTGCAG CTCGTATGTTGTGTGG AATCCCCCTAGGTGAACCATT TCACACAGGAAA,HG105deltalysA_ybcN<>3*1_RBS1027_lacI,M9glucose,na,1,orbitrap_classic,forward,-1.905757178281545,0.183249968267992,1.2011146110976496
P17888,priA,1,3286000,2179600,1106400,Median,0.68967,0.0,lacZ_Oid,20150807,CAAAACTGCAG CTCGTATGTTGTGTGG GGCAGTGAGCGCAACGCAATT TCACACAGGAAA,CAAAACTGCAG CTCGTATGTTGTGTGG AATCCCCCTAGGTGAACCATT TCACACAGGAAA,HG105deltalysA_ybcN<>3*1_RBS1027_lacI,M9glucose,na,1,orbitrap_classic,forward,-0.37154205666360474,1.7174650898859323,5.570390113884178
P18133,pncB,3,9446800,8661900,784930,Median,0.066425,0.0,lacZ_Oid,20150807,CAAAACTGCAG CTCGTATGTTGTGTGG GGCAGTGAGCGCAACGCAATT TCACACAGGAAA,CAAAACTGCAG CTCGTATGTTGTGTGG AATCCCCCTAGGTGAACCATT TCACACAGGAAA,HG105deltalysA_ybcN<>3*1_RBS1027_lacI,M9glucose,na,1,orbitrap_classic,forward,-2.7116817873362598,-0.6226746407867227,0.5365075518940313
P18335,argD,4,80012000,73146000,6865800,Median,0.082674,0.0,lacZ_Oid,20150807,CAAAACTGCAG CTCGTATGTTGTGTGG GGCAGTGAGCGCAACGCAATT TCACACAGGAAA,CAAAACTGCAG CTCGTATGTTGTGTGG AATCCCCCTAGGTGAACCATT TCACACAGGAAA,HG105deltalysA_ybcN<>3*1_RBS1027_lacI,M9glucose,na,1,orbitrap_classic,forward,-2.492850115742316,-0.40384296919277896,0.6677489701962686
P18843,nadE,2,0,0,0,Median,,0.0,lacZ_Oid,20150807,CAAAACTGCAG CTCGTATGTTGTGTGG GGCAGTGAGCGCAACGCAATT TCACACAGGAAA,CAAAACTGCAG CTCGTATGTTGTGTGG AATCCCCCTAGGTGAACCATT TCACACAGGAAA,HG105deltalysA_ybcN<>3*1_RBS1027_lacI,M9glucose,na,1,orbitrap_classic,forward,,,
P18956,ggt,6,48040000,42921000,5118900,Median,0.11105999999999999,0.0,lacZ_Oid,20150807,CAAAACTGCAG CTCGTATGTTGTGTGG GGCAGTGAGCGCAACGCAATT TCACACAGGAAA,CAAAACTGCAG CTCGTATGTTGTGTGG AATCCCCCTAGGTGAACCATT TCACACAGGAAA,HG105deltalysA_ybcN<>3*1_RBS1027_lacI,M9glucose,na,1,orbitrap_classic,forward,-2.197684683168676,-0.10867753661913904,0.8970196268475891
P19926,agp,5,42637000,37946000,4690500,Median,0.10269,0.0,lacZ_Oid,20150807,CAAAACTGCAG CTCGTATGTTGTGTGG GGCAGTGAGCGCAACGCAATT TCACACAGGAAA,CAAAACTGCAG CTCGTATGTTGTGTGG AATCCCCCTAGGTGAACCATT TCACACAGGAAA,HG105deltalysA_ybcN<>3*1_RBS1027_lacI,M9glucose,na,1,orbitrap_classic,forward,-2.2760405377719333,-0.18703339122239626,0.8294160407075359
P20083,parE,2,0,0,0,Median,,0.0,lacZ_Oid,20150807,CAAAACTGCAG CTCGTATGTTGTGTGG GGCAGTGAGCGCAACGCAATT TCACACAGGAAA,CAAAACTGCAG CTCGTATGTTGTGTGG AATCCCCCTAGGTGAACCATT TCACACAGGAAA,HG105deltalysA_ybcN<>3*1_RBS1027_lacI,M9glucose,na,1,orbitrap_classic,forward,,,
P20966,fruA,2,0,0,0,Median,,0.0,lacZ_Oid,20150807,CAAAACTGCAG CTCGTATGTTGTGTGG GGCAGTGAGCGCAACGCAATT TCACACAGGAAA,CAAAACTGCAG CTCGTATGTTGTGTGG AATCCCCCTAGGTGAACCATT TCACACAGGAAA,HG105deltalysA_ybcN<>3*1_RBS1027_lacI,M9glucose,na,1,orbitrap_classic,forward,,,
P21179,katE,1,0,0,0,Median,,0.0,lacZ_Oid,20150807,CAAAACTGCAG CTCGTATGTTGTGTGG GGCAGTGAGCGCAACGCAATT TCACACAGGAAA,CAAAACTGCAG CTCGTATGTTGTGTGG AATCCCCCTAGGTGAACCATT TCACACAGGAAA,HG105deltalysA_ybcN<>3*1_RBS1027_lacI,M9glucose,na,1,orbitrap_classic,forward,,,
P21507,srmB,1,6447100,4492600,1954500,Median,0.35363,0.0,lacZ_Oid,20150807,CAAAACTGCAG CTCGTATGTTGTGTGG GGCAGTGAGCGCAACGCAATT TCACACAGGAAA,CAAAACTGCAG CTCGTATGTTGTGTGG AATCCCCCTAGGTGAACCATT TCACACAGGAAA,HG105deltalysA_ybcN<>3*1_RBS1027_lacI,M9glucose,na,1,orbitrap_classic,forward,-1.039504110188537,1.049503036361,2.8562313221872224
P21645,lpxD,2,28638000,21653000,6984300,Median,0.29874,0.0,lacZ_Oid,20150807,CAAAACTGCAG CTCGTATGTTGTGTGG GGCAGTGAGCGCAACGCAATT TCACACAGGAAA,CAAAACTGCAG CTCGTATGTTGTGTGG AATCCCCCTAGGTGAACCATT TCACACAGGAAA,HG105deltalysA_ybcN<>3*1_RBS1027_lacI,M9glucose,na,1,orbitrap_classic,forward,-1.2081816490999906,0.8808254974495464,2.4128907196510787
P22256,gabT,4,42835000,38373000,4462100,Median,0.10852,0.0,lacZ_Oid,20150807,CAAAACTGCAG CTCGTATGTTGTGTGG GGCAGTGAGCGCAACGCAATT TCACACAGGAAA,CAAAACTGCAG CTCGTATGTTGTGTGG AATCCCCCTAGGTGAACCATT TCACACAGGAAA,HG105deltalysA_ybcN<>3*1_RBS1027_lacI,M9glucose,na,1,orbitrap_classic,forward,-2.220820791191406,-0.13181364464186895,0.8765043211372265
P23721,serC,8,568260000,513080000,55185000,Median,0.09567300000000001,0.0,lacZ_Oid,20150807,CAAAACTGCAG CTCGTATGTTGTGTGG GGCAGTGAGCGCAACGCAATT TCACACAGGAAA,CAAAACTGCAG CTCGTATGTTGTGTGG AATCCCCCTAGGTGAACCATT TCACACAGGAAA,HG105deltalysA_ybcN<>3*1_RBS1027_lacI,M9glucose,na,1,orbitrap_classic,forward,-2.346819151991295,-0.2578120054417581,0.7727404894596559
P23830,pssA,3,73869000,59563000,14306000,Median,0.20034000000000002,0.0,lacZ_Oid,20150807,CAAAACTGCAG CTCGTATGTTGTGTGG GGCAGTGAGCGCAACGCAATT TCACACAGGAAA,CAAAACTGCAG CTCGTATGTTGTGTGG AATCCCCCTAGGTGAACCATT TCACACAGGAAA,HG105deltalysA_ybcN<>3*1_RBS1027_lacI,M9glucose,na,1,orbitrap_classic,forward,-1.607739355798519,0.4812677907510181,1.6181245456748246
P23847,dppA,5,1165200,1165200,0,Median,,0.0,lacZ_Oid,20150807,CAAAACTGCAG CTCGTATGTTGTGTGG GGCAGTGAGCGCAACGCAATT TCACACAGGAAA,CAAAACTGCAG CTCGTATGTTGTGTGG AATCCCCCTAGGTGAACCATT TCACACAGGAAA,HG105deltalysA_ybcN<>3*1_RBS1027_lacI,M9glucose,na,1,orbitrap_classic,forward,,,
P23893,hemL,1,7667100,7058600,608520,Median,0.078917,0.0,lacZ_Oid,20150807,CAAAACTGCAG CTCGTATGTTGTGTGG GGCAGTGAGCGCAACGCAATT TCACACAGGAAA,CAAAACTGCAG CTCGTATGTTGTGTGG AATCCCCCTAGGTGAACCATT TCACACAGGAAA,HG105deltalysA_ybcN<>3*1_RBS1027_lacI,M9glucose,na,1,orbitrap_classic,forward,-2.5393586117281433,-0.45035146517860625,0.6374040869073582
P23908,argE,1,2567000,2216500,350470,Median,0.091915,0.0,lacZ_Oid,20150807,CAAAACTGCAG CTCGTATGTTGTGTGG GGCAGTGAGCGCAACGCAATT TCACACAGGAAA,CAAAACTGCAG CTCGTATGTTGTGTGG AATCCCCCTAGGTGAACCATT TCACACAGGAAA,HG105deltalysA_ybcN<>3*1_RBS1027_lacI,M9glucose,na,1,orbitrap_classic,forward,-2.386891042047302,-0.29788389549776495,0.7423875292787336
P24182,accC,8,55077000,45252000,9824800,Median,0.18466,0.0,lacZ_Oid,20150807,CAAAACTGCAG CTCGTATGTTGTGTGG GGCAGTGAGCGCAACGCAATT TCACACAGGAAA,CAAAACTGCAG CTCGTATGTTGTGTGG AATCCCCCTAGGTGAACCATT TCACACAGGAAA,HG105deltalysA_ybcN<>3*1_RBS1027_lacI,M9glucose,na,1,orbitrap_classic,forward,-1.6892389826376553,0.39976816391188175,1.4914788789273887
P24183,fdnG,1,0,0,0,Median,,0.0,lacZ_Oid,20150807,CAAAACTGCAG CTCGTATGTTGTGTGG GGCAGTGAGCGCAACGCAATT TCACACAGGAAA,CAAAACTGCAG CTCGTATGTTGTGTGG AATCCCCCTAGGTGAACCATT TCACACAGGAAA,HG105deltalysA_ybcN<>3*1_RBS1027_lacI,M9glucose,na,1,orbitrap_classic,forward,,,
P24215,uxuA,1,0,0,0,Median,,0.0,lacZ_Oid,20150807,CAAAACTGCAG CTCGTATGTTGTGTGG GGCAGTGAGCGCAACGCAATT TCACACAGGAAA,CAAAACTGCAG CTCGTATGTTGTGTGG AATCCCCCTAGGTGAACCATT TCACACAGGAAA,HG105deltalysA_ybcN<>3*1_RBS1027_lacI,M9glucose,na,1,orbitrap_classic,forward,,,
P24228,dacB,3,15177000,11478000,3698700,Median,0.26761,0.0,lacZ_Oid,20150807,CAAAACTGCAG CTCGTATGTTGTGTGG GGCAGTGAGCGCAACGCAATT TCACACAGGAAA,CAAAACTGCAG CTCGTATGTTGTGTGG AATCCCCCTAGGTGAACCATT TCACACAGGAAA,HG105deltalysA_ybcN<>3*1_RBS1027_lacI,M9glucose,na,1,orbitrap_classic,forward,-1.3182245822185024,0.7707825643310346,2.1614570713189565
P24242,ascG,2,4003700,3354900,648770,Median,0.17634,1.0,lacZ_Oid,20150807,CAAAACTGCAG CTCGTATGTTGTGTGG GGCAGTGAGCGCAACGCAATT TCACACAGGAAA,CAAAACTGCAG CTCGTATGTTGTGTGG AATCCCCCTAGGTGAACCATT TCACACAGGAAA,HG105deltalysA_ybcN<>3*1_RBS1027_lacI,M9glucose,na,1,orbitrap_classic,forward,-1.735341329323256,0.353665817226281,1.4242791373879333
P25437,frmA,4,45998000,38597000,7401600,Median,0.13602,0.0,lacZ_Oid,20150807,CAAAACTGCAG CTCGTATGTTGTGTGG GGCAGTGAGCGCAACGCAATT TCACACAGGAAA,CAAAACTGCAG CTCGTATGTTGTGTGG AATCCCCCTAGGTGAACCATT TCACACAGGAAA,HG105deltalysA_ybcN<>3*1_RBS1027_lacI,M9glucose,na,1,orbitrap_classic,forward,-1.9949533452346444,0.0940538013148926,1.098618851465956
P25519,hflX,1,0,0,0,Median,,0.0,lacZ_Oid,20150807,CAAAACTGCAG CTCGTATGTTGTGTGG GGCAGTGAGCGCAACGCAATT TCACACAGGAAA,CAAAACTGCAG CTCGTATGTTGTGTGG AATCCCCCTAGGTGAACCATT TCACACAGGAAA,HG105deltalysA_ybcN<>3*1_RBS1027_lacI,M9glucose,na,1,orbitrap_classic,forward,,,
P25522,mnmE,1,6769800,5975000,794780,Median,0.095354,0.0,lacZ_Oid,20150807,CAAAACTGCAG CTCGTATGTTGTGTGG GGCAGTGAGCGCAACGCAATT TCACACAGGAAA,CAAAACTGCAG CTCGTATGTTGTGTGG AATCCCCCTAGGTGAACCATT TCACACAGGAAA,HG105deltalysA_ybcN<>3*1_RBS1027_lacI,M9glucose,na,1,orbitrap_classic,forward,-2.3501589971076973,-0.26115185055816026,0.7701639609078427
P25524,codA,2,29276000,25891000,3384700,Median,0.10772000000000001,0.0,lacZ_Oid,20150807,CAAAACTGCAG CTCGTATGTTGTGTGG GGCAGTGAGCGCAACGCAATT TCACACAGGAAA,CAAAACTGCAG CTCGTATGTTGTGTGG AATCCCCCTAGGTGAACCATT TCACACAGGAAA,HG105deltalysA_ybcN<>3*1_RBS1027_lacI,M9glucose,na,1,orbitrap_classic,forward,-2.2282200110387387,-0.13921286448920167,0.8700428075276636
P25526,gabD,4,29817000,26953000,2863800,Median,0.094341,0.0,lacZ_Oid,20150807,CAAAACTGCAG CTCGTATGTTGTGTGG GGCAGTGAGCGCAACGCAATT TCACACAGGAAA,CAAAACTGCAG CTCGTATGTTGTGTGG AATCCCCCTAGGTGAACCATT TCACACAGGAAA,HG105deltalysA_ybcN<>3*1_RBS1027_lacI,M9glucose,na,1,orbitrap_classic,forward,-2.3608394012246006,-0.27183225467506356,0.7619820692997334
P25553,aldA,1,0,0,0,Median,,0.0,lacZ_Oid,20150807,CAAAACTGCAG CTCGTATGTTGTGTGG GGCAGTGAGCGCAACGCAATT TCACACAGGAAA,CAAAACTGCAG CTCGTATGTTGTGTGG AATCCCCCTAGGTGAACCATT TCACACAGGAAA,HG105deltalysA_ybcN<>3*1_RBS1027_lacI,M9glucose,na,1,orbitrap_classic,forward,,,
P25665,metE,3,97376000,85112000,12264000,Median,0.14449,0.0,lacZ_Oid,20150807,CAAAACTGCAG CTCGTATGTTGTGTGG GGCAGTGAGCGCAACGCAATT TCACACAGGAAA,CAAAACTGCAG CTCGTATGTTGTGTGG AATCCCCCTAGGTGAACCATT TCACACAGGAAA,HG105deltalysA_ybcN<>3*1_RBS1027_lacI,M9glucose,na,1,orbitrap_classic,forward,-1.934544977976617,0.15446216857291994,1.1670301268072047
P25745,mnmA,5,64953000,58002000,6950800,Median,0.10737999999999999,0.0,lacZ_Oid,20150807,CAAAACTGCAG CTCGTATGTTGTGTGG GGCAGTGAGCGCAACGCAATT TCACACAGGAAA,CAAAACTGCAG CTCGTATGTTGTGTGG AATCCCCCTAGGTGAACCATT TCACACAGGAAA,HG105deltalysA_ybcN<>3*1_RBS1027_lacI,M9glucose,na,1,orbitrap_classic,forward,-2.2313813339877138,-0.14237418743817676,0.867296664243599
P25888,rhlE,1,1464700,961070,503620,Median,0.63181,0.0,lacZ_Oid,20150807,CAAAACTGCAG CTCGTATGTTGTGTGG GGCAGTGAGCGCAACGCAATT TCACACAGGAAA,CAAAACTGCAG CTCGTATGTTGTGTGG AATCCCCCTAGGTGAACCATT TCACACAGGAAA,HG105deltalysA_ybcN<>3*1_RBS1027_lacI,M9glucose,na,1,orbitrap_classic,forward,-0.4591665629458049,1.6298405836037322,5.103061142072531
P27127,rfaB,2,3352300,2327300,1024900,Median,0.38888,0.0,lacZ_Oid,20150807,CAAAACTGCAG CTCGTATGTTGTGTGG GGCAGTGAGCGCAACGCAATT TCACACAGGAAA,CAAAACTGCAG CTCGTATGTTGTGTGG AATCCCCCTAGGTGAACCATT TCACACAGGAAA,HG105deltalysA_ybcN<>3*1_RBS1027_lacI,M9glucose,na,1,orbitrap_classic,forward,-0.944484466244937,1.1445226803046,3.140941765608594
P27248,gcvT,2,12186000,10950000,1236800,Median,0.11818,0.0,lacZ_Oid,20150807,CAAAACTGCAG CTCGTATGTTGTGTGG GGCAGTGAGCGCAACGCAATT TCACACAGGAAA,CAAAACTGCAG CTCGTATGTTGTGTGG AATCCCCCTAGGTGAACCATT TCACACAGGAAA,HG105deltalysA_ybcN<>3*1_RBS1027_lacI,M9glucose,na,1,orbitrap_classic,forward,-2.1355463930646086,-0.046539246515071575,0.9545270979727001
P27250,ahr,1,0,0,0,Median,,0.0,lacZ_Oid,20150807,CAAAACTGCAG CTCGTATGTTGTGTGG GGCAGTGAGCGCAACGCAATT TCACACAGGAAA,CAAAACTGCAG CTCGTATGTTGTGTGG AATCCCCCTAGGTGAACCATT TCACACAGGAAA,HG105deltalysA_ybcN<>3*1_RBS1027_lacI,M9glucose,na,1,orbitrap_classic,forward,,,
P27278,nadR,1,959150,824840,134310,Median,0.11004000000000001,0.0,lacZ_Oid,20150807,CAAAACTGCAG CTCGTATGTTGTGTGG GGCAGTGAGCGCAACGCAATT TCACACAGGAAA,CAAAACTGCAG CTCGTATGTTGTGTGG AATCCCCCTAGGTGAACCATT TCACACAGGAAA,HG105deltalysA_ybcN<>3*1_RBS1027_lacI,M9glucose,na,1,orbitrap_classic,forward,-2.206911342925763,-0.11790419637622618,0.8887811969953964
P27296,dinG,1,0,0,0,Median,,0.0,lacZ_Oid,20150807,CAAAACTGCAG CTCGTATGTTGTGTGG GGCAGTGAGCGCAACGCAATT TCACACAGGAAA,CAAAACTGCAG CTCGTATGTTGTGTGG AATCCCCCTAGGTGAACCATT TCACACAGGAAA,HG105deltalysA_ybcN<>3*1_RBS1027_lacI,M9glucose,na,1,orbitrap_classic,forward,,,
P27434,rodZ,1,0,0,0,Median,,0.0,lacZ_Oid,20150807,CAAAACTGCAG CTCGTATGTTGTGTGG GGCAGTGAGCGCAACGCAATT TCACACAGGAAA,CAAAACTGCAG CTCGTATGTTGTGTGG AATCCCCCTAGGTGAACCATT TCACACAGGAAA,HG105deltalysA_ybcN<>3*1_RBS1027_lacI,M9glucose,na,1,orbitrap_classic,forward,,,
P27828,wecB,1,0,0,0,Median,,0.0,lacZ_Oid,20150807,CAAAACTGCAG CTCGTATGTTGTGTGG GGCAGTGAGCGCAACGCAATT TCACACAGGAAA,CAAAACTGCAG CTCGTATGTTGTGTGG AATCCCCCTAGGTGAACCATT TCACACAGGAAA,HG105deltalysA_ybcN<>3*1_RBS1027_lacI,M9glucose,na,1,orbitrap_classic,forward,,,
P27829,wecC,1,1397400,1397400,0,Median,,0.0,lacZ_Oid,20150807,CAAAACTGCAG CTCGTATGTTGTGTGG GGCAGTGAGCGCAACGCAATT TCACACAGGAAA,CAAAACTGCAG CTCGTATGTTGTGTGG AATCCCCCTAGGTGAACCATT TCACACAGGAAA,HG105deltalysA_ybcN<>3*1_RBS1027_lacI,M9glucose,na,1,orbitrap_classic,forward,,,
P29680,hemE,1,3862500,3341000,521580,Median,0.20224,0.0,lacZ_Oid,20150807,CAAAACTGCAG CTCGTATGTTGTGTGG GGCAGTGAGCGCAACGCAATT TCACACAGGAAA,CAAAACTGCAG CTCGTATGTTGTGTGG AATCCCCCTAGGTGAACCATT TCACACAGGAAA,HG105deltalysA_ybcN<>3*1_RBS1027_lacI,M9glucose,na,1,orbitrap_classic,forward,-1.5983001680236444,0.4907069785258926,1.6334706404975368
P29745,pepT,3,55049000,48588000,6461000,Median,0.098286,0.0,lacZ_Oid,20150807,CAAAACTGCAG CTCGTATGTTGTGTGG GGCAGTGAGCGCAACGCAATT TCACACAGGAAA,CAAAACTGCAG CTCGTATGTTGTGTGG AATCCCCCTAGGTGAACCATT TCACACAGGAAA,HG105deltalysA_ybcN<>3*1_RBS1027_lacI,M9glucose,na,1,orbitrap_classic,forward,-2.3198736831315876,-0.23086653658205059,0.7938454082868914
P30011,nadC,1,1575400,1386600,188800,Median,0.20353,0.0,lacZ_Oid,20150807,CAAAACTGCAG CTCGTATGTTGTGTGG GGCAGTGAGCGCAACGCAATT TCACACAGGAAA,CAAAACTGCAG CTCGTATGTTGTGTGG AATCCCCCTAGGTGAACCATT TCACACAGGAAA,HG105deltalysA_ybcN<>3*1_RBS1027_lacI,M9glucose,na,1,orbitrap_classic,forward,-1.5919418648173493,0.49706528173218767,1.643889831192957
P30125,leuB,1,178870000,160600000,18270000,Median,0.09975099999999999,0.0,lacZ_Oid,20150807,CAAAACTGCAG CTCGTATGTTGTGTGG GGCAGTGAGCGCAACGCAATT TCACACAGGAAA,CAAAACTGCAG CTCGTATGTTGTGTGG AATCCCCCTAGGTGAACCATT TCACACAGGAAA,HG105deltalysA_ybcN<>3*1_RBS1027_lacI,M9glucose,na,1,orbitrap_classic,forward,-2.3050781981997583,-0.21607105165022134,0.8056780550844035
P30750,metN,1,10192000,9106300,1086100,Median,0.12053,0.0,lacZ_Oid,20150807,CAAAACTGCAG CTCGTATGTTGTGTGG GGCAGTGAGCGCAACGCAATT TCACACAGGAAA,CAAAACTGCAG CTCGTATGTTGTGTGG AATCCCCCTAGGTGAACCATT TCACACAGGAAA,HG105deltalysA_ybcN<>3*1_RBS1027_lacI,M9glucose,na,1,orbitrap_classic,forward,-2.115856594381885,-0.026849447832347995,0.9735077942007915
P30871,ygiF,3,25679000,22733000,2945400,Median,0.12491,0.0,lacZ_Oid,20150807,CAAAACTGCAG CTCGTATGTTGTGTGG GGCAGTGAGCGCAACGCAATT TCACACAGGAAA,CAAAACTGCAG CTCGTATGTTGTGTGG AATCCCCCTAGGTGAACCATT TCACACAGGAAA,HG105deltalysA_ybcN<>3*1_RBS1027_lacI,M9glucose,na,1,orbitrap_classic,forward,-2.0801618010043192,0.008845345545217764,1.0088845812131493
P31120,glmM,3,110350000,98943000,11406000,Median,0.092533,0.0,lacZ_Oid,20150807,CAAAACTGCAG CTCGTATGTTGTGTGG GGCAGTGAGCGCAACGCAATT TCACACAGGAAA,CAAAACTGCAG CTCGTATGTTGTGTGG AATCCCCCTAGGTGAACCATT TCACACAGGAAA,HG105deltalysA_ybcN<>3*1_RBS1027_lacI,M9glucose,na,1,orbitrap_classic,forward,-2.380189941329561,-0.29118279478002407,0.7473790485421211
P31545,efeB,1,0,0,0,Median,,0.0,lacZ_Oid,20150807,CAAAACTGCAG CTCGTATGTTGTGTGG GGCAGTGAGCGCAACGCAATT TCACACAGGAAA,CAAAACTGCAG CTCGTATGTTGTGTGG AATCCCCCTAGGTGAACCATT TCACACAGGAAA,HG105deltalysA_ybcN<>3*1_RBS1027_lacI,M9glucose,na,1,orbitrap_classic,forward,,,
P31677,otsA,2,42290000,35429000,6860900,Median,0.22548,0.0,lacZ_Oid,20150807,CAAAACTGCAG CTCGTATGTTGTGTGG GGCAGTGAGCGCAACGCAATT TCACACAGGAAA,CAAAACTGCAG CTCGTATGTTGTGTGG AATCCCCCTAGGTGAACCATT TCACACAGGAAA,HG105deltalysA_ybcN<>3*1_RBS1027_lacI,M9glucose,na,1,orbitrap_classic,forward,-1.4895238157687627,0.5994833307807743,1.8211776108553432
P31979,nuoF,3,12372000,10825000,1547600,Median,0.14578,0.0,lacZ_Oid,20150807,CAAAACTGCAG CTCGTATGTTGTGTGG GGCAGTGAGCGCAACGCAATT TCACACAGGAAA,CAAAACTGCAG CTCGTATGTTGTGTGG AATCCCCCTAGGTGAACCATT TCACACAGGAAA,HG105deltalysA_ybcN<>3*1_RBS1027_lacI,M9glucose,na,1,orbitrap_classic,forward,-1.9256566430280702,0.16335050352146685,1.177449317502625
P32053,intA,2,13391000,9258800,4132200,Median,0.35341999999999996,0.0,lacZ_Oid,20150807,CAAAACTGCAG CTCGTATGTTGTGTGG GGCAGTGAGCGCAACGCAATT TCACACAGGAAA,CAAAACTGCAG CTCGTATGTTGTGTGG AATCCCCCTAGGTGAACCATT TCACACAGGAAA,HG105deltalysA_ybcN<>3*1_RBS1027_lacI,M9glucose,na,1,orbitrap_classic,forward,-1.0400981276022276,1.0489090189473094,2.854535174864712
P32129,yihG,1,1116800,1116800,0,Median,,0.0,lacZ_Oid,20150807,CAAAACTGCAG CTCGTATGTTGTGTGG GGCAGTGAGCGCAACGCAATT TCACACAGGAAA,CAAAACTGCAG CTCGTATGTTGTGTGG AATCCCCCTAGGTGAACCATT TCACACAGGAAA,HG105deltalysA_ybcN<>3*1_RBS1027_lacI,M9glucose,na,1,orbitrap_classic,forward,,,
P33232,lldD,1,2532700,2349400,183320,Median,0.13545,0.0,lacZ_Oid,20150807,CAAAACTGCAG CTCGTATGTTGTGTGG GGCAGTGAGCGCAACGCAATT TCACACAGGAAA,CAAAACTGCAG CTCGTATGTTGTGTGG AATCCCCCTAGGTGAACCATT TCACACAGGAAA,HG105deltalysA_ybcN<>3*1_RBS1027_lacI,M9glucose,na,1,orbitrap_classic,forward,-1.999152710451033,0.08985443609850408,1.0940150230191423
P33643,rluD,1,6645200,6074400,570810,Median,0.1164,0.0,lacZ_Oid,20150807,CAAAACTGCAG CTCGTATGTTGTGTGG GGCAGTGAGCGCAACGCAATT TCACACAGGAAA,CAAAACTGCAG CTCGTATGTTGTGTGG AATCCCCCTAGGTGAACCATT TCACACAGGAAA,HG105deltalysA_ybcN<>3*1_RBS1027_lacI,M9glucose,na,1,orbitrap_classic,forward,-2.1507227436847995,-0.061715597135262534,0.9401502301914225
P37095,pepB,5,80964000,73483000,7481000,Median,0.10081,0.0,lacZ_Oid,20150807,CAAAACTGCAG CTCGTATGTTGTGTGG GGCAGTGAGCGCAACGCAATT TCACACAGGAAA,CAAAACTGCAG CTCGTATGTTGTGTGG AATCCCCCTAGGTGAACCATT TCACACAGGAAA,HG105deltalysA_ybcN<>3*1_RBS1027_lacI,M9glucose,na,1,orbitrap_classic,forward,-2.294517721916287,-0.2055105753667501,0.8142314837250625
P37326,intS,7,55575000,45608000,9967900,Median,0.20412,0.0,lacZ_Oid,20150807,CAAAACTGCAG CTCGTATGTTGTGTGG GGCAGTGAGCGCAACGCAATT TCACACAGGAAA,CAAAACTGCAG CTCGTATGTTGTGTGG AATCCCCCTAGGTGAACCATT TCACACAGGAAA,HG105deltalysA_ybcN<>3*1_RBS1027_lacI,M9glucose,na,1,orbitrap_classic,forward,-1.5890472227863663,0.49995992376317067,1.6486551974800099
P37636,mdtE,2,14135000,9584600,4550600,Median,0.50126,0.0,lacZ_Oid,20150807,CAAAACTGCAG CTCGTATGTTGTGTGG GGCAGTGAGCGCAACGCAATT TCACACAGGAAA,CAAAACTGCAG CTCGTATGTTGTGTGG AATCCCCCTAGGTGAACCATT TCACACAGGAAA,HG105deltalysA_ybcN<>3*1_RBS1027_lacI,M9glucose,na,1,orbitrap_classic,forward,-0.6906303504356709,1.3983767961138662,4.048622889911963
P37666,ghrB,2,2784600,2445300,339270,Median,0.13068,0.0,lacZ_Oid,20150807,CAAAACTGCAG CTCGTATGTTGTGTGG GGCAGTGAGCGCAACGCAATT TCACACAGGAAA,CAAAACTGCAG CTCGTATGTTGTGTGG AATCCCCCTAGGTGAACCATT TCACACAGGAAA,HG105deltalysA_ybcN<>3*1_RBS1027_lacI,M9glucose,na,1,orbitrap_classic,forward,-2.035003692249268,0.054003454300269205,1.0554882481221226
P37690,envC,9,169950000,122150000,47801000,Median,0.40326999999999996,0.0,lacZ_Oid,20150807,CAAAACTGCAG CTCGTATGTTGTGTGG GGCAGTGAGCGCAACGCAATT TCACACAGGAAA,CAAAACTGCAG CTCGTATGTTGTGTGG AATCCCCCTAGGTGAACCATT TCACACAGGAAA,HG105deltalysA_ybcN<>3*1_RBS1027_lacI,M9glucose,na,1,orbitrap_classic,forward,-0.908148966182532,1.180858180367005,3.2571682416606094
P37747,glf,6,20056000,17869000,2186900,Median,0.10522000000000001,0.0,lacZ_Oid,20150807,CAAAACTGCAG CTCGTATGTTGTGTGG GGCAGTGAGCGCAACGCAATT TCACACAGGAAA,CAAAACTGCAG CTCGTATGTTGTGTGG AATCCCCCTAGGTGAACCATT TCACACAGGAAA,HG105deltalysA_ybcN<>3*1_RBS1027_lacI,M9glucose,na,1,orbitrap_classic,forward,-2.251701882679476,-0.1626947361299389,0.8498505774977789
P37751,wbbK,1,0,0,0,Median,,0.0,lacZ_Oid,20150807,CAAAACTGCAG CTCGTATGTTGTGTGG GGCAGTGAGCGCAACGCAATT TCACACAGGAAA,CAAAACTGCAG CTCGTATGTTGTGTGG AATCCCCCTAGGTGAACCATT TCACACAGGAAA,HG105deltalysA_ybcN<>3*1_RBS1027_lacI,M9glucose,na,1,orbitrap_classic,forward,,,
P37759,rfbB,4,59918000,53168000,6750000,Median,0.11892,0.0,lacZ_Oid,20150807,CAAAACTGCAG CTCGTATGTTGTGTGG GGCAGTGAGCGCAACGCAATT TCACACAGGAAA,CAAAACTGCAG CTCGTATGTTGTGTGG AATCCCCCTAGGTGAACCATT TCACACAGGAAA,HG105deltalysA_ybcN<>3*1_RBS1027_lacI,M9glucose,na,1,orbitrap_classic,forward,-2.12930428085224,-0.040297134302702986,0.9605039980615462
P39099,degQ,6,21751000,14740000,7011500,Median,0.52678,0.0,lacZ_Oid,20150807,CAAAACTGCAG CTCGTATGTTGTGTGG GGCAGTGAGCGCAACGCAATT TCACACAGGAAA,CAAAACTGCAG CTCGTATGTTGTGTGG AATCCCCCTAGGTGAACCATT TCACACAGGAAA,HG105deltalysA_ybcN<>3*1_RBS1027_lacI,M9glucose,na,1,orbitrap_classic,forward,-0.6409722749058363,1.4480348716437006,4.254745174057023
P39160,uxuB,1,0,0,0,Median,,0.0,lacZ_Oid,20150807,CAAAACTGCAG CTCGTATGTTGTGTGG GGCAGTGAGCGCAACGCAATT TCACACAGGAAA,CAAAACTGCAG CTCGTATGTTGTGTGG AATCCCCCTAGGTGAACCATT TCACACAGGAAA,HG105deltalysA_ybcN<>3*1_RBS1027_lacI,M9glucose,na,1,orbitrap_classic,forward,,,
P39342,yjgR,3,1252600,1252600,0,Median,,0.0,lacZ_Oid,20150807,CAAAACTGCAG CTCGTATGTTGTGTGG GGCAGTGAGCGCAACGCAATT TCACACAGGAAA,CAAAACTGCAG CTCGTATGTTGTGTGG AATCCCCCTAGGTGAACCATT TCACACAGGAAA,HG105deltalysA_ybcN<>3*1_RBS1027_lacI,M9glucose,na,1,orbitrap_classic,forward,,,
P39406,rsmC,1,0,0,0,Median,,0.0,lacZ_Oid,20150807,CAAAACTGCAG CTCGTATGTTGTGTGG GGCAGTGAGCGCAACGCAATT TCACACAGGAAA,CAAAACTGCAG CTCGTATGTTGTGTGG AATCCCCCTAGGTGAACCATT TCACACAGGAAA,HG105deltalysA_ybcN<>3*1_RBS1027_lacI,M9glucose,na,1,orbitrap_classic,forward,,,
P42588,patA,2,0,0,0,Median,,0.0,lacZ_Oid,20150807,CAAAACTGCAG CTCGTATGTTGTGTGG GGCAGTGAGCGCAACGCAATT TCACACAGGAAA,CAAAACTGCAG CTCGTATGTTGTGTGG AATCCCCCTAGGTGAACCATT TCACACAGGAAA,HG105deltalysA_ybcN<>3*1_RBS1027_lacI,M9glucose,na,1,orbitrap_classic,forward,,,
P42641,obgE,3,23096000,20920000,2176000,Median,0.10645999999999999,0.0,lacZ_Oid,20150807,CAAAACTGCAG CTCGTATGTTGTGTGG GGCAGTGAGCGCAACGCAATT TCACACAGGAAA,CAAAACTGCAG CTCGTATGTTGTGTGG AATCCCCCTAGGTGAACCATT TCACACAGGAAA,HG105deltalysA_ybcN<>3*1_RBS1027_lacI,M9glucose,na,1,orbitrap_classic,forward,-2.239985951237526,-0.15097880468798897,0.8598659235926014
P45579,ybdH,1,0,0,0,Median,,0.0,lacZ_Oid,20150807,CAAAACTGCAG CTCGTATGTTGTGTGG GGCAGTGAGCGCAACGCAATT TCACACAGGAAA,CAAAACTGCAG CTCGTATGTTGTGTGG AATCCCCCTAGGTGAACCATT TCACACAGGAAA,HG105deltalysA_ybcN<>3*1_RBS1027_lacI,M9glucose,na,1,orbitrap_classic,forward,,,
P46853,yhhX,2,9786100,8990000,796090,Median,0.13808,0.0,lacZ_Oid,20150807,CAAAACTGCAG CTCGTATGTTGTGTGG GGCAGTGAGCGCAACGCAATT TCACACAGGAAA,CAAAACTGCAG CTCGTATGTTGTGTGG AATCCCCCTAGGTGAACCATT TCACACAGGAAA,HG105deltalysA_ybcN<>3*1_RBS1027_lacI,M9glucose,na,1,orbitrap_classic,forward,-1.9799220516470193,0.10908509490251772,1.1152572490105808
P50457,puuE,2,0,0,0,Median,,0.0,lacZ_Oid,20150807,CAAAACTGCAG CTCGTATGTTGTGTGG GGCAGTGAGCGCAACGCAATT TCACACAGGAAA,CAAAACTGCAG CTCGTATGTTGTGTGG AATCCCCCTAGGTGAACCATT TCACACAGGAAA,HG105deltalysA_ybcN<>3*1_RBS1027_lacI,M9glucose,na,1,orbitrap_classic,forward,,,
P52697,pgl,2,28971000,25871000,3099600,Median,0.10255,0.0,lacZ_Oid,20150807,CAAAACTGCAG CTCGTATGTTGTGTGG GGCAGTGAGCGCAACGCAATT TCACACAGGAAA,CAAAACTGCAG CTCGTATGTTGTGTGG AATCCCCCTAGGTGAACCATT TCACACAGGAAA,HG105deltalysA_ybcN<>3*1_RBS1027_lacI,M9glucose,na,1,orbitrap_classic,forward,-2.2774047944637474,-0.18839764791421043,0.8282852758258623
P55135,rlmD,1,0,0,0,Median,,0.0,lacZ_Oid,20150807,CAAAACTGCAG CTCGTATGTTGTGTGG GGCAGTGAGCGCAACGCAATT TCACACAGGAAA,CAAAACTGCAG CTCGTATGTTGTGTGG AATCCCCCTAGGTGAACCATT TCACACAGGAAA,HG105deltalysA_ybcN<>3*1_RBS1027_lacI,M9glucose,na,1,orbitrap_classic,forward,,,
P60293,mukF,1,6017800,5446500,571250,Median,0.084989,0.0,lacZ_Oid,20150807,CAAAACTGCAG CTCGTATGTTGTGTGG GGCAGTGAGCGCAACGCAATT TCACACAGGAAA,CAAAACTGCAG CTCGTATGTTGTGTGG AATCCCCCTAGGTGAACCATT TCACACAGGAAA,HG105deltalysA_ybcN<>3*1_RBS1027_lacI,M9glucose,na,1,orbitrap_classic,forward,-2.4652334426309515,-0.37622629608141445,0.6864469752039416
P60422,rplB,4,218260000,183310000,34952000,Median,0.14427,0.0,lacZ_Oid,20150807,CAAAACTGCAG CTCGTATGTTGTGTGG GGCAGTGAGCGCAACGCAATT TCACACAGGAAA,CAAAACTGCAG CTCGTATGTTGTGTGG AATCCCCCTAGGTGAACCATT TCACACAGGAAA,HG105deltalysA_ybcN<>3*1_RBS1027_lacI,M9glucose,na,1,orbitrap_classic,forward,-1.936068735024456,0.15293841152508092,1.1652532105645748
P60560,guaC,7,400900000,331640000,69255000,Median,0.09274299999999999,0.0,lacZ_Oid,20150807,CAAAACTGCAG CTCGTATGTTGTGTGG GGCAGTGAGCGCAACGCAATT TCACACAGGAAA,CAAAACTGCAG CTCGTATGTTGTGTGG AATCCCCCTAGGTGAACCATT TCACACAGGAAA,HG105deltalysA_ybcN<>3*1_RBS1027_lacI,M9glucose,na,1,orbitrap_classic,forward,-2.377923052040838,-0.28891590549130086,0.7490751958646312
P60906,hisS,2,58124000,53193000,4931300,Median,0.096609,0.0,lacZ_Oid,20150807,CAAAACTGCAG CTCGTATGTTGTGTGG GGCAGTGAGCGCAACGCAATT TCACACAGGAAA,CAAAACTGCAG CTCGTATGTTGTGTGG AATCCCCCTAGGTGAACCATT TCACACAGGAAA,HG105deltalysA_ybcN<>3*1_RBS1027_lacI,M9glucose,na,1,orbitrap_classic,forward,-2.3370833744016424,-0.24807622785210537,0.7803004603828446
P61889,mdh,2,5643200,4770400,872730,Median,0.15508,0.0,lacZ_Oid,20150807,CAAAACTGCAG CTCGTATGTTGTGTGG GGCAGTGAGCGCAACGCAATT TCACACAGGAAA,CAAAACTGCAG CTCGTATGTTGTGTGG AATCCCCCTAGGTGAACCATT TCACACAGGAAA,HG105deltalysA_ybcN<>3*1_RBS1027_lacI,M9glucose,na,1,orbitrap_classic,forward,-1.8638141661794088,0.22519298037012825,1.2525644132137954
P62620,ispG,1,11475000,10321000,1154700,Median,0.093237,0.0,lacZ_Oid,20150807,CAAAACTGCAG CTCGTATGTTGTGTGG GGCAGTGAGCGCAACGCAATT TCACACAGGAAA,CAAAACTGCAG CTCGTATGTTGTGTGG AATCCCCCTAGGTGAACCATT TCACACAGGAAA,HG105deltalysA_ybcN<>3*1_RBS1027_lacI,M9glucose,na,1,orbitrap_classic,forward,-2.372610640364383,-0.2836034938148462,0.7530651805185365
P63389,yheS,3,25485000,21896000,3588600,Median,0.18128,0.0,lacZ_Oid,20150807,CAAAACTGCAG CTCGTATGTTGTGTGG GGCAGTGAGCGCAACGCAATT TCACACAGGAAA,CAAAACTGCAG CTCGTATGTTGTGTGG AATCCCCCTAGGTGAACCATT TCACACAGGAAA,HG105deltalysA_ybcN<>3*1_RBS1027_lacI,M9glucose,na,1,orbitrap_classic,forward,-1.707712481702441,0.38129466484709607,1.464178983926985
P66948,bepA,1,6679600,6060900,618750,Median,0.087014,0.0,lacZ_Oid,20150807,CAAAACTGCAG CTCGTATGTTGTGTGG GGCAGTGAGCGCAACGCAATT TCACACAGGAAA,CAAAACTGCAG CTCGTATGTTGTGTGG AATCCCCCTAGGTGAACCATT TCACACAGGAAA,HG105deltalysA_ybcN<>3*1_RBS1027_lacI,M9glucose,na,1,orbitrap_classic,forward,-2.441686253733484,-0.3526791071839468,0.7028026815281481
P68767,pepA,4,17181000,14774000,2406700,Median,0.11059000000000001,1.0,lacZ_Oid,20150807,CAAAACTGCAG CTCGTATGTTGTGTGG GGCAGTGAGCGCAACGCAATT TCACACAGGAAA,CAAAACTGCAG CTCGTATGTTGTGTGG AATCCCCCTAGGTGAACCATT TCACACAGGAAA,HG105deltalysA_ybcN<>3*1_RBS1027_lacI,M9glucose,na,1,orbitrap_classic,forward,-2.2019256098948685,-0.11291846334533151,0.8932234876019708
P69786,ptsG,3,2785600,2242900,542660,Median,0.13834000000000002,0.0,lacZ_Oid,20150807,CAAAACTGCAG CTCGTATGTTGTGTGG GGCAGTGAGCGCAACGCAATT TCACACAGGAAA,CAAAACTGCAG CTCGTATGTTGTGTGG AATCCCCCTAGGTGAACCATT TCACACAGGAAA,HG105deltalysA_ybcN<>3*1_RBS1027_lacI,M9glucose,na,1,orbitrap_classic,forward,-1.9780408558096982,0.11096629073983877,1.117357240933689
P69811,fruB,1,3521900,2636900,885020,Median,0.28231,0.0,lacZ_Oid,20150807,CAAAACTGCAG CTCGTATGTTGTGTGG GGCAGTGAGCGCAACGCAATT TCACACAGGAAA,CAAAACTGCAG CTCGTATGTTGTGTGG AATCCCCCTAGGTGAACCATT TCACACAGGAAA,HG105deltalysA_ybcN<>3*1_RBS1027_lacI,M9glucose,na,1,orbitrap_classic,forward,-1.264749521041547,0.8242576255079901,2.2801873838946776
P69908,gadA,3,104680000,95552000,9132600,Median,0.09761399999999999,0.0,lacZ_Oid,20150807,CAAAACTGCAG CTCGTATGTTGTGTGG GGCAGTGAGCGCAACGCAATT TCACACAGGAAA,CAAAACTGCAG CTCGTATGTTGTGTGG AATCCCCCTAGGTGAACCATT TCACACAGGAAA,HG105deltalysA_ybcN<>3*1_RBS1027_lacI,M9glucose,na,1,orbitrap_classic,forward,-2.326734353227049,-0.23772720667751202,0.7884177368548582
P69910,gadB,4,759000000,678380000,80626000,Median,0.1107,0.0,lacZ_Oid,20150807,CAAAACTGCAG CTCGTATGTTGTGTGG GGCAGTGAGCGCAACGCAATT TCACACAGGAAA,CAAAACTGCAG CTCGTATGTTGTGTGG AATCCCCCTAGGTGAACCATT TCACACAGGAAA,HG105deltalysA_ybcN<>3*1_RBS1027_lacI,M9glucose,na,1,orbitrap_classic,forward,-2.2009314392675456,-0.11192429271800863,0.894111945723286
P69924,nrdB,2,23957000,21800000,2157400,Median,0.074935,0.0,lacZ_Oid,20150807,CAAAACTGCAG CTCGTATGTTGTGTGG GGCAGTGAGCGCAACGCAATT TCACACAGGAAA,CAAAACTGCAG CTCGTATGTTGTGTGG AATCCCCCTAGGTGAACCATT TCACACAGGAAA,HG105deltalysA_ybcN<>3*1_RBS1027_lacI,M9glucose,na,1,orbitrap_classic,forward,-2.591134207885178,-0.5021270613356408,0.605241902915758
P71298,intF,8,205480000,110830000,94653000,Median,0.8012,0.0,lacZ_Oid,20150807,CAAAACTGCAG CTCGTATGTTGTGTGG GGCAGTGAGCGCAACGCAATT TCACACAGGAAA,CAAAACTGCAG CTCGTATGTTGTGTGG AATCCCCCTAGGTGAACCATT TCACACAGGAAA,HG105deltalysA_ybcN<>3*1_RBS1027_lacI,M9glucose,na,1,orbitrap_classic,forward,-0.22164467519047384,1.867362471359063,6.471205879977385
P75691,yahK,6,43737000,37134000,6603200,Median,0.1378,0.0,lacZ_Oid,20150807,CAAAACTGCAG CTCGTATGTTGTGTGG GGCAGTGAGCGCAACGCAATT TCACACAGGAAA,CAAAACTGCAG CTCGTATGTTGTGTGG AATCCCCCTAGGTGAACCATT TCACACAGGAAA,HG105deltalysA_ybcN<>3*1_RBS1027_lacI,M9glucose,na,1,orbitrap_classic,forward,-1.9819519204025788,0.10705522614695817,1.1129957192472337
P75797,gsiB,4,0,0,0,Median,,0.0,lacZ_Oid,20150807,CAAAACTGCAG CTCGTATGTTGTGTGG GGCAGTGAGCGCAACGCAATT TCACACAGGAAA,CAAAACTGCAG CTCGTATGTTGTGTGG AATCCCCCTAGGTGAACCATT TCACACAGGAAA,HG105deltalysA_ybcN<>3*1_RBS1027_lacI,M9glucose,na,1,orbitrap_classic,forward,,,
P75830,macA,2,3320200,2870800,449420,Median,0.15448,0.0,lacZ_Oid,20150807,CAAAACTGCAG CTCGTATGTTGTGTGG GGCAGTGAGCGCAACGCAATT TCACACAGGAAA,CAAAACTGCAG CTCGTATGTTGTGTGG AATCCCCCTAGGTGAACCATT TCACACAGGAAA,HG105deltalysA_ybcN<>3*1_RBS1027_lacI,M9glucose,na,1,orbitrap_classic,forward,-1.867690640861878,0.22131650568765893,1.2477182780066232
P75876,rlmI,4,1913600,1436100,477530,Median,0.27671999999999997,0.0,lacZ_Oid,20150807,CAAAACTGCAG CTCGTATGTTGTGTGG GGCAGTGAGCGCAACGCAATT TCACACAGGAAA,CAAAACTGCAG CTCGTATGTTGTGTGG AATCCCCCTAGGTGAACCATT TCACACAGGAAA,HG105deltalysA_ybcN<>3*1_RBS1027_lacI,M9glucose,na,1,orbitrap_classic,forward,-1.284749114353224,0.8042580321963131,2.2350375575478556
P75978,ymfN,1,0,0,0,Median,,0.0,lacZ_Oid,20150807,CAAAACTGCAG CTCGTATGTTGTGTGG GGCAGTGAGCGCAACGCAATT TCACACAGGAAA,CAAAACTGCAG CTCGTATGTTGTGTGG AATCCCCCTAGGTGAACCATT TCACACAGGAAA,HG105deltalysA_ybcN<>3*1_RBS1027_lacI,M9glucose,na,1,orbitrap_classic,forward,,,
P76055,ttcA,2,1179300,1013200,166080,Median,0.13908,0.0,lacZ_Oid,20150807,CAAAACTGCAG CTCGTATGTTGTGTGG GGCAGTGAGCGCAACGCAATT TCACACAGGAAA,CAAAACTGCAG CTCGTATGTTGTGTGG AATCCCCCTAGGTGAACCATT TCACACAGGAAA,HG105deltalysA_ybcN<>3*1_RBS1027_lacI,M9glucose,na,1,orbitrap_classic,forward,-1.9727059718424764,0.11630117470706058,1.1233341410225346
P76108,ydcS,3,0,0,0,Median,,0.0,lacZ_Oid,20150807,CAAAACTGCAG CTCGTATGTTGTGTGG GGCAGTGAGCGCAACGCAATT TCACACAGGAAA,CAAAACTGCAG CTCGTATGTTGTGTGG AATCCCCCTAGGTGAACCATT TCACACAGGAAA,HG105deltalysA_ybcN<>3*1_RBS1027_lacI,M9glucose,na,1,orbitrap_classic,forward,,,
P76113,curA,3,27927000,24926000,3001100,Median,0.10197,0.0,lacZ_Oid,20150807,CAAAACTGCAG CTCGTATGTTGTGTGG GGCAGTGAGCGCAACGCAATT TCACACAGGAAA,CAAAACTGCAG CTCGTATGTTGTGTGG AATCCCCCTAGGTGAACCATT TCACACAGGAAA,HG105deltalysA_ybcN<>3*1_RBS1027_lacI,M9glucose,na,1,orbitrap_classic,forward,-2.2830766266060025,-0.19406948005646552,0.8236006784589293
P76116,yncE,2,1666300,994120,672190,Median,0.54535,0.0,lacZ_Oid,20150807,CAAAACTGCAG CTCGTATGTTGTGTGG GGCAGTGAGCGCAACGCAATT TCACACAGGAAA,CAAAACTGCAG CTCGTATGTTGTGTGG AATCCCCCTAGGTGAACCATT TCACACAGGAAA,HG105deltalysA_ybcN<>3*1_RBS1027_lacI,M9glucose,na,1,orbitrap_classic,forward,-0.6063274886073852,1.482679657942152,4.404733058719006
P76291,cmoB,1,9061500,7720000,1341400,Median,0.11915999999999999,0.0,lacZ_Oid,20150807,CAAAACTGCAG CTCGTATGTTGTGTGG GGCAGTGAGCGCAACGCAATT TCACACAGGAAA,CAAAACTGCAG CTCGTATGTTGTGTGG AATCCCCCTAGGTGAACCATT TCACACAGGAAA,HG105deltalysA_ybcN<>3*1_RBS1027_lacI,M9glucose,na,1,orbitrap_classic,forward,-2.127288151137056,-0.03828100458751882,0.9624424521444146
P76316,dcyD,2,20374000,17978000,2395500,Median,0.11322,0.0,lacZ_Oid,20150807,CAAAACTGCAG CTCGTATGTTGTGTGG GGCAGTGAGCGCAACGCAATT TCACACAGGAAA,CAAAACTGCAG CTCGTATGTTGTGTGG AATCCCCCTAGGTGAACCATT TCACACAGGAAA,HG105deltalysA_ybcN<>3*1_RBS1027_lacI,M9glucose,na,1,orbitrap_classic,forward,-2.178422450373623,-0.08941530382408613,0.9144657135934094
P76397,mdtA,1,2708500,2708500,0,Median,,0.0,lacZ_Oid,20150807,CAAAACTGCAG CTCGTATGTTGTGTGG GGCAGTGAGCGCAACGCAATT TCACACAGGAAA,CAAAACTGCAG CTCGTATGTTGTGTGG AATCCCCCTAGGTGAACCATT TCACACAGGAAA,HG105deltalysA_ybcN<>3*1_RBS1027_lacI,M9glucose,na,1,orbitrap_classic,forward,,,
P76542,intZ,2,3134700,3134700,0,Median,,0.0,lacZ_Oid,20150807,CAAAACTGCAG CTCGTATGTTGTGTGG GGCAGTGAGCGCAACGCAATT TCACACAGGAAA,CAAAACTGCAG CTCGTATGTTGTGTGG AATCCCCCTAGGTGAACCATT TCACACAGGAAA,HG105deltalysA_ybcN<>3*1_RBS1027_lacI,M9glucose,na,1,orbitrap_classic,forward,,,
P76658,hldE,4,12569000,9859700,2709800,Median,0.13516,0.0,lacZ_Oid,20150807,CAAAACTGCAG CTCGTATGTTGTGTGG GGCAGTGAGCGCAACGCAATT TCACACAGGAAA,CAAAACTGCAG CTCGTATGTTGTGTGG AATCCCCCTAGGTGAACCATT TCACACAGGAAA,HG105deltalysA_ybcN<>3*1_RBS1027_lacI,M9glucose,na,1,orbitrap_classic,forward,-2.0012960171360477,0.08771112941348935,1.0916727243356759
P77173,zipA,1,0,0,0,Median,,0.0,lacZ_Oid,20150807,CAAAACTGCAG CTCGTATGTTGTGTGG GGCAGTGAGCGCAACGCAATT TCACACAGGAAA,CAAAACTGCAG CTCGTATGTTGTGTGG AATCCCCCTAGGTGAACCATT TCACACAGGAAA,HG105deltalysA_ybcN<>3*1_RBS1027_lacI,M9glucose,na,1,orbitrap_classic,forward,,,
P77187,yahF,1,0,0,0,Median,,0.0,lacZ_Oid,20150807,CAAAACTGCAG CTCGTATGTTGTGTGG GGCAGTGAGCGCAACGCAATT TCACACAGGAAA,CAAAACTGCAG CTCGTATGTTGTGTGG AATCCCCCTAGGTGAACCATT TCACACAGGAAA,HG105deltalysA_ybcN<>3*1_RBS1027_lacI,M9glucose,na,1,orbitrap_classic,forward,,,
P77258,nemA,1,0,0,0,Median,,0.0,lacZ_Oid,20150807,CAAAACTGCAG CTCGTATGTTGTGTGG GGCAGTGAGCGCAACGCAATT TCACACAGGAAA,CAAAACTGCAG CTCGTATGTTGTGTGG AATCCCCCTAGGTGAACCATT TCACACAGGAAA,HG105deltalysA_ybcN<>3*1_RBS1027_lacI,M9glucose,na,1,orbitrap_classic,forward,,,
P77434,alaC,4,17012000,13913000,3099000,Median,0.18087,0.0,lacZ_Oid,20150807,CAAAACTGCAG CTCGTATGTTGTGTGG GGCAGTGAGCGCAACGCAATT TCACACAGGAAA,CAAAACTGCAG CTCGTATGTTGTGTGG AATCCCCCTAGGTGAACCATT TCACACAGGAAA,HG105deltalysA_ybcN<>3*1_RBS1027_lacI,M9glucose,na,1,orbitrap_classic,forward,-1.709976737812713,0.3790304087368239,1.4608674582020842
P77552,ydhQ,1,0,0,0,Median,,0.0,lacZ_Oid,20150807,CAAAACTGCAG CTCGTATGTTGTGTGG GGCAGTGAGCGCAACGCAATT TCACACAGGAAA,CAAAACTGCAG CTCGTATGTTGTGTGG AATCCCCCTAGGTGAACCATT TCACACAGGAAA,HG105deltalysA_ybcN<>3*1_RBS1027_lacI,M9glucose,na,1,orbitrap_classic,forward,,,
P77689,sufD,2,8811400,7498300,1313100,Median,0.10629000000000001,0.0,lacZ_Oid,20150807,CAAAACTGCAG CTCGTATGTTGTGTGG GGCAGTGAGCGCAACGCAATT TCACACAGGAAA,CAAAACTGCAG CTCGTATGTTGTGTGG AATCCCCCTAGGTGAACCATT TCACACAGGAAA,HG105deltalysA_ybcN<>3*1_RBS1027_lacI,M9glucose,na,1,orbitrap_classic,forward,-2.241584071436647,-0.15257692488710983,0.8584928519505695
P77774,bamB,1,0,0,0,Median,,0.0,lacZ_Oid,20150807,CAAAACTGCAG CTCGTATGTTGTGTGG GGCAGTGAGCGCAACGCAATT TCACACAGGAAA,CAAAACTGCAG CTCGTATGTTGTGTGG AATCCCCCTAGGTGAACCATT TCACACAGGAAA,HG105deltalysA_ybcN<>3*1_RBS1027_lacI,M9glucose,na,1,orbitrap_classic,forward,,,
P77808,yfaY,1,0,0,0,Median,,0.0,lacZ_Oid,20150807,CAAAACTGCAG CTCGTATGTTGTGTGG GGCAGTGAGCGCAACGCAATT TCACACAGGAAA,CAAAACTGCAG CTCGTATGTTGTGTGG AATCCCCCTAGGTGAACCATT TCACACAGGAAA,HG105deltalysA_ybcN<>3*1_RBS1027_lacI,M9glucose,na,1,orbitrap_classic,forward,,,
P78067,ynjE,2,0,0,0,Median,,0.0,lacZ_Oid,20150807,CAAAACTGCAG CTCGTATGTTGTGTGG GGCAGTGAGCGCAACGCAATT TCACACAGGAAA,CAAAACTGCAG CTCGTATGTTGTGTGG AATCCCCCTAGGTGAACCATT TCACACAGGAAA,HG105deltalysA_ybcN<>3*1_RBS1027_lacI,M9glucose,na,1,orbitrap_classic,forward,,,
Q57261,truD,1,11065000,9671700,1393000,Median,0.14977000000000001,0.0,lacZ_Oid,20150807,CAAAACTGCAG CTCGTATGTTGTGTGG GGCAGTGAGCGCAACGCAATT TCACACAGGAAA,CAAAACTGCAG CTCGTATGTTGTGTGG AATCCCCCTAGGTGAACCATT TCACACAGGAAA,HG105deltalysA_ybcN<>3*1_RBS1027_lacI,M9glucose,na,1,orbitrap_classic,forward,-1.8986544949778328,0.19035265157170422,1.209676116630321
Q59385,copA,1,0,0,0,Median,,0.0,lacZ_Oid,20150807,CAAAACTGCAG CTCGTATGTTGTGTGG GGCAGTGAGCGCAACGCAATT TCACACAGGAAA,CAAAACTGCAG CTCGTATGTTGTGTGG AATCCCCCTAGGTGAACCATT TCACACAGGAAA,HG105deltalysA_ybcN<>3*1_RBS1027_lacI,M9glucose,na,1,orbitrap_classic,forward,,,
