date,promoter,strain,media,condition,mutregion,bincount,position,WT_bp,MI,mutation_rate,expshift,expshift_3bpavg,seq_files
20160707,dgoR,MG1655,M9galactonate,na,mut3,4,-161,T,0.00204687617697,0.0774011517432,-0.140299466504,-0.176840038635,"['../../../data/sortseq_raw/20160707_purT_xylE_dgoR/seq/dgor/20160710_dgoR_MG1655_galactonate_mut3.qcfilt.bin1.fastq', '../../../data/sortseq_raw/20160707_purT_xylE_dgoR/seq/dgor/20160710_dgoR_MG1655_galactonate_mut3.qcfilt.bin2.fastq', '../../../data/sortseq_raw/20160707_purT_xylE_dgoR/seq/dgor/20160710_dgoR_MG1655_galactonate_mut3.qcfilt.bin3.fastq', '../../../data/sortseq_raw/20160707_purT_xylE_dgoR/seq/dgor/20160710_dgoR_MG1655_galactonate_mut3.qcfilt.bin4.fastq']"
20160707,dgoR,MG1655,M9galactonate,na,mut3,4,-160,T,0.00269403475998,0.0606760314343,-0.233360484423,0.00373631632494,"['../../../data/sortseq_raw/20160707_purT_xylE_dgoR/seq/dgor/20160710_dgoR_MG1655_galactonate_mut3.qcfilt.bin1.fastq', '../../../data/sortseq_raw/20160707_purT_xylE_dgoR/seq/dgor/20160710_dgoR_MG1655_galactonate_mut3.qcfilt.bin2.fastq', '../../../data/sortseq_raw/20160707_purT_xylE_dgoR/seq/dgor/20160710_dgoR_MG1655_galactonate_mut3.qcfilt.bin3.fastq', '../../../data/sortseq_raw/20160707_purT_xylE_dgoR/seq/dgor/20160710_dgoR_MG1655_galactonate_mut3.qcfilt.bin4.fastq']"
20160707,dgoR,MG1655,M9galactonate,na,mut3,4,-159,G,0.00270310098089,0.0599341068033,0.234461487652,0.0140388550676,"['../../../data/sortseq_raw/20160707_purT_xylE_dgoR/seq/dgor/20160710_dgoR_MG1655_galactonate_mut3.qcfilt.bin1.fastq', '../../../data/sortseq_raw/20160707_purT_xylE_dgoR/seq/dgor/20160710_dgoR_MG1655_galactonate_mut3.qcfilt.bin2.fastq', '../../../data/sortseq_raw/20160707_purT_xylE_dgoR/seq/dgor/20160710_dgoR_MG1655_galactonate_mut3.qcfilt.bin3.fastq', '../../../data/sortseq_raw/20160707_purT_xylE_dgoR/seq/dgor/20160710_dgoR_MG1655_galactonate_mut3.qcfilt.bin4.fastq']"
20160707,dgoR,MG1655,M9galactonate,na,mut3,4,-158,T,0.00187340613937,0.0682807589022,-0.181292257119,-0.118573044673,"['../../../data/sortseq_raw/20160707_purT_xylE_dgoR/seq/dgor/20160710_dgoR_MG1655_galactonate_mut3.qcfilt.bin1.fastq', '../../../data/sortseq_raw/20160707_purT_xylE_dgoR/seq/dgor/20160710_dgoR_MG1655_galactonate_mut3.qcfilt.bin2.fastq', '../../../data/sortseq_raw/20160707_purT_xylE_dgoR/seq/dgor/20160710_dgoR_MG1655_galactonate_mut3.qcfilt.bin3.fastq', '../../../data/sortseq_raw/20160707_purT_xylE_dgoR/seq/dgor/20160710_dgoR_MG1655_galactonate_mut3.qcfilt.bin4.fastq']"
20160707,dgoR,MG1655,M9galactonate,na,mut3,4,-157,T,0.000349047405041,0.0763728821132,-0.0694774298758,0.0729275949905,"['../../../data/sortseq_raw/20160707_purT_xylE_dgoR/seq/dgor/20160710_dgoR_MG1655_galactonate_mut3.qcfilt.bin1.fastq', '../../../data/sortseq_raw/20160707_purT_xylE_dgoR/seq/dgor/20160710_dgoR_MG1655_galactonate_mut3.qcfilt.bin2.fastq', '../../../data/sortseq_raw/20160707_purT_xylE_dgoR/seq/dgor/20160710_dgoR_MG1655_galactonate_mut3.qcfilt.bin3.fastq', '../../../data/sortseq_raw/20160707_purT_xylE_dgoR/seq/dgor/20160710_dgoR_MG1655_galactonate_mut3.qcfilt.bin4.fastq']"
20160707,dgoR,MG1655,M9galactonate,na,mut3,4,-156,C,0.00395117761054,0.0847323960442,0.199415360715,0.157399027675,"['../../../data/sortseq_raw/20160707_purT_xylE_dgoR/seq/dgor/20160710_dgoR_MG1655_galactonate_mut3.qcfilt.bin1.fastq', '../../../data/sortseq_raw/20160707_purT_xylE_dgoR/seq/dgor/20160710_dgoR_MG1655_galactonate_mut3.qcfilt.bin2.fastq', '../../../data/sortseq_raw/20160707_purT_xylE_dgoR/seq/dgor/20160710_dgoR_MG1655_galactonate_mut3.qcfilt.bin3.fastq', '../../../data/sortseq_raw/20160707_purT_xylE_dgoR/seq/dgor/20160710_dgoR_MG1655_galactonate_mut3.qcfilt.bin4.fastq']"
20160707,dgoR,MG1655,M9galactonate,na,mut3,4,-155,T,0.00179153630222,0.079260024952,0.128225071297,-0.0354444125509,"['../../../data/sortseq_raw/20160707_purT_xylE_dgoR/seq/dgor/20160710_dgoR_MG1655_galactonate_mut3.qcfilt.bin1.fastq', '../../../data/sortseq_raw/20160707_purT_xylE_dgoR/seq/dgor/20160710_dgoR_MG1655_galactonate_mut3.qcfilt.bin2.fastq', '../../../data/sortseq_raw/20160707_purT_xylE_dgoR/seq/dgor/20160710_dgoR_MG1655_galactonate_mut3.qcfilt.bin3.fastq', '../../../data/sortseq_raw/20160707_purT_xylE_dgoR/seq/dgor/20160710_dgoR_MG1655_galactonate_mut3.qcfilt.bin4.fastq']"
20160707,dgoR,MG1655,M9galactonate,na,mut3,4,-154,T,0.00584718113146,0.0758259157794,-0.20485268888,-0.230933042503,"['../../../data/sortseq_raw/20160707_purT_xylE_dgoR/seq/dgor/20160710_dgoR_MG1655_galactonate_mut3.qcfilt.bin1.fastq', '../../../data/sortseq_raw/20160707_purT_xylE_dgoR/seq/dgor/20160710_dgoR_MG1655_galactonate_mut3.qcfilt.bin2.fastq', '../../../data/sortseq_raw/20160707_purT_xylE_dgoR/seq/dgor/20160710_dgoR_MG1655_galactonate_mut3.qcfilt.bin3.fastq', '../../../data/sortseq_raw/20160707_purT_xylE_dgoR/seq/dgor/20160710_dgoR_MG1655_galactonate_mut3.qcfilt.bin4.fastq']"
20160707,dgoR,MG1655,M9galactonate,na,mut3,4,-153,T,0.0100869511499,0.070881556742,-0.265513131577,-0.289536361723,"['../../../data/sortseq_raw/20160707_purT_xylE_dgoR/seq/dgor/20160710_dgoR_MG1655_galactonate_mut3.qcfilt.bin1.fastq', '../../../data/sortseq_raw/20160707_purT_xylE_dgoR/seq/dgor/20160710_dgoR_MG1655_galactonate_mut3.qcfilt.bin2.fastq', '../../../data/sortseq_raw/20160707_purT_xylE_dgoR/seq/dgor/20160710_dgoR_MG1655_galactonate_mut3.qcfilt.bin3.fastq', '../../../data/sortseq_raw/20160707_purT_xylE_dgoR/seq/dgor/20160710_dgoR_MG1655_galactonate_mut3.qcfilt.bin4.fastq']"
20160707,dgoR,MG1655,M9galactonate,na,mut3,4,-152,T,0.00761964389887,0.075573417707,-0.332344024093,-0.46795750221,"['../../../data/sortseq_raw/20160707_purT_xylE_dgoR/seq/dgor/20160710_dgoR_MG1655_galactonate_mut3.qcfilt.bin1.fastq', '../../../data/sortseq_raw/20160707_purT_xylE_dgoR/seq/dgor/20160710_dgoR_MG1655_galactonate_mut3.qcfilt.bin2.fastq', '../../../data/sortseq_raw/20160707_purT_xylE_dgoR/seq/dgor/20160710_dgoR_MG1655_galactonate_mut3.qcfilt.bin3.fastq', '../../../data/sortseq_raw/20160707_purT_xylE_dgoR/seq/dgor/20160710_dgoR_MG1655_galactonate_mut3.qcfilt.bin4.fastq']"
20160707,dgoR,MG1655,M9galactonate,na,mut3,4,-151,T,0.0232245764073,0.0812170542478,-0.606701011651,-0.416551578854,"['../../../data/sortseq_raw/20160707_purT_xylE_dgoR/seq/dgor/20160710_dgoR_MG1655_galactonate_mut3.qcfilt.bin1.fastq', '../../../data/sortseq_raw/20160707_purT_xylE_dgoR/seq/dgor/20160710_dgoR_MG1655_galactonate_mut3.qcfilt.bin2.fastq', '../../../data/sortseq_raw/20160707_purT_xylE_dgoR/seq/dgor/20160710_dgoR_MG1655_galactonate_mut3.qcfilt.bin3.fastq', '../../../data/sortseq_raw/20160707_purT_xylE_dgoR/seq/dgor/20160710_dgoR_MG1655_galactonate_mut3.qcfilt.bin4.fastq']"
20160707,dgoR,MG1655,M9galactonate,na,mut3,4,-150,G,0.00976243134701,0.0709147267301,-0.209044138404,-0.533013517077,"['../../../data/sortseq_raw/20160707_purT_xylE_dgoR/seq/dgor/20160710_dgoR_MG1655_galactonate_mut3.qcfilt.bin1.fastq', '../../../data/sortseq_raw/20160707_purT_xylE_dgoR/seq/dgor/20160710_dgoR_MG1655_galactonate_mut3.qcfilt.bin2.fastq', '../../../data/sortseq_raw/20160707_purT_xylE_dgoR/seq/dgor/20160710_dgoR_MG1655_galactonate_mut3.qcfilt.bin3.fastq', '../../../data/sortseq_raw/20160707_purT_xylE_dgoR/seq/dgor/20160710_dgoR_MG1655_galactonate_mut3.qcfilt.bin4.fastq']"
20160707,dgoR,MG1655,M9galactonate,na,mut3,4,-149,T,0.0396832079442,0.0937810334008,-0.793325133664,-0.730177558248,"['../../../data/sortseq_raw/20160707_purT_xylE_dgoR/seq/dgor/20160710_dgoR_MG1655_galactonate_mut3.qcfilt.bin1.fastq', '../../../data/sortseq_raw/20160707_purT_xylE_dgoR/seq/dgor/20160710_dgoR_MG1655_galactonate_mut3.qcfilt.bin2.fastq', '../../../data/sortseq_raw/20160707_purT_xylE_dgoR/seq/dgor/20160710_dgoR_MG1655_galactonate_mut3.qcfilt.bin3.fastq', '../../../data/sortseq_raw/20160707_purT_xylE_dgoR/seq/dgor/20160710_dgoR_MG1655_galactonate_mut3.qcfilt.bin4.fastq']"
20160707,dgoR,MG1655,M9galactonate,na,mut3,4,-148,G,0.026681361633,0.0817897442459,-0.668275103714,-0.573263262564,"['../../../data/sortseq_raw/20160707_purT_xylE_dgoR/seq/dgor/20160710_dgoR_MG1655_galactonate_mut3.qcfilt.bin1.fastq', '../../../data/sortseq_raw/20160707_purT_xylE_dgoR/seq/dgor/20160710_dgoR_MG1655_galactonate_mut3.qcfilt.bin2.fastq', '../../../data/sortseq_raw/20160707_purT_xylE_dgoR/seq/dgor/20160710_dgoR_MG1655_galactonate_mut3.qcfilt.bin3.fastq', '../../../data/sortseq_raw/20160707_purT_xylE_dgoR/seq/dgor/20160710_dgoR_MG1655_galactonate_mut3.qcfilt.bin4.fastq']"
20160707,dgoR,MG1655,M9galactonate,na,mut3,4,-147,A,0.021638590734,0.0915701521555,-0.492522810239,-0.406328987204,"['../../../data/sortseq_raw/20160707_purT_xylE_dgoR/seq/dgor/20160710_dgoR_MG1655_galactonate_mut3.qcfilt.bin1.fastq', '../../../data/sortseq_raw/20160707_purT_xylE_dgoR/seq/dgor/20160710_dgoR_MG1655_galactonate_mut3.qcfilt.bin2.fastq', '../../../data/sortseq_raw/20160707_purT_xylE_dgoR/seq/dgor/20160710_dgoR_MG1655_galactonate_mut3.qcfilt.bin3.fastq', '../../../data/sortseq_raw/20160707_purT_xylE_dgoR/seq/dgor/20160710_dgoR_MG1655_galactonate_mut3.qcfilt.bin4.fastq']"
20160707,dgoR,MG1655,M9galactonate,na,mut3,4,-146,T,0.0102812781177,0.080626763848,-0.310264041689,-0.320386526586,"['../../../data/sortseq_raw/20160707_purT_xylE_dgoR/seq/dgor/20160710_dgoR_MG1655_galactonate_mut3.qcfilt.bin1.fastq', '../../../data/sortseq_raw/20160707_purT_xylE_dgoR/seq/dgor/20160710_dgoR_MG1655_galactonate_mut3.qcfilt.bin2.fastq', '../../../data/sortseq_raw/20160707_purT_xylE_dgoR/seq/dgor/20160710_dgoR_MG1655_galactonate_mut3.qcfilt.bin3.fastq', '../../../data/sortseq_raw/20160707_purT_xylE_dgoR/seq/dgor/20160710_dgoR_MG1655_galactonate_mut3.qcfilt.bin4.fastq']"
20160707,dgoR,MG1655,M9galactonate,na,mut3,4,-145,C,0.0139959049921,0.0947849332437,-0.35333793979,-0.398794549919,"['../../../data/sortseq_raw/20160707_purT_xylE_dgoR/seq/dgor/20160710_dgoR_MG1655_galactonate_mut3.qcfilt.bin1.fastq', '../../../data/sortseq_raw/20160707_purT_xylE_dgoR/seq/dgor/20160710_dgoR_MG1655_galactonate_mut3.qcfilt.bin2.fastq', '../../../data/sortseq_raw/20160707_purT_xylE_dgoR/seq/dgor/20160710_dgoR_MG1655_galactonate_mut3.qcfilt.bin3.fastq', '../../../data/sortseq_raw/20160707_purT_xylE_dgoR/seq/dgor/20160710_dgoR_MG1655_galactonate_mut3.qcfilt.bin4.fastq']"
20160707,dgoR,MG1655,M9galactonate,na,mut3,4,-144,T,0.0136183219187,0.0874990438243,-0.469522493514,-0.524852620239,"['../../../data/sortseq_raw/20160707_purT_xylE_dgoR/seq/dgor/20160710_dgoR_MG1655_galactonate_mut3.qcfilt.bin1.fastq', '../../../data/sortseq_raw/20160707_purT_xylE_dgoR/seq/dgor/20160710_dgoR_MG1655_galactonate_mut3.qcfilt.bin2.fastq', '../../../data/sortseq_raw/20160707_purT_xylE_dgoR/seq/dgor/20160710_dgoR_MG1655_galactonate_mut3.qcfilt.bin3.fastq', '../../../data/sortseq_raw/20160707_purT_xylE_dgoR/seq/dgor/20160710_dgoR_MG1655_galactonate_mut3.qcfilt.bin4.fastq']"
20160707,dgoR,MG1655,M9galactonate,na,mut3,4,-143,A,0.0254046561854,0.104516601579,-0.581993297591,-0.205536912687,"['../../../data/sortseq_raw/20160707_purT_xylE_dgoR/seq/dgor/20160710_dgoR_MG1655_galactonate_mut3.qcfilt.bin1.fastq', '../../../data/sortseq_raw/20160707_purT_xylE_dgoR/seq/dgor/20160710_dgoR_MG1655_galactonate_mut3.qcfilt.bin2.fastq', '../../../data/sortseq_raw/20160707_purT_xylE_dgoR/seq/dgor/20160710_dgoR_MG1655_galactonate_mut3.qcfilt.bin3.fastq', '../../../data/sortseq_raw/20160707_purT_xylE_dgoR/seq/dgor/20160710_dgoR_MG1655_galactonate_mut3.qcfilt.bin4.fastq']"
20160707,dgoR,MG1655,M9galactonate,na,mut3,4,-142,A,0.00574213399927,0.0878232973811,0.207493211614,-0.0755024587689,"['../../../data/sortseq_raw/20160707_purT_xylE_dgoR/seq/dgor/20160710_dgoR_MG1655_galactonate_mut3.qcfilt.bin1.fastq', '../../../data/sortseq_raw/20160707_purT_xylE_dgoR/seq/dgor/20160710_dgoR_MG1655_galactonate_mut3.qcfilt.bin2.fastq', '../../../data/sortseq_raw/20160707_purT_xylE_dgoR/seq/dgor/20160710_dgoR_MG1655_galactonate_mut3.qcfilt.bin3.fastq', '../../../data/sortseq_raw/20160707_purT_xylE_dgoR/seq/dgor/20160710_dgoR_MG1655_galactonate_mut3.qcfilt.bin4.fastq']"
20160707,dgoR,MG1655,M9galactonate,na,mut3,4,-141,A,0.0102864043156,0.0978122023586,-0.345659206547,-0.112773597269,"['../../../data/sortseq_raw/20160707_purT_xylE_dgoR/seq/dgor/20160710_dgoR_MG1655_galactonate_mut3.qcfilt.bin1.fastq', '../../../data/sortseq_raw/20160707_purT_xylE_dgoR/seq/dgor/20160710_dgoR_MG1655_galactonate_mut3.qcfilt.bin2.fastq', '../../../data/sortseq_raw/20160707_purT_xylE_dgoR/seq/dgor/20160710_dgoR_MG1655_galactonate_mut3.qcfilt.bin3.fastq', '../../../data/sortseq_raw/20160707_purT_xylE_dgoR/seq/dgor/20160710_dgoR_MG1655_galactonate_mut3.qcfilt.bin4.fastq']"
20160707,dgoR,MG1655,M9galactonate,na,mut3,4,-140,T,0.00515795480449,0.0659080893478,0.224101661793,-0.124660536556,"['../../../data/sortseq_raw/20160707_purT_xylE_dgoR/seq/dgor/20160710_dgoR_MG1655_galactonate_mut3.qcfilt.bin1.fastq', '../../../data/sortseq_raw/20160707_purT_xylE_dgoR/seq/dgor/20160710_dgoR_MG1655_galactonate_mut3.qcfilt.bin2.fastq', '../../../data/sortseq_raw/20160707_purT_xylE_dgoR/seq/dgor/20160710_dgoR_MG1655_galactonate_mut3.qcfilt.bin3.fastq', '../../../data/sortseq_raw/20160707_purT_xylE_dgoR/seq/dgor/20160710_dgoR_MG1655_galactonate_mut3.qcfilt.bin4.fastq']"
20160707,dgoR,MG1655,M9galactonate,na,mut3,4,-139,T,0.0185530474498,0.0959269285471,-0.397119416403,-0.27016277235,"['../../../data/sortseq_raw/20160707_purT_xylE_dgoR/seq/dgor/20160710_dgoR_MG1655_galactonate_mut3.qcfilt.bin1.fastq', '../../../data/sortseq_raw/20160707_purT_xylE_dgoR/seq/dgor/20160710_dgoR_MG1655_galactonate_mut3.qcfilt.bin2.fastq', '../../../data/sortseq_raw/20160707_purT_xylE_dgoR/seq/dgor/20160710_dgoR_MG1655_galactonate_mut3.qcfilt.bin3.fastq', '../../../data/sortseq_raw/20160707_purT_xylE_dgoR/seq/dgor/20160710_dgoR_MG1655_galactonate_mut3.qcfilt.bin4.fastq']"
20160707,dgoR,MG1655,M9galactonate,na,mut3,4,-138,G,0.00502348106959,0.0700292911303,-0.117254608051,-0.29201399086,"['../../../data/sortseq_raw/20160707_purT_xylE_dgoR/seq/dgor/20160710_dgoR_MG1655_galactonate_mut3.qcfilt.bin1.fastq', '../../../data/sortseq_raw/20160707_purT_xylE_dgoR/seq/dgor/20160710_dgoR_MG1655_galactonate_mut3.qcfilt.bin2.fastq', '../../../data/sortseq_raw/20160707_purT_xylE_dgoR/seq/dgor/20160710_dgoR_MG1655_galactonate_mut3.qcfilt.bin3.fastq', '../../../data/sortseq_raw/20160707_purT_xylE_dgoR/seq/dgor/20160710_dgoR_MG1655_galactonate_mut3.qcfilt.bin4.fastq']"
20160707,dgoR,MG1655,M9galactonate,na,mut3,4,-137,T,0.0127389836632,0.0897931885091,-0.435285888931,-0.329452353228,"['../../../data/sortseq_raw/20160707_purT_xylE_dgoR/seq/dgor/20160710_dgoR_MG1655_galactonate_mut3.qcfilt.bin1.fastq', '../../../data/sortseq_raw/20160707_purT_xylE_dgoR/seq/dgor/20160710_dgoR_MG1655_galactonate_mut3.qcfilt.bin2.fastq', '../../../data/sortseq_raw/20160707_purT_xylE_dgoR/seq/dgor/20160710_dgoR_MG1655_galactonate_mut3.qcfilt.bin3.fastq', '../../../data/sortseq_raw/20160707_purT_xylE_dgoR/seq/dgor/20160710_dgoR_MG1655_galactonate_mut3.qcfilt.bin4.fastq']"
20160707,dgoR,MG1655,M9galactonate,na,mut3,4,-136,A,0.0174700297456,0.0987003457125,-0.259385612816,-0.293019508375,"['../../../data/sortseq_raw/20160707_purT_xylE_dgoR/seq/dgor/20160710_dgoR_MG1655_galactonate_mut3.qcfilt.bin1.fastq', '../../../data/sortseq_raw/20160707_purT_xylE_dgoR/seq/dgor/20160710_dgoR_MG1655_galactonate_mut3.qcfilt.bin2.fastq', '../../../data/sortseq_raw/20160707_purT_xylE_dgoR/seq/dgor/20160710_dgoR_MG1655_galactonate_mut3.qcfilt.bin3.fastq', '../../../data/sortseq_raw/20160707_purT_xylE_dgoR/seq/dgor/20160710_dgoR_MG1655_galactonate_mut3.qcfilt.bin4.fastq']"
20160707,dgoR,MG1655,M9galactonate,na,mut3,4,-135,G,0.00809509184661,0.0717805311124,-0.359825122569,-0.303264552622,"['../../../data/sortseq_raw/20160707_purT_xylE_dgoR/seq/dgor/20160710_dgoR_MG1655_galactonate_mut3.qcfilt.bin1.fastq', '../../../data/sortseq_raw/20160707_purT_xylE_dgoR/seq/dgor/20160710_dgoR_MG1655_galactonate_mut3.qcfilt.bin2.fastq', '../../../data/sortseq_raw/20160707_purT_xylE_dgoR/seq/dgor/20160710_dgoR_MG1655_galactonate_mut3.qcfilt.bin3.fastq', '../../../data/sortseq_raw/20160707_purT_xylE_dgoR/seq/dgor/20160710_dgoR_MG1655_galactonate_mut3.qcfilt.bin4.fastq']"
20160707,dgoR,MG1655,M9galactonate,na,mut3,4,-134,T,0.00464086364841,0.0811249906075,-0.26950230209,-0.321633506474,"['../../../data/sortseq_raw/20160707_purT_xylE_dgoR/seq/dgor/20160710_dgoR_MG1655_galactonate_mut3.qcfilt.bin1.fastq', '../../../data/sortseq_raw/20160707_purT_xylE_dgoR/seq/dgor/20160710_dgoR_MG1655_galactonate_mut3.qcfilt.bin2.fastq', '../../../data/sortseq_raw/20160707_purT_xylE_dgoR/seq/dgor/20160710_dgoR_MG1655_galactonate_mut3.qcfilt.bin3.fastq', '../../../data/sortseq_raw/20160707_purT_xylE_dgoR/seq/dgor/20160710_dgoR_MG1655_galactonate_mut3.qcfilt.bin4.fastq']"
20160707,dgoR,MG1655,M9galactonate,na,mut3,4,-133,A,0.0100004291879,0.100079946441,-0.383392829011,-0.152138889579,"['../../../data/sortseq_raw/20160707_purT_xylE_dgoR/seq/dgor/20160710_dgoR_MG1655_galactonate_mut3.qcfilt.bin1.fastq', '../../../data/sortseq_raw/20160707_purT_xylE_dgoR/seq/dgor/20160710_dgoR_MG1655_galactonate_mut3.qcfilt.bin2.fastq', '../../../data/sortseq_raw/20160707_purT_xylE_dgoR/seq/dgor/20160710_dgoR_MG1655_galactonate_mut3.qcfilt.bin3.fastq', '../../../data/sortseq_raw/20160707_purT_xylE_dgoR/seq/dgor/20160710_dgoR_MG1655_galactonate_mut3.qcfilt.bin4.fastq']"
20160707,dgoR,MG1655,M9galactonate,na,mut3,4,-132,C,0.00527782142184,0.0807519974764,0.120852528889,0.062285946741,"['../../../data/sortseq_raw/20160707_purT_xylE_dgoR/seq/dgor/20160710_dgoR_MG1655_galactonate_mut3.qcfilt.bin1.fastq', '../../../data/sortseq_raw/20160707_purT_xylE_dgoR/seq/dgor/20160710_dgoR_MG1655_galactonate_mut3.qcfilt.bin2.fastq', '../../../data/sortseq_raw/20160707_purT_xylE_dgoR/seq/dgor/20160710_dgoR_MG1655_galactonate_mut3.qcfilt.bin3.fastq', '../../../data/sortseq_raw/20160707_purT_xylE_dgoR/seq/dgor/20160710_dgoR_MG1655_galactonate_mut3.qcfilt.bin4.fastq']"
20160707,dgoR,MG1655,M9galactonate,na,mut3,4,-131,A,0.0084753761589,0.092639715036,0.014868070176,-0.0472610185046,"['../../../data/sortseq_raw/20160707_purT_xylE_dgoR/seq/dgor/20160710_dgoR_MG1655_galactonate_mut3.qcfilt.bin1.fastq', '../../../data/sortseq_raw/20160707_purT_xylE_dgoR/seq/dgor/20160710_dgoR_MG1655_galactonate_mut3.qcfilt.bin2.fastq', '../../../data/sortseq_raw/20160707_purT_xylE_dgoR/seq/dgor/20160710_dgoR_MG1655_galactonate_mut3.qcfilt.bin3.fastq', '../../../data/sortseq_raw/20160707_purT_xylE_dgoR/seq/dgor/20160710_dgoR_MG1655_galactonate_mut3.qcfilt.bin4.fastq']"
20160707,dgoR,MG1655,M9galactonate,na,mut3,4,-130,A,0.00123833763377,0.0980606387998,-0.1338947274,-0.0763203437269,"['../../../data/sortseq_raw/20160707_purT_xylE_dgoR/seq/dgor/20160710_dgoR_MG1655_galactonate_mut3.qcfilt.bin1.fastq', '../../../data/sortseq_raw/20160707_purT_xylE_dgoR/seq/dgor/20160710_dgoR_MG1655_galactonate_mut3.qcfilt.bin2.fastq', '../../../data/sortseq_raw/20160707_purT_xylE_dgoR/seq/dgor/20160710_dgoR_MG1655_galactonate_mut3.qcfilt.bin3.fastq', '../../../data/sortseq_raw/20160707_purT_xylE_dgoR/seq/dgor/20160710_dgoR_MG1655_galactonate_mut3.qcfilt.bin4.fastq']"
20160707,dgoR,MG1655,M9galactonate,na,mut3,4,-129,C,0.00872961099294,0.0841522597224,0.0106046605739,-0.00367050851818,"['../../../data/sortseq_raw/20160707_purT_xylE_dgoR/seq/dgor/20160710_dgoR_MG1655_galactonate_mut3.qcfilt.bin1.fastq', '../../../data/sortseq_raw/20160707_purT_xylE_dgoR/seq/dgor/20160710_dgoR_MG1655_galactonate_mut3.qcfilt.bin2.fastq', '../../../data/sortseq_raw/20160707_purT_xylE_dgoR/seq/dgor/20160710_dgoR_MG1655_galactonate_mut3.qcfilt.bin3.fastq', '../../../data/sortseq_raw/20160707_purT_xylE_dgoR/seq/dgor/20160710_dgoR_MG1655_galactonate_mut3.qcfilt.bin4.fastq']"
20160707,dgoR,MG1655,M9galactonate,na,mut3,4,-128,A,0.000257978442202,0.0879309306077,-0.0126194016133,0.0281232273925,"['../../../data/sortseq_raw/20160707_purT_xylE_dgoR/seq/dgor/20160710_dgoR_MG1655_galactonate_mut3.qcfilt.bin1.fastq', '../../../data/sortseq_raw/20160707_purT_xylE_dgoR/seq/dgor/20160710_dgoR_MG1655_galactonate_mut3.qcfilt.bin2.fastq', '../../../data/sortseq_raw/20160707_purT_xylE_dgoR/seq/dgor/20160710_dgoR_MG1655_galactonate_mut3.qcfilt.bin3.fastq', '../../../data/sortseq_raw/20160707_purT_xylE_dgoR/seq/dgor/20160710_dgoR_MG1655_galactonate_mut3.qcfilt.bin4.fastq']"
20160707,dgoR,MG1655,M9galactonate,na,mut3,4,-127,A,0.000494139660857,0.0893761943734,0.0640943786409,-0.0337396622444,"['../../../data/sortseq_raw/20160707_purT_xylE_dgoR/seq/dgor/20160710_dgoR_MG1655_galactonate_mut3.qcfilt.bin1.fastq', '../../../data/sortseq_raw/20160707_purT_xylE_dgoR/seq/dgor/20160710_dgoR_MG1655_galactonate_mut3.qcfilt.bin2.fastq', '../../../data/sortseq_raw/20160707_purT_xylE_dgoR/seq/dgor/20160710_dgoR_MG1655_galactonate_mut3.qcfilt.bin3.fastq', '../../../data/sortseq_raw/20160707_purT_xylE_dgoR/seq/dgor/20160710_dgoR_MG1655_galactonate_mut3.qcfilt.bin4.fastq']"
20160707,dgoR,MG1655,M9galactonate,na,mut3,4,-126,T,0.00151633646743,0.0804839298177,-0.137868994181,-0.116869053134,"['../../../data/sortseq_raw/20160707_purT_xylE_dgoR/seq/dgor/20160710_dgoR_MG1655_galactonate_mut3.qcfilt.bin1.fastq', '../../../data/sortseq_raw/20160707_purT_xylE_dgoR/seq/dgor/20160710_dgoR_MG1655_galactonate_mut3.qcfilt.bin2.fastq', '../../../data/sortseq_raw/20160707_purT_xylE_dgoR/seq/dgor/20160710_dgoR_MG1655_galactonate_mut3.qcfilt.bin3.fastq', '../../../data/sortseq_raw/20160707_purT_xylE_dgoR/seq/dgor/20160710_dgoR_MG1655_galactonate_mut3.qcfilt.bin4.fastq']"
20160707,dgoR,MG1655,M9galactonate,na,mut3,4,-125,A,0.00148830928855,0.0934439180119,-0.093144007496,-0.0765630567965,"['../../../data/sortseq_raw/20160707_purT_xylE_dgoR/seq/dgor/20160710_dgoR_MG1655_galactonate_mut3.qcfilt.bin1.fastq', '../../../data/sortseq_raw/20160707_purT_xylE_dgoR/seq/dgor/20160710_dgoR_MG1655_galactonate_mut3.qcfilt.bin2.fastq', '../../../data/sortseq_raw/20160707_purT_xylE_dgoR/seq/dgor/20160710_dgoR_MG1655_galactonate_mut3.qcfilt.bin3.fastq', '../../../data/sortseq_raw/20160707_purT_xylE_dgoR/seq/dgor/20160710_dgoR_MG1655_galactonate_mut3.qcfilt.bin4.fastq']"
20160707,dgoR,MG1655,M9galactonate,na,mut3,4,-124,T,0.000346716083469,0.0736292502432,-0.0599450410895,-0.0437848124315,"['../../../data/sortseq_raw/20160707_purT_xylE_dgoR/seq/dgor/20160710_dgoR_MG1655_galactonate_mut3.qcfilt.bin1.fastq', '../../../data/sortseq_raw/20160707_purT_xylE_dgoR/seq/dgor/20160710_dgoR_MG1655_galactonate_mut3.qcfilt.bin2.fastq', '../../../data/sortseq_raw/20160707_purT_xylE_dgoR/seq/dgor/20160710_dgoR_MG1655_galactonate_mut3.qcfilt.bin3.fastq', '../../../data/sortseq_raw/20160707_purT_xylE_dgoR/seq/dgor/20160710_dgoR_MG1655_galactonate_mut3.qcfilt.bin4.fastq']"
20160707,dgoR,MG1655,M9galactonate,na,mut3,4,-123,A,9.91080397097e-05,0.0905337592631,-0.0295419769114,-0.0612869896653,"['../../../data/sortseq_raw/20160707_purT_xylE_dgoR/seq/dgor/20160710_dgoR_MG1655_galactonate_mut3.qcfilt.bin1.fastq', '../../../data/sortseq_raw/20160707_purT_xylE_dgoR/seq/dgor/20160710_dgoR_MG1655_galactonate_mut3.qcfilt.bin2.fastq', '../../../data/sortseq_raw/20160707_purT_xylE_dgoR/seq/dgor/20160710_dgoR_MG1655_galactonate_mut3.qcfilt.bin3.fastq', '../../../data/sortseq_raw/20160707_purT_xylE_dgoR/seq/dgor/20160710_dgoR_MG1655_galactonate_mut3.qcfilt.bin4.fastq']"
20160707,dgoR,MG1655,M9galactonate,na,mut3,4,-122,A,0.00062430444032,0.0880040399692,-0.0992098677587,-0.0509624115156,"['../../../data/sortseq_raw/20160707_purT_xylE_dgoR/seq/dgor/20160710_dgoR_MG1655_galactonate_mut3.qcfilt.bin1.fastq', '../../../data/sortseq_raw/20160707_purT_xylE_dgoR/seq/dgor/20160710_dgoR_MG1655_galactonate_mut3.qcfilt.bin2.fastq', '../../../data/sortseq_raw/20160707_purT_xylE_dgoR/seq/dgor/20160710_dgoR_MG1655_galactonate_mut3.qcfilt.bin3.fastq', '../../../data/sortseq_raw/20160707_purT_xylE_dgoR/seq/dgor/20160710_dgoR_MG1655_galactonate_mut3.qcfilt.bin4.fastq']"
20160707,dgoR,MG1655,M9galactonate,na,mut3,4,-121,G,0.000151750174163,0.0755294167024,0.0016620718914,-0.0733989672708,"['../../../data/sortseq_raw/20160707_purT_xylE_dgoR/seq/dgor/20160710_dgoR_MG1655_galactonate_mut3.qcfilt.bin1.fastq', '../../../data/sortseq_raw/20160707_purT_xylE_dgoR/seq/dgor/20160710_dgoR_MG1655_galactonate_mut3.qcfilt.bin2.fastq', '../../../data/sortseq_raw/20160707_purT_xylE_dgoR/seq/dgor/20160710_dgoR_MG1655_galactonate_mut3.qcfilt.bin3.fastq', '../../../data/sortseq_raw/20160707_purT_xylE_dgoR/seq/dgor/20160710_dgoR_MG1655_galactonate_mut3.qcfilt.bin4.fastq']"
20160707,dgoR,MG1655,M9galactonate,na,mut3,4,-120,T,0.00173801065856,0.0700089829743,-0.155665849009,-0.193301549102,"['../../../data/sortseq_raw/20160707_purT_xylE_dgoR/seq/dgor/20160710_dgoR_MG1655_galactonate_mut3.qcfilt.bin1.fastq', '../../../data/sortseq_raw/20160707_purT_xylE_dgoR/seq/dgor/20160710_dgoR_MG1655_galactonate_mut3.qcfilt.bin2.fastq', '../../../data/sortseq_raw/20160707_purT_xylE_dgoR/seq/dgor/20160710_dgoR_MG1655_galactonate_mut3.qcfilt.bin3.fastq', '../../../data/sortseq_raw/20160707_purT_xylE_dgoR/seq/dgor/20160710_dgoR_MG1655_galactonate_mut3.qcfilt.bin4.fastq']"
20160707,dgoR,MG1655,M9galactonate,na,mut3,4,-119,T,0.00268349256237,0.0758482547509,-0.234904297378,-0.366141641925,"['../../../data/sortseq_raw/20160707_purT_xylE_dgoR/seq/dgor/20160710_dgoR_MG1655_galactonate_mut3.qcfilt.bin1.fastq', '../../../data/sortseq_raw/20160707_purT_xylE_dgoR/seq/dgor/20160710_dgoR_MG1655_galactonate_mut3.qcfilt.bin2.fastq', '../../../data/sortseq_raw/20160707_purT_xylE_dgoR/seq/dgor/20160710_dgoR_MG1655_galactonate_mut3.qcfilt.bin3.fastq', '../../../data/sortseq_raw/20160707_purT_xylE_dgoR/seq/dgor/20160710_dgoR_MG1655_galactonate_mut3.qcfilt.bin4.fastq']"
20160707,dgoR,MG1655,M9galactonate,na,mut3,4,-118,T,0.0156486357872,0.0851663136432,-0.512394697103,-0.444952252223,"['../../../data/sortseq_raw/20160707_purT_xylE_dgoR/seq/dgor/20160710_dgoR_MG1655_galactonate_mut3.qcfilt.bin1.fastq', '../../../data/sortseq_raw/20160707_purT_xylE_dgoR/seq/dgor/20160710_dgoR_MG1655_galactonate_mut3.qcfilt.bin2.fastq', '../../../data/sortseq_raw/20160707_purT_xylE_dgoR/seq/dgor/20160710_dgoR_MG1655_galactonate_mut3.qcfilt.bin3.fastq', '../../../data/sortseq_raw/20160707_purT_xylE_dgoR/seq/dgor/20160710_dgoR_MG1655_galactonate_mut3.qcfilt.bin4.fastq']"
20160707,dgoR,MG1655,M9galactonate,na,mut3,4,-117,G,0.0125219096128,0.0719775202252,-0.389435056348,-0.35932906478,"['../../../data/sortseq_raw/20160707_purT_xylE_dgoR/seq/dgor/20160710_dgoR_MG1655_galactonate_mut3.qcfilt.bin1.fastq', '../../../data/sortseq_raw/20160707_purT_xylE_dgoR/seq/dgor/20160710_dgoR_MG1655_galactonate_mut3.qcfilt.bin2.fastq', '../../../data/sortseq_raw/20160707_purT_xylE_dgoR/seq/dgor/20160710_dgoR_MG1655_galactonate_mut3.qcfilt.bin3.fastq', '../../../data/sortseq_raw/20160707_purT_xylE_dgoR/seq/dgor/20160710_dgoR_MG1655_galactonate_mut3.qcfilt.bin4.fastq']"
20160707,dgoR,MG1655,M9galactonate,na,mut3,4,-116,T,0.00723325305066,0.0829879254474,-0.352669672671,-0.180638475872,"['../../../data/sortseq_raw/20160707_purT_xylE_dgoR/seq/dgor/20160710_dgoR_MG1655_galactonate_mut3.qcfilt.bin1.fastq', '../../../data/sortseq_raw/20160707_purT_xylE_dgoR/seq/dgor/20160710_dgoR_MG1655_galactonate_mut3.qcfilt.bin2.fastq', '../../../data/sortseq_raw/20160707_purT_xylE_dgoR/seq/dgor/20160710_dgoR_MG1655_galactonate_mut3.qcfilt.bin3.fastq', '../../../data/sortseq_raw/20160707_purT_xylE_dgoR/seq/dgor/20160710_dgoR_MG1655_galactonate_mut3.qcfilt.bin4.fastq']"
20160707,dgoR,MG1655,M9galactonate,na,mut3,4,-115,A,0.0175057529972,0.101848109886,-0.0510686249783,0.00186051119899,"['../../../data/sortseq_raw/20160707_purT_xylE_dgoR/seq/dgor/20160710_dgoR_MG1655_galactonate_mut3.qcfilt.bin1.fastq', '../../../data/sortseq_raw/20160707_purT_xylE_dgoR/seq/dgor/20160710_dgoR_MG1655_galactonate_mut3.qcfilt.bin2.fastq', '../../../data/sortseq_raw/20160707_purT_xylE_dgoR/seq/dgor/20160710_dgoR_MG1655_galactonate_mut3.qcfilt.bin3.fastq', '../../../data/sortseq_raw/20160707_purT_xylE_dgoR/seq/dgor/20160710_dgoR_MG1655_galactonate_mut3.qcfilt.bin4.fastq']"
20160707,dgoR,MG1655,M9galactonate,na,mut3,4,-114,C,0.00355154188571,0.103308266299,0.0635200342536,-0.399142706844,"['../../../data/sortseq_raw/20160707_purT_xylE_dgoR/seq/dgor/20160710_dgoR_MG1655_galactonate_mut3.qcfilt.bin1.fastq', '../../../data/sortseq_raw/20160707_purT_xylE_dgoR/seq/dgor/20160710_dgoR_MG1655_galactonate_mut3.qcfilt.bin2.fastq', '../../../data/sortseq_raw/20160707_purT_xylE_dgoR/seq/dgor/20160710_dgoR_MG1655_galactonate_mut3.qcfilt.bin3.fastq', '../../../data/sortseq_raw/20160707_purT_xylE_dgoR/seq/dgor/20160710_dgoR_MG1655_galactonate_mut3.qcfilt.bin4.fastq']"
20160707,dgoR,MG1655,M9galactonate,na,mut3,4,-113,T,0.0582166096018,0.0986752989868,-0.927243381523,-0.971763921605,"['../../../data/sortseq_raw/20160707_purT_xylE_dgoR/seq/dgor/20160710_dgoR_MG1655_galactonate_mut3.qcfilt.bin1.fastq', '../../../data/sortseq_raw/20160707_purT_xylE_dgoR/seq/dgor/20160710_dgoR_MG1655_galactonate_mut3.qcfilt.bin2.fastq', '../../../data/sortseq_raw/20160707_purT_xylE_dgoR/seq/dgor/20160710_dgoR_MG1655_galactonate_mut3.qcfilt.bin3.fastq', '../../../data/sortseq_raw/20160707_purT_xylE_dgoR/seq/dgor/20160710_dgoR_MG1655_galactonate_mut3.qcfilt.bin4.fastq']"
20160707,dgoR,MG1655,M9galactonate,na,mut3,4,-112,A,0.0993257206547,0.138142169277,-1.00238752047,-0.59955369126,"['../../../data/sortseq_raw/20160707_purT_xylE_dgoR/seq/dgor/20160710_dgoR_MG1655_galactonate_mut3.qcfilt.bin1.fastq', '../../../data/sortseq_raw/20160707_purT_xylE_dgoR/seq/dgor/20160710_dgoR_MG1655_galactonate_mut3.qcfilt.bin2.fastq', '../../../data/sortseq_raw/20160707_purT_xylE_dgoR/seq/dgor/20160710_dgoR_MG1655_galactonate_mut3.qcfilt.bin3.fastq', '../../../data/sortseq_raw/20160707_purT_xylE_dgoR/seq/dgor/20160710_dgoR_MG1655_galactonate_mut3.qcfilt.bin4.fastq']"
20160707,dgoR,MG1655,M9galactonate,na,mut3,4,-111,C,0.00507595683153,0.0841211205499,0.00815474241655,-0.274686792423,"['../../../data/sortseq_raw/20160707_purT_xylE_dgoR/seq/dgor/20160710_dgoR_MG1655_galactonate_mut3.qcfilt.bin1.fastq', '../../../data/sortseq_raw/20160707_purT_xylE_dgoR/seq/dgor/20160710_dgoR_MG1655_galactonate_mut3.qcfilt.bin2.fastq', '../../../data/sortseq_raw/20160707_purT_xylE_dgoR/seq/dgor/20160710_dgoR_MG1655_galactonate_mut3.qcfilt.bin3.fastq', '../../../data/sortseq_raw/20160707_purT_xylE_dgoR/seq/dgor/20160710_dgoR_MG1655_galactonate_mut3.qcfilt.bin4.fastq']"
20160707,dgoR,MG1655,M9galactonate,na,mut3,4,-110,A,0.0205253424587,0.109359419837,-0.50810361874,-0.13845163804,"['../../../data/sortseq_raw/20160707_purT_xylE_dgoR/seq/dgor/20160710_dgoR_MG1655_galactonate_mut3.qcfilt.bin1.fastq', '../../../data/sortseq_raw/20160707_purT_xylE_dgoR/seq/dgor/20160710_dgoR_MG1655_galactonate_mut3.qcfilt.bin2.fastq', '../../../data/sortseq_raw/20160707_purT_xylE_dgoR/seq/dgor/20160710_dgoR_MG1655_galactonate_mut3.qcfilt.bin3.fastq', '../../../data/sortseq_raw/20160707_purT_xylE_dgoR/seq/dgor/20160710_dgoR_MG1655_galactonate_mut3.qcfilt.bin4.fastq']"
20160707,dgoR,MG1655,M9galactonate,na,mut3,4,-109,T,0.0114032819425,0.0822446469393,0.350751278639,-0.332506006061,"['../../../data/sortseq_raw/20160707_purT_xylE_dgoR/seq/dgor/20160710_dgoR_MG1655_galactonate_mut3.qcfilt.bin1.fastq', '../../../data/sortseq_raw/20160707_purT_xylE_dgoR/seq/dgor/20160710_dgoR_MG1655_galactonate_mut3.qcfilt.bin2.fastq', '../../../data/sortseq_raw/20160707_purT_xylE_dgoR/seq/dgor/20160710_dgoR_MG1655_galactonate_mut3.qcfilt.bin3.fastq', '../../../data/sortseq_raw/20160707_purT_xylE_dgoR/seq/dgor/20160710_dgoR_MG1655_galactonate_mut3.qcfilt.bin4.fastq']"
20160707,dgoR,MG1655,M9galactonate,na,mut3,4,-108,T,0.0613566356109,0.095967544859,-0.964810244503,-0.624428214363,"['../../../data/sortseq_raw/20160707_purT_xylE_dgoR/seq/dgor/20160710_dgoR_MG1655_galactonate_mut3.qcfilt.bin1.fastq', '../../../data/sortseq_raw/20160707_purT_xylE_dgoR/seq/dgor/20160710_dgoR_MG1655_galactonate_mut3.qcfilt.bin2.fastq', '../../../data/sortseq_raw/20160707_purT_xylE_dgoR/seq/dgor/20160710_dgoR_MG1655_galactonate_mut3.qcfilt.bin3.fastq', '../../../data/sortseq_raw/20160707_purT_xylE_dgoR/seq/dgor/20160710_dgoR_MG1655_galactonate_mut3.qcfilt.bin4.fastq']"
20160707,dgoR,MG1655,M9galactonate,na,mut3,4,-107,A,0.0104249916989,0.108224870857,-0.355796869216,-0.0978854685779,"['../../../data/sortseq_raw/20160707_purT_xylE_dgoR/seq/dgor/20160710_dgoR_MG1655_galactonate_mut3.qcfilt.bin1.fastq', '../../../data/sortseq_raw/20160707_purT_xylE_dgoR/seq/dgor/20160710_dgoR_MG1655_galactonate_mut3.qcfilt.bin2.fastq', '../../../data/sortseq_raw/20160707_purT_xylE_dgoR/seq/dgor/20160710_dgoR_MG1655_galactonate_mut3.qcfilt.bin3.fastq', '../../../data/sortseq_raw/20160707_purT_xylE_dgoR/seq/dgor/20160710_dgoR_MG1655_galactonate_mut3.qcfilt.bin4.fastq']"
20160707,dgoR,MG1655,M9galactonate,na,mut3,4,-106,C,0.00246411666919,0.0973478225257,0.191344077242,-2.51280801549,"['../../../data/sortseq_raw/20160707_purT_xylE_dgoR/seq/dgor/20160710_dgoR_MG1655_galactonate_mut3.qcfilt.bin1.fastq', '../../../data/sortseq_raw/20160707_purT_xylE_dgoR/seq/dgor/20160710_dgoR_MG1655_galactonate_mut3.qcfilt.bin2.fastq', '../../../data/sortseq_raw/20160707_purT_xylE_dgoR/seq/dgor/20160710_dgoR_MG1655_galactonate_mut3.qcfilt.bin3.fastq', '../../../data/sortseq_raw/20160707_purT_xylE_dgoR/seq/dgor/20160710_dgoR_MG1655_galactonate_mut3.qcfilt.bin4.fastq']"
20160707,dgoR,MG1655,M9galactonate,na,mut3,4,-105,A,0.00248196876992,0.137302088558,-0.148134499017,-2.51280801549,"['../../../data/sortseq_raw/20160707_purT_xylE_dgoR/seq/dgor/20160710_dgoR_MG1655_galactonate_mut3.qcfilt.bin1.fastq', '../../../data/sortseq_raw/20160707_purT_xylE_dgoR/seq/dgor/20160710_dgoR_MG1655_galactonate_mut3.qcfilt.bin2.fastq', '../../../data/sortseq_raw/20160707_purT_xylE_dgoR/seq/dgor/20160710_dgoR_MG1655_galactonate_mut3.qcfilt.bin3.fastq', '../../../data/sortseq_raw/20160707_purT_xylE_dgoR/seq/dgor/20160710_dgoR_MG1655_galactonate_mut3.qcfilt.bin4.fastq']"
