# Sort-Seq primers for sequencing;
# rel, mar: each mutagenes
# lac, yebG, purT, dgoR, xylE: three mutagenesis windows sequenced together with PE150 Illuminais window sequences with SE100 Illumina
name,type,sequence,comments
lac_amprev_001,sequencing_primer,AAGCAGAAGACGGCATACGAGATCGGTCTCGGCATTCCTGCTGAACCGCTCTTCCG CAAA CCGTAATCATGGTCATAGCTG,
lac_ampfwd_001,sequencing_primer,AATGATACGGCGACCACCGAGATCT ACACTCTTTCCCTACACGACGCTCTTCCGATCT CAAA CGACAGGTTTCCCGACT,
rel_amprev_001,sequencing_primer,AAGCAGAAGACGGCATACGAGATCGGTCTCGGCATTCCTGCTGAACCGCTCTTCCGATCT GTCAATACGCAGGTTAATGCTAC,
rel_ampfwd_001,sequencing_primer,AATGATACGGCGACCACCGAGATCT ACACTCTTTCCCTACACGACGCTCTTCCGATCT CAAA CTACTTTCTGACTTCCTTCGTG,
rel_ampfwd_002,sequencing_primer,AATGATACGGCGACCACCGAGATCT ACACTCTTTCCCTACACGACGCTCTTCCGATCT CACC CTACTTTCTGACTTCCTTCGTG,
rel_ampfwd_003,sequencing_primer,AATGATACGGCGACCACCGAGATCT ACACTCTTTCCCTACACGACGCTCTTCCGATCT GAAC CTACTTTCTGACTTCCTTCGTG,
rel_ampfwd_004,sequencing_primer,AATGATACGGCGACCACCGAGATCT ACACTCTTTCCCTACACGACGCTCTTCCGATCT CCAC CTACTTTCTGACTTCCTTCGTG,
rel_ampfwd_006,sequencing_primer,AATGATACGGCGACCACCGAGATCT ACACTCTTTCCCTACACGACGCTCTTCCGATCT AGAC CTACTTTCTGACTTCCTTCGTG,
rel_ampfwd_007 ,sequencing_primer,AATGATACGGCGACCACCGAGATCT ACACTCTTTCCCTACACGACGCTCTTCCGATCT CAGG CTACTTTCTGACTTCCTTCGTG,
rel_ampfwd_008,sequencing_primer,AATGATACGGCGACCACCGAGATCT ACACTCTTTCCCTACACGACGCTCTTCCGATCT TAAG CTACTTTCTGACTTCCTTCGTG,
rel_ampfwd_009,sequencing_primer,AATGATACGGCGACCACCGAGATCT ACACTCTTTCCCTACACGACGCTCTTCCGATCT CGAG CTACTTTCTGACTTCCTTCGTG,
rel_ampfwd_010,sequencing_primer,AATGATACGGCGACCACCGAGATCT ACACTCTTTCCCTACACGACGCTCTTCCGATCT GTAG CTACTTTCTGACTTCCTTCGTG,
rel_ampfwd_011,sequencing_primer,AATGATACGGCGACCACCGAGATCT ACACTCTTTCCCTACACGACGCTCTTCCGATCT ACAG CTACTTTCTGACTTCCTTCGTG,
rel_ampfwd_012,sequencing_primer,AATGATACGGCGACCACCGAGATCT ACACTCTTTCCCTACACGACGCTCTTCCGATCT CATT CTACTTTCTGACTTCCTTCGTG,
rel_ampfwd_013,sequencing_primer,AATGATACGGCGACCACCGAGATCT ACACTCTTTCCCTACACGACGCTCTTCCGATCT AAAT CTACTTTCTGACTTCCTTCGTG,
rel_ampfwd_014,sequencing_primer,AATGATACGGCGACCACCGAGATCT ACACTCTTTCCCTACACGACGCTCTTCCGATCT CTAT CTACTTTCTGACTTCCTTCGTG,
rel_ampfwd_015,sequencing_primer,AATGATACGGCGACCACCGAGATCT ACACTCTTTCCCTACACGACGCTCTTCCGATCT GGAT CTACTTTCTGACTTCCTTCGTG,
rel_ampfwd_016,sequencing_primer,AATGATACGGCGACCACCGAGATCT ACACTCTTTCCCTACACGACGCTCTTCCGATCT TCAT CTACTTTCTGACTTCCTTCGTG,
rel_ampfwd_017,sequencing_primer,AATGATACGGCGACCACCGAGATCT ACACTCTTTCCCTACACGACGCTCTTCCGATCT GCAA CTACTTTCTGACTTCCTTCGTG,
rel_ampfwd_018,sequencing_primer,AATGATACGGCGACCACCGAGATCT ACACTCTTTCCCTACACGACGCTCTTCCGATCT CCCA CTACTTTCTGACTTCCTTCGTG,
rel_ampfwd_019,sequencing_primer,AATGATACGGCGACCACCGAGATCT ACACTCTTTCCCTACACGACGCTCTTCCGATCT GACA CTACTTTCTGACTTCCTTCGTG,
rel_ampfwd_020,sequencing_primer,AATGATACGGCGACCACCGAGATCT ACACTCTTTCCCTACACGACGCTCTTCCGATCT TTCA CTACTTTCTGACTTCCTTCGTG,
rel_ampfwd_021,sequencing_primer,AATGATACGGCGACCACCGAGATCT ACACTCTTTCCCTACACGACGCTCTTCCGATCT AGCA CTACTTTCTGACTTCCTTCGTG,
rel_ampfwd_022,sequencing_primer,AATGATACGGCGACCACCGAGATCT ACACTCTTTCCCTACACGACGCTCTTCCGATCT GCCC CTACTTTCTGACTTCCTTCGTG,
rel_ampfwd_023,sequencing_primer,AATGATACGGCGACCACCGAGATCT ACACTCTTTCCCTACACGACGCTCTTCCGATCT GCGG CTACTTTCTGACTTCCTTCGTG,
rel_ampfwd_024,sequencing_primer,AATGATACGGCGACCACCGAGATCT ACACTCTTTCCCTACACGACGCTCTTCCGATCT TCCG CTACTTTCTGACTTCCTTCGTG,
rel_ampfwd_025,sequencing_primer,AATGATACGGCGACCACCGAGATCT ACACTCTTTCCCTACACGACGCTCTTCCGATCT GGCG CTACTTTCTGACTTCCTTCGTG,
rel_ampfwd_026,sequencing_primer,AATGATACGGCGACCACCGAGATCT ACACTCTTTCCCTACACGACGCTCTTCCGATCT CTCG CTACTTTCTGACTTCCTTCGTG,
rel_ampfwd_027,sequencing_primer,AATGATACGGCGACCACCGAGATCT ACACTCTTTCCCTACACGACGCTCTTCCGATCT AACG CTACTTTCTGACTTCCTTCGTG,
rel_ampfwd_028,sequencing_primer,AATGATACGGCGACCACCGAGATCT ACACTCTTTCCCTACACGACGCTCTTCCGATCT GCTT CTACTTTCTGACTTCCTTCGTG,
rel_ampfwd_029,sequencing_primer,AATGATACGGCGACCACCGAGATCT ACACTCTTTCCCTACACGACGCTCTTCCGATCT ACCT CTACTTTCTGACTTCCTTCGTG,
rel_ampfwd_030,sequencing_primer,AATGATACGGCGACCACCGAGATCT ACACTCTTTCCCTACACGACGCTCTTCCGATCT GTCT CTACTTTCTGACTTCCTTCGTG,
mar_mut1_amplrev_001,sequencing_primer,AAGCAGAAGACGGCATACGAGATCGGTCTCGGCATTCCTGCTGAACCGCTCTTCCGATCT GAACAGATCGCTGGTACTTTT,
mar_mut1_amplfwd_001,sequencing_primer,AATGATACGGCGACCACCGAGATCT ACACTCTTTCCCTACACGACGCTCTTCCGATCT CAAA TGGCATCGGTCAATTCAT,
mar_mut1_amplfwd_002,sequencing_primer,AATGATACGGCGACCACCGAGATCT ACACTCTTTCCCTACACGACGCTCTTCCGATCT CACC TGGCATCGGTCAATTCAT,
mar_mut1_amplfwd_003,sequencing_primer,AATGATACGGCGACCACCGAGATCT ACACTCTTTCCCTACACGACGCTCTTCCGATCT GAAC TGGCATCGGTCAATTCAT,
mar_mut1_amplfwd_004,sequencing_primer,AATGATACGGCGACCACCGAGATCT ACACTCTTTCCCTACACGACGCTCTTCCGATCT CCAC TGGCATCGGTCAATTCAT,
mar_mut1_amplfwd_005 ,sequencing_primer,AATGATACGGCGACCACCGAGATCT ACACTCTTTCCCTACACGACGCTCTTCCGATCT TTAC TGGCATCGGTCAATTCAT,
mar_mut1_amplfwd_006,sequencing_primer,AATGATACGGCGACCACCGAGATCT ACACTCTTTCCCTACACGACGCTCTTCCGATCT AGAC TGGCATCGGTCAATTCAT,
mar_mut1_amplfwd_007,sequencing_primer,AATGATACGGCGACCACCGAGATCT ACACTCTTTCCCTACACGACGCTCTTCCGATCT CAGG TGGCATCGGTCAATTCAT,
mar_mut1_amplfwd_008,sequencing_primer,AATGATACGGCGACCACCGAGATCT ACACTCTTTCCCTACACGACGCTCTTCCGATCT TAAG TGGCATCGGTCAATTCAT,
mar_mut1_amplfwd_009,sequencing_primer,AATGATACGGCGACCACCGAGATCT ACACTCTTTCCCTACACGACGCTCTTCCGATCT CGAG TGGCATCGGTCAATTCAT,
mar_mut1_amplfwd_010,sequencing_primer,AATGATACGGCGACCACCGAGATCT ACACTCTTTCCCTACACGACGCTCTTCCGATCT GTAG TGGCATCGGTCAATTCAT,
mar_mut1_amplfwd_011,sequencing_primer,AATGATACGGCGACCACCGAGATCT ACACTCTTTCCCTACACGACGCTCTTCCGATCT ACAG TGGCATCGGTCAATTCAT,
mar_mut1_amplfwd_012,sequencing_primer,AATGATACGGCGACCACCGAGATCT ACACTCTTTCCCTACACGACGCTCTTCCGATCT CATT TGGCATCGGTCAATTCAT,
mar_mut2_amplrev_001,sequencing_primer,AAGCAGAAGACGGCATACGAGATCGGTCTCGGCATTCCTGCTGAACCGCTCTTCCGATCT CAGGGGATAATATTGCCCA,
mar_mut2_amplfwd_001,sequencing_primer,AATGATACGGCGACCACCGAGATCT ACACTCTTTCCCTACACGACGCTCTTCCGATCT CAAA TTTAGCTAGCCTTGCATCG,
mar_mut2_amplfwd_002,sequencing_primer,AATGATACGGCGACCACCGAGATCT ACACTCTTTCCCTACACGACGCTCTTCCGATCT CACC TTTAGCTAGCCTTGCATCG,
mar_mut2_amplfwd_003,sequencing_primer,AATGATACGGCGACCACCGAGATCT ACACTCTTTCCCTACACGACGCTCTTCCGATCT GAAC TTTAGCTAGCCTTGCATCG,
mar_mut2_amplfwd_004,sequencing_primer,AATGATACGGCGACCACCGAGATCT ACACTCTTTCCCTACACGACGCTCTTCCGATCT CCAC TTTAGCTAGCCTTGCATCG,
mar_mut2_amplfwd_005 ,sequencing_primer,AATGATACGGCGACCACCGAGATCT ACACTCTTTCCCTACACGACGCTCTTCCGATCT TTAC TTTAGCTAGCCTTGCATCG,
mar_mut2_amplfwd_006,sequencing_primer,AATGATACGGCGACCACCGAGATCT ACACTCTTTCCCTACACGACGCTCTTCCGATCT AGAC TTTAGCTAGCCTTGCATCG,
mar_mut2_amplfwd_007,sequencing_primer,AATGATACGGCGACCACCGAGATCT ACACTCTTTCCCTACACGACGCTCTTCCGATCT CAGG TTTAGCTAGCCTTGCATCG,
mar_mut2_amplfwd_008,sequencing_primer,AATGATACGGCGACCACCGAGATCT ACACTCTTTCCCTACACGACGCTCTTCCGATCT TAAG TTTAGCTAGCCTTGCATCG,
mar_mut2_amplfwd_009,sequencing_primer,AATGATACGGCGACCACCGAGATCT ACACTCTTTCCCTACACGACGCTCTTCCGATCT CGAG TTTAGCTAGCCTTGCATCG,
mar_mut2_amplfwd_010,sequencing_primer,AATGATACGGCGACCACCGAGATCT ACACTCTTTCCCTACACGACGCTCTTCCGATCT GTAG TTTAGCTAGCCTTGCATCG,
mar_mut2_amplfwd_011,sequencing_primer, AATGATACGGCGACCACCGAGATCT ACACTCTTTCCCTACACGACGCTCTTCCGATCT ACAG TTTAGCTAGCCTTGCATCG,
mar_mut2_amplfwd_012,sequencing_primer,AATGATACGGCGACCACCGAGATCT ACACTCTTTCCCTACACGACGCTCTTCCGATCT CATT TTTAGCTAGCCTTGCATCG,
purT_amplfwd_001,sequencing_primer,AATGATACGGCGACCACCGAGATCT ACACTCTTTCCCTACACGACGCTCTTCCGATCT CAAA GTCTTCACCTCGAGCTCAC,
purT_amplfwd_002,sequencing_primer,AATGATACGGCGACCACCGAGATCT ACACTCTTTCCCTACACGACGCTCTTCCGATCT CACC GTCTTCACCTCGAGCTCAC,
purT_amplfwd_003,sequencing_primer,AATGATACGGCGACCACCGAGATCT ACACTCTTTCCCTACACGACGCTCTTCCGATCT GAAC GTCTTCACCTCGAGCTCAC ,
purT_amplfwd_004,sequencing_primer,AATGATACGGCGACCACCGAGATCT ACACTCTTTCCCTACACGACGCTCTTCCGATCT CCAC GTCTTCACCTCGAGCTCAC,
purT_amplfwd_005,sequencing_primer,AATGATACGGCGACCACCGAGATCT ACACTCTTTCCCTACACGACGCTCTTCCGATCT TTAC GTCTTCACCTCGAGCTCAC ,
purT_amplfwd_006,sequencing_primer,AATGATACGGCGACCACCGAGATCT ACACTCTTTCCCTACACGACGCTCTTCCGATCT AGAC GTCTTCACCTCGAGCTCAC ,
purT_amplrev_001,sequencing_primer,AAGCAGAAGACGGCATACGAGATCGGT CTCGGCATTCCTGCT GAACCGCTCTTCCGATCT CAAA AACGTCATAACGAATATCCCCT,
purT_amplrev_002,sequencing_primer,AAGCAGAAGACGGCATACGAGATCGGT CTCGGCATTCCTGCT GAACCGCTCTTCCGATCT CACC AACGTCATAACGAATATCCCCT,
purT_amplrev_003,sequencing_primer,AAGCAGAAGACGGCATACGAGATCGGT CTCGGCATTCCTGCT GAACCGCTCTTCCGATCT GAAC AACGTCATAACGAATATCCCCT,
purT_amplrev_004,sequencing_primer,AAGCAGAAGACGGCATACGAGATCGGT CTCGGCATTCCTGCT GAACCGCTCTTCCGATCT CCAC AACGTCATAACGAATATCCCCT,
purT_amplrev_005,sequencing_primer,AAGCAGAAGACGGCATACGAGATCGGT CTCGGCATTCCTGCT GAACCGCTCTTCCGATCT TTAC AACGTCATAACGAATATCCCCT,
xylE_amplfwd_001,sequencing_primer,AATGATACGGCGACCACCGAGATCT ACACTCTTTCCCTACACGACGCTCTTCCGATCT CAAA TCTTTCGTGCTCTGAGTCA,
xylE_amplfwd_002,sequencing_primer,AATGATACGGCGACCACCGAGATCT ACACTCTTTCCCTACACGACGCTCTTCCGATCT CACC TCTTTCGTGCTCTGAGTCA,
xylE_amplfwd_003,sequencing_primer,AATGATACGGCGACCACCGAGATCT ACACTCTTTCCCTACACGACGCTCTTCCGATCT GAAC TCTTTCGTGCTCTGAGTCA ,
xylE_amplfwd_004,sequencing_primer,AATGATACGGCGACCACCGAGATCT ACACTCTTTCCCTACACGACGCTCTTCCGATCT CCAC TCTTTCGTGCTCTGAGTCA,
xylE_amplfwd_005,sequencing_primer,AATGATACGGCGACCACCGAGATCT ACACTCTTTCCCTACACGACGCTCTTCCGATCT TTAC TCTTTCGTGCTCTGAGTCA ,
xylE_amplfwd_006,sequencing_primer,AATGATACGGCGACCACCGAGATCT ACACTCTTTCCCTACACGACGCTCTTCCGATCT AGAC TCTTTCGTGCTCTGAGTCA ,
xylE_amplrev_001,sequencing_primer,AAGCAGAAGACGGCATACGAGATCGGT CTCGGCATTCCTGCT GAACCGCTCTTCCGATCT CAAA GTATTCATTCAGACCTGCCTTA ,
xylE_amplrev_002,sequencing_primer,AAGCAGAAGACGGCATACGAGATCGGT CTCGGCATTCCTGCT GAACCGCTCTTCCGATCT CACC GTATTCATTCAGACCTGCCTTA ,
xylE_amplrev_003,sequencing_primer,AAGCAGAAGACGGCATACGAGATCGGT CTCGGCATTCCTGCT GAACCGCTCTTCCGATCT GAAC GTATTCATTCAGACCTGCCTTA ,
xylE_amplrev_004,sequencing_primer,AAGCAGAAGACGGCATACGAGATCGGT CTCGGCATTCCTGCT GAACCGCTCTTCCGATCT CCAC GTATTCATTCAGACCTGCCTTA ,
xylE_amplrev_005,sequencing_primer,AAGCAGAAGACGGCATACGAGATCGGT CTCGGCATTCCTGCT GAACCGCTCTTCCGATCT TTAC GTATTCATTCAGACCTGCCTTA ,
dgoR_amplfwd_001,sequencing_primer,AATGATACGGCGACCACCGAGATCT ACACTCTTTCCCTACACGACGCTCTTCCGATCT CAAA GCCCGACGCATGTCATTT,
dgoR_amplfwd_002,sequencing_primer,AATGATACGGCGACCACCGAGATCT ACACTCTTTCCCTACACGACGCTCTTCCGATCT CACC GCCCGACGCATGTCATTT,
dgoR_amplfwd_003,sequencing_primer,AATGATACGGCGACCACCGAGATCT ACACTCTTTCCCTACACG ACGCTCTTCCGATCT GAAC GCCCGACGCATGTCATTT ,
dgoR_amplfwd_004,sequencing_primer,AATGATACGGCGACCACCGAGATCT ACACTCTTTCCCTACACG ACGCTCTTCCGATCT CCAC GCCCGACGCATGTCATTT ,
dgoR_amplfwd_005,sequencing_primer,AATGATACGGCGACCACCGAGATCT ACACTCTTTCCCTACACG ACGCTCTTCCGATCT TTAC GCCCGACGCATGTCATTT ,
dgoR_amplfwd_006,sequencing_primer,AATGATACGGCGACCACCGAGATCT ACACTCTTTCCCTACACG ACGCTCTTCCGATCT AGAC GCCCGACGCATGTCATTT ,
dgoR_amplrev_001,sequencing_primer,AAGCAGAAGACGGCATACGAGATCGGT CTCGGCATTCCTGCT GAACCGCTCTTCCGATCT CAAA AGTCATGGAGAGTCCTTGTG,
dgoR_amplrev_002,sequencing_primer,AAGCAGAAGACGGCATACGAGATCGGT CTCGGCATTCCTGCT GAACCGCTCTTCCGATCT CACC AGTCATGGAGAGTCCTTGTG,
dgoR_amplrev_003,sequencing_primer,AAGCAGAAGACGGCATACGAGATCGGT CTCGGCATTCCTGCT GAACCGCTCTTCCGATCT GAAC AGTCATGGAGAGTCCTTGTG ,
dgoR_amplrev_004,sequencing_primer,AAGCAGAAGACGGCATACGAGATCGGT CTCGGCATTCCTGCT GAACCGCTCTTCCGATCT CCAC AGTCATGGAGAGTCCTTGTG ,
dgoR_amplrev_005,sequencing_primer,AAGCAGAAGACGGCATACGAGATCGGT CTCGGCATTCCTGCT GAACCGCTCTTCCGATCT TTAC AGTCATGGAGAGTCCTTGTG ,
yebG_extract_amplfwd_STEP1,sequencing_primer,AACGTCATAACGAATATCCCCT,Used to amplify the entire mut1 and mut2 of yebG + the start of the GFP
yebG_extract_amplrev_STEP1,sequencing_primer,AATTGGGACAACTCCAGTGA,Used to amplify the entire mut1 and mut2 of yebG + the start of the GFP
yebG_amplfwd_mut1_001,sequencing_primer,AATGATACGGCGACCACCGAGATCT ACACTCTTTCCCTACACGACGCTCTTCCGATCT CAAA AACGTCATAACGAATATCCCCT,amplified from 'STEP1'
yebG_amplfwd_mut1_002,sequencing_primer,AATGATACGGCGACCACCGAGATCT ACACTCTTTCCCTACACGACGCTCTTCCGATCT CACC AACGTCATAACGAATATCCCCT,amplified from 'STEP1'
yebG_amplrev_mut1_001,sequencing_primer,AAGCAGAAGACGGCATACGAGATCGGT CTCGGCATTCCTGCT GAACCGCTCTTCCGATCT CAAA CAGTATATTTCTTTTCGGTTGAGAAA,amplified from 'STEP1'
yebG_amplrev_mut1_002,sequencing_primer,AAGCAGAAGACGGCATACGAGATCGGT CTCGGCATTCCTGCT GAACCGCTCTTCCGATCT CACC CAGTATATTTCTTTTCGGTTGAGAAA,amplified from 'STEP1'
yebG_amplfwd_mut2_001,sequencing_primer,AATGATACGGCGACCACCGAGATCT ACACTCTTTCCCTACACGACGCTCTTCCGATCT CAAA GAAAACGTTTGCGTGTGTCT,amplified from 'STEP1'
yebG_amplfwd_mut2_002,sequencing_primer,AATGATACGGCGACCACCGAGATCT ACACTCTTTCCCTACACGACGCTCTTCCGATCT CACC GAAAACGTTTGCGTGTGTCT,amplified from 'STEP1'
yebG_amplrev_mut2_001,sequencing_primer,AAGCAGAAGACGGCATACGAGATCGGT CTCGGCATTCCTGCT GAACCGCTCTTCCGATCT CAAA GCCATTTGCAGCCTCTCAT,amplified from 'STEP1'
yebG_amplrev_mut2_002,sequencing_primer,AAGCAGAAGACGGCATACGAGATCGGT CTCGGCATTCCTGCT GAACCGCTCTTCCGATCT CACC GCCATTTGCAGCCTCTCAT,amplified from 'STEP1'
